-- phpMyAdmin SQL Dump
-- version 3.3.9.2
-- http://www.phpmyadmin.net
--
-- Host: localhost
-- Generation Time: Aug 23, 2012 at 01:25 AM
-- Server version: 5.5.9
-- PHP Version: 5.3.6

SET SQL_MODE="NO_AUTO_VALUE_ON_ZERO";

--
-- Database: `weave_dev`
--
CREATE DATABASE `weave_dev` DEFAULT CHARACTER SET utf8 COLLATE utf8_general_ci;
USE `weave_dev`;

-- --------------------------------------------------------

--
-- Table structure for table `auth_group`
--

DROP TABLE IF EXISTS `auth_group`;
CREATE TABLE `auth_group` (
  `id` int(11) NOT NULL AUTO_INCREMENT,
  `name` varchar(80) NOT NULL,
  PRIMARY KEY (`id`),
  UNIQUE KEY `name` (`name`)
) ENGINE=InnoDB DEFAULT CHARSET=utf8 AUTO_INCREMENT=1 ;

--
-- Dumping data for table `auth_group`
--


-- --------------------------------------------------------

--
-- Table structure for table `auth_group_permissions`
--

DROP TABLE IF EXISTS `auth_group_permissions`;
CREATE TABLE `auth_group_permissions` (
  `id` int(11) NOT NULL AUTO_INCREMENT,
  `group_id` int(11) NOT NULL,
  `permission_id` int(11) NOT NULL,
  PRIMARY KEY (`id`),
  UNIQUE KEY `group_id` (`group_id`,`permission_id`),
  KEY `auth_group_permissions_425ae3c4` (`group_id`),
  KEY `auth_group_permissions_1e014c8f` (`permission_id`)
) ENGINE=InnoDB DEFAULT CHARSET=utf8 AUTO_INCREMENT=1 ;

--
-- Dumping data for table `auth_group_permissions`
--


-- --------------------------------------------------------

--
-- Table structure for table `auth_message`
--

DROP TABLE IF EXISTS `auth_message`;
CREATE TABLE `auth_message` (
  `id` int(11) NOT NULL AUTO_INCREMENT,
  `user_id` int(11) NOT NULL,
  `message` longtext NOT NULL,
  PRIMARY KEY (`id`),
  KEY `auth_message_403f60f` (`user_id`)
) ENGINE=InnoDB DEFAULT CHARSET=utf8 AUTO_INCREMENT=1 ;

--
-- Dumping data for table `auth_message`
--


-- --------------------------------------------------------

--
-- Table structure for table `auth_permission`
--

DROP TABLE IF EXISTS `auth_permission`;
CREATE TABLE `auth_permission` (
  `id` int(11) NOT NULL AUTO_INCREMENT,
  `name` varchar(50) NOT NULL,
  `content_type_id` int(11) NOT NULL,
  `codename` varchar(100) NOT NULL,
  PRIMARY KEY (`id`),
  UNIQUE KEY `content_type_id` (`content_type_id`,`codename`),
  KEY `auth_permission_1bb8f392` (`content_type_id`)
) ENGINE=InnoDB  DEFAULT CHARSET=utf8 AUTO_INCREMENT=148 ;

--
-- Dumping data for table `auth_permission`
--

INSERT INTO `auth_permission` VALUES(1, 'Can add permission', 1, 'add_permission');
INSERT INTO `auth_permission` VALUES(2, 'Can change permission', 1, 'change_permission');
INSERT INTO `auth_permission` VALUES(3, 'Can delete permission', 1, 'delete_permission');
INSERT INTO `auth_permission` VALUES(4, 'Can add group', 2, 'add_group');
INSERT INTO `auth_permission` VALUES(5, 'Can change group', 2, 'change_group');
INSERT INTO `auth_permission` VALUES(6, 'Can delete group', 2, 'delete_group');
INSERT INTO `auth_permission` VALUES(7, 'Can add user', 3, 'add_user');
INSERT INTO `auth_permission` VALUES(8, 'Can change user', 3, 'change_user');
INSERT INTO `auth_permission` VALUES(9, 'Can delete user', 3, 'delete_user');
INSERT INTO `auth_permission` VALUES(13, 'Can add content type', 5, 'add_contenttype');
INSERT INTO `auth_permission` VALUES(14, 'Can change content type', 5, 'change_contenttype');
INSERT INTO `auth_permission` VALUES(15, 'Can delete content type', 5, 'delete_contenttype');
INSERT INTO `auth_permission` VALUES(16, 'Can add session', 6, 'add_session');
INSERT INTO `auth_permission` VALUES(17, 'Can change session', 6, 'change_session');
INSERT INTO `auth_permission` VALUES(18, 'Can delete session', 6, 'delete_session');
INSERT INTO `auth_permission` VALUES(19, 'Can add site', 7, 'add_site');
INSERT INTO `auth_permission` VALUES(20, 'Can change site', 7, 'change_site');
INSERT INTO `auth_permission` VALUES(21, 'Can delete site', 7, 'delete_site');
INSERT INTO `auth_permission` VALUES(22, 'Can add log entry', 8, 'add_logentry');
INSERT INTO `auth_permission` VALUES(23, 'Can change log entry', 8, 'change_logentry');
INSERT INTO `auth_permission` VALUES(24, 'Can delete log entry', 8, 'delete_logentry');
INSERT INTO `auth_permission` VALUES(25, 'Can add migration history', 9, 'add_migrationhistory');
INSERT INTO `auth_permission` VALUES(26, 'Can change migration history', 9, 'change_migrationhistory');
INSERT INTO `auth_permission` VALUES(27, 'Can delete migration history', 9, 'delete_migrationhistory');
INSERT INTO `auth_permission` VALUES(43, 'Can add photo', 15, 'add_photo');
INSERT INTO `auth_permission` VALUES(44, 'Can change photo', 15, 'change_photo');
INSERT INTO `auth_permission` VALUES(45, 'Can delete photo', 15, 'delete_photo');
INSERT INTO `auth_permission` VALUES(61, 'Can add task meta', 21, 'add_taskmeta');
INSERT INTO `auth_permission` VALUES(62, 'Can change task meta', 21, 'change_taskmeta');
INSERT INTO `auth_permission` VALUES(63, 'Can delete task meta', 21, 'delete_taskmeta');
INSERT INTO `auth_permission` VALUES(64, 'Can add taskset meta', 22, 'add_tasksetmeta');
INSERT INTO `auth_permission` VALUES(65, 'Can change taskset meta', 22, 'change_tasksetmeta');
INSERT INTO `auth_permission` VALUES(66, 'Can delete taskset meta', 22, 'delete_tasksetmeta');
INSERT INTO `auth_permission` VALUES(67, 'Can add interval', 23, 'add_intervalschedule');
INSERT INTO `auth_permission` VALUES(68, 'Can change interval', 23, 'change_intervalschedule');
INSERT INTO `auth_permission` VALUES(69, 'Can delete interval', 23, 'delete_intervalschedule');
INSERT INTO `auth_permission` VALUES(70, 'Can add crontab', 24, 'add_crontabschedule');
INSERT INTO `auth_permission` VALUES(71, 'Can change crontab', 24, 'change_crontabschedule');
INSERT INTO `auth_permission` VALUES(72, 'Can delete crontab', 24, 'delete_crontabschedule');
INSERT INTO `auth_permission` VALUES(73, 'Can add periodic tasks', 25, 'add_periodictasks');
INSERT INTO `auth_permission` VALUES(74, 'Can change periodic tasks', 25, 'change_periodictasks');
INSERT INTO `auth_permission` VALUES(75, 'Can delete periodic tasks', 25, 'delete_periodictasks');
INSERT INTO `auth_permission` VALUES(76, 'Can add periodic task', 26, 'add_periodictask');
INSERT INTO `auth_permission` VALUES(77, 'Can change periodic task', 26, 'change_periodictask');
INSERT INTO `auth_permission` VALUES(78, 'Can delete periodic task', 26, 'delete_periodictask');
INSERT INTO `auth_permission` VALUES(79, 'Can add worker', 27, 'add_workerstate');
INSERT INTO `auth_permission` VALUES(80, 'Can change worker', 27, 'change_workerstate');
INSERT INTO `auth_permission` VALUES(81, 'Can delete worker', 27, 'delete_workerstate');
INSERT INTO `auth_permission` VALUES(82, 'Can add task', 28, 'add_taskstate');
INSERT INTO `auth_permission` VALUES(83, 'Can change task', 28, 'change_taskstate');
INSERT INTO `auth_permission` VALUES(84, 'Can delete task', 28, 'delete_taskstate');
INSERT INTO `auth_permission` VALUES(94, 'Can add invite request', 32, 'add_inviterequest');
INSERT INTO `auth_permission` VALUES(95, 'Can change invite request', 32, 'change_inviterequest');
INSERT INTO `auth_permission` VALUES(96, 'Can delete invite request', 32, 'delete_inviterequest');
INSERT INTO `auth_permission` VALUES(100, 'Can add api access', 34, 'add_apiaccess');
INSERT INTO `auth_permission` VALUES(101, 'Can change api access', 34, 'change_apiaccess');
INSERT INTO `auth_permission` VALUES(102, 'Can delete api access', 34, 'delete_apiaccess');
INSERT INTO `auth_permission` VALUES(103, 'Can add api key', 35, 'add_apikey');
INSERT INTO `auth_permission` VALUES(104, 'Can change api key', 35, 'change_apikey');
INSERT INTO `auth_permission` VALUES(105, 'Can delete api key', 35, 'delete_apikey');
INSERT INTO `auth_permission` VALUES(106, 'Can add comment', 36, 'add_comment');
INSERT INTO `auth_permission` VALUES(107, 'Can change comment', 36, 'change_comment');
INSERT INTO `auth_permission` VALUES(108, 'Can delete comment', 36, 'delete_comment');
INSERT INTO `auth_permission` VALUES(109, 'Can add moment', 37, 'add_moment');
INSERT INTO `auth_permission` VALUES(110, 'Can change moment', 37, 'change_moment');
INSERT INTO `auth_permission` VALUES(111, 'Can delete moment', 37, 'delete_moment');
INSERT INTO `auth_permission` VALUES(112, 'Can add album', 38, 'add_album');
INSERT INTO `auth_permission` VALUES(113, 'Can change album', 38, 'change_album');
INSERT INTO `auth_permission` VALUES(114, 'Can delete album', 38, 'delete_album');
INSERT INTO `auth_permission` VALUES(115, 'Can add love', 39, 'add_love');
INSERT INTO `auth_permission` VALUES(116, 'Can change love', 39, 'change_love');
INSERT INTO `auth_permission` VALUES(117, 'Can delete love', 39, 'delete_love');
INSERT INTO `auth_permission` VALUES(118, 'Can add look', 40, 'add_look');
INSERT INTO `auth_permission` VALUES(119, 'Can change look', 40, 'change_look');
INSERT INTO `auth_permission` VALUES(120, 'Can delete look', 40, 'delete_look');
INSERT INTO `auth_permission` VALUES(121, 'Can add thread', 41, 'add_thread');
INSERT INTO `auth_permission` VALUES(122, 'Can change thread', 41, 'change_thread');
INSERT INTO `auth_permission` VALUES(123, 'Can delete thread', 41, 'delete_thread');
INSERT INTO `auth_permission` VALUES(124, 'Can add message', 42, 'add_message');
INSERT INTO `auth_permission` VALUES(125, 'Can change message', 42, 'change_message');
INSERT INTO `auth_permission` VALUES(126, 'Can delete message', 42, 'delete_message');
INSERT INTO `auth_permission` VALUES(127, 'Can add activity', 43, 'add_activity');
INSERT INTO `auth_permission` VALUES(128, 'Can change activity', 43, 'change_activity');
INSERT INTO `auth_permission` VALUES(129, 'Can delete activity', 43, 'delete_activity');
INSERT INTO `auth_permission` VALUES(130, 'Can add important metric', 44, 'add_importantmetric');
INSERT INTO `auth_permission` VALUES(131, 'Can change important metric', 44, 'change_importantmetric');
INSERT INTO `auth_permission` VALUES(132, 'Can delete important metric', 44, 'delete_importantmetric');
INSERT INTO `auth_permission` VALUES(133, 'Can add tag', 45, 'add_tag');
INSERT INTO `auth_permission` VALUES(134, 'Can change tag', 45, 'change_tag');
INSERT INTO `auth_permission` VALUES(135, 'Can delete tag', 45, 'delete_tag');
INSERT INTO `auth_permission` VALUES(136, 'Can add subscription', 46, 'add_subscription');
INSERT INTO `auth_permission` VALUES(137, 'Can change subscription', 46, 'change_subscription');
INSERT INTO `auth_permission` VALUES(138, 'Can delete subscription', 46, 'delete_subscription');
INSERT INTO `auth_permission` VALUES(139, 'Can add life stream', 47, 'add_lifestream');
INSERT INTO `auth_permission` VALUES(140, 'Can change life stream', 47, 'change_lifestream');
INSERT INTO `auth_permission` VALUES(141, 'Can delete life stream', 47, 'delete_lifestream');
INSERT INTO `auth_permission` VALUES(142, 'Can add text prompt', 48, 'add_textprompt');
INSERT INTO `auth_permission` VALUES(143, 'Can change text prompt', 48, 'change_textprompt');
INSERT INTO `auth_permission` VALUES(144, 'Can delete text prompt', 48, 'delete_textprompt');
INSERT INTO `auth_permission` VALUES(145, 'Can add email prompt', 49, 'add_emailprompt');
INSERT INTO `auth_permission` VALUES(146, 'Can change email prompt', 49, 'change_emailprompt');
INSERT INTO `auth_permission` VALUES(147, 'Can delete email prompt', 49, 'delete_emailprompt');

-- --------------------------------------------------------

--
-- Table structure for table `auth_user`
--

DROP TABLE IF EXISTS `auth_user`;
CREATE TABLE `auth_user` (
  `id` int(11) NOT NULL AUTO_INCREMENT,
  `username` varchar(30) NOT NULL,
  `first_name` varchar(30) NOT NULL,
  `last_name` varchar(30) NOT NULL,
  `email` varchar(75) NOT NULL,
  `password` varchar(128) NOT NULL,
  `is_staff` tinyint(1) NOT NULL,
  `is_active` tinyint(1) NOT NULL,
  `is_superuser` tinyint(1) NOT NULL,
  `last_login` datetime NOT NULL,
  `date_joined` datetime NOT NULL,
  PRIMARY KEY (`id`),
  UNIQUE KEY `username` (`username`)
) ENGINE=InnoDB  DEFAULT CHARSET=utf8 AUTO_INCREMENT=213 ;

--
-- Dumping data for table `auth_user`
--

INSERT INTO `auth_user` VALUES(20, 'ajaymehta', 'Ajay', 'Mehta', 'ajayumehta@gmail.com', 'pbkdf2_sha256$10000$z38VjDC0a9a5$pX5rPTwCFxTKTxk21SuIxcQ0E2xxiA1O/6dEoUsNdTg=', 0, 1, 0, '2012-08-16 23:33:36', '2012-02-22 14:25:57');
INSERT INTO `auth_user` VALUES(22, 'wesleyzhao', 'Wesley', 'Zhao', 'wesley.zhao@gmail.com', 'pbkdf2_sha256$10000$4T95cdFf4N4F$X/E4tBACjdw10Vr66YqPyYu9YktduDXenR0rDJStBb0=', 0, 1, 0, '2012-08-07 14:29:45', '2012-02-22 14:32:00');
INSERT INTO `auth_user` VALUES(23, 'sonalikothari', 'Sonali', 'Kothari', '', 'sha1$07220$71361ddf0692fab9859f6e134d290f1b2f200bbf', 0, 1, 0, '2012-02-22 14:32:36', '2012-02-22 14:32:36');
INSERT INTO `auth_user` VALUES(25, 'newperson', 'New', 'Person', '', 'sha1$a7f5b$054d1524a671b2e45caf69e9b39f763190f37015', 0, 1, 0, '2012-02-22 14:37:57', '2012-02-22 14:37:57');
INSERT INTO `auth_user` VALUES(44, 'testlyzhao', 'Testly', 'Zhao', 'we.sley.zh.ao@gmail.com', 'sha1$2ba6f$86d2115265c0aaef27d33bd009670b1c25db7e9a', 0, 1, 0, '2012-03-12 04:41:14', '2012-02-23 16:16:23');
INSERT INTO `auth_user` VALUES(46, 'metoo', 'Me', 'Too', '', 'sha1$d906e$83fd755ed7d2d6f6dccd8b30d772bb1c8de34658', 0, 1, 0, '2012-02-24 01:33:06', '2012-02-24 01:33:06');
INSERT INTO `auth_user` VALUES(47, 'ajay_mehta', 'Ajay2', 'Mehta', 'ajay.mehta@nyu.edu', 'pbkdf2_sha256$10000$uiTj9OmG7NmS$7ijkh9332+GqnCteHOukn7E0Jn2Qdul5LlGNzQqzZXA=', 0, 1, 0, '2012-07-28 17:39:23', '2012-02-24 09:14:36');
INSERT INTO `auth_user` VALUES(48, 'westest', 'Wes', 'Test', 'we.sleyzhao@gmail.com', 'sha1$d0e3a$21d64473b45277e78d9b91ab5240e4054bd52222', 0, 1, 0, '2012-02-24 12:09:50', '2012-02-24 12:09:25');
INSERT INTO `auth_user` VALUES(57, 'testagainzhao', 'Test Again', 'Zhao', 'we.sley.zh.a.o@gmail.com', 'sha1$6c5c5$12494725495960bbbd5f88acefc3fafedd559988', 0, 1, 0, '2012-02-26 14:29:59', '2012-02-26 14:28:35');
INSERT INTO `auth_user` VALUES(58, 'wesley', 'Wesley', '', 'aja.yumeh.ta@gmail.com', 'sha1$3f945$ba170f77b16004ea432535f941c8c1aff76c6790', 0, 1, 0, '2012-02-26 17:15:06', '2012-02-26 17:14:50');
INSERT INTO `auth_user` VALUES(59, 'ajayx', 'Ajay', 'X', 'ajay@example.com', 'sha1$84005$ccfcb3545874782f38e56c6c35a986026e3c5dbe', 0, 1, 0, '2012-02-26 20:14:55', '2012-02-26 20:14:55');
INSERT INTO `auth_user` VALUES(62, 'lukeskywalker', 'Luke', 'Skywalker', 'luke@example.com', 'sha1$bafc1$65ac336827b757bda6fb473e95c383ff003cb2f5', 0, 1, 0, '2012-02-26 22:58:30', '2012-02-26 22:58:30');
INSERT INTO `auth_user` VALUES(63, 'wesanderson', 'Wes', 'Anderson', 'wes@example.com', 'sha1$5d13a$9b6b68a608c887a642ae8e656c1fbec5aa5f56d3', 0, 1, 0, '2012-02-26 23:00:12', '2012-02-26 23:00:12');
INSERT INTO `auth_user` VALUES(66, 'juliancasablancas', 'Julian', 'Casablancas', 'julian@example.com', 'sha1$5bd01$554dfeae550bf086f3e9eac439912ae61af528c0', 0, 1, 0, '2012-02-26 23:05:18', '2012-02-26 23:05:18');
INSERT INTO `auth_user` VALUES(67, 'brocklandry', 'Brock', 'Pandry', 'ajay.u.m.ehta@gmail.com', 'sha1$9b764$457703c4d179e110c4b4a479c6bfea297ed58839', 0, 1, 0, '2012-02-26 23:18:11', '2012-02-26 23:18:06');
INSERT INTO `auth_user` VALUES(68, 'dirkdiggler', 'Dirk', 'Diggler', 'dirk@example.com', 'sha1$4eb32$7f52ca2966a8cd1b32b0d88a5cfce29f0acb4f8c', 0, 1, 0, '2012-02-27 00:27:49', '2012-02-27 00:27:49');
INSERT INTO `auth_user` VALUES(71, 'ajaygehta', 'Ajay', 'Gehta', 'a.jay.umehta@gmail.com', 'sha1$36bdd$1fe3749b4c94644c39d7568d8f31e7a7c7cf994d', 0, 1, 0, '2012-02-29 02:07:47', '2012-02-29 01:55:41');
INSERT INTO `auth_user` VALUES(72, 'ajaymehta1', 'Ajay', 'Mehta', 'ajay@useroster.com', 'sha1$93812$0d518640488acb716c5020e7ac51c1dd7add9e4b', 0, 1, 0, '2012-03-12 16:39:03', '2012-03-01 02:16:05');
INSERT INTO `auth_user` VALUES(73, 'wesleyzhao1', 'Wesley', 'Zhao', 'weszhao@wharton.upenn.edu', 'sha1$445dd$d4841fe79c7eb5120dfd8f13c69e1b53876dfcdf', 0, 1, 0, '2012-03-01 03:18:53', '2012-03-01 03:18:53');
INSERT INTO `auth_user` VALUES(74, 'wesley1', 'wesley ', '', 'wesley@useroster.com', 'sha1$b7326$34b68bd6c7913f6a442ce4384d1b4fb0277f8598', 0, 1, 0, '2012-03-01 03:19:24', '2012-03-01 03:19:24');
INSERT INTO `auth_user` VALUES(75, 'wesleyzhao12', 'Wesley', 'Zhao', 'wesl.ey.z.h.a.o@gmail.com', 'sha1$c4cc0$dd9f1beacf09f39cdc75addd6a01e353e0799815', 0, 1, 0, '2012-03-01 15:05:20', '2012-03-01 15:05:20');
INSERT INTO `auth_user` VALUES(76, 'mescottmcleod', 'mescottmcleod ', '', 'mescott.m.c.leod@gmail.com', 'sha1$46615$47f6d05226d7cb63b4129beb4555e8420ed30a0c', 0, 1, 0, '2012-03-01 15:08:53', '2012-03-01 15:08:53');
INSERT INTO `auth_user` VALUES(77, 'scottmcleod', 'Scott', 'McLeod', 'me.s.c.o.t.t.m.c.leod@gmail.com', 'sha1$a0b4f$360d39a98bc3fe12b61d2ad740d88f45a7566586', 0, 1, 0, '2012-03-01 15:26:22', '2012-03-01 15:26:22');
INSERT INTO `auth_user` VALUES(78, 'test', 'Test', '', 'meep@gmail.com', 'sha1$60bd7$2809fd4f0740684277a8b6d7eb62ccc5b70dcbab', 0, 1, 0, '2012-03-01 20:55:38', '2012-03-01 20:55:38');
INSERT INTO `auth_user` VALUES(84, 'wesleyzhao123', 'Wesley', 'Zhao', 'w.e.s.l.e.y.z.hao@gmail.com', 'sha1$51570$331af682c628544d05d0c7f2794b37287843f291', 0, 1, 0, '2012-03-03 02:10:18', '2012-03-03 02:10:18');
INSERT INTO `auth_user` VALUES(85, 'testperson', 'Test', 'Person', 'lul@gmail.com', 'sha1$6d60c$f028474500102c76b94fe5f134bb89ba1a2618ca', 0, 1, 0, '2012-03-05 12:27:50', '2012-03-05 12:27:50');
INSERT INTO `auth_user` VALUES(86, 'testman', 'test', 'man', '', 'sha1$0fa25$e0fa4ea9b250b57bb8468d48400ff9b735fb3b8f', 0, 1, 0, '2012-03-05 12:34:44', '2012-03-05 12:34:44');
INSERT INTO `auth_user` VALUES(87, 'dship', 'D', 'ship', '', 'sha1$e5127$67206c03f0b3685f5ac401cb94998371a7f3962b', 0, 1, 0, '2012-03-05 12:37:33', '2012-03-05 12:37:33');
INSERT INTO `auth_user` VALUES(90, 'weeeeeeeezeeee', 'Wesley', 'Zhao', 'w.e.s.l.e.y.zhao@gmail.com', 'sha1$11cbf$542e53a250a859d264c00c8967ca1ab937204dea', 0, 1, 0, '2012-03-06 17:46:11', '2012-03-05 12:54:30');
INSERT INTO `auth_user` VALUES(91, 'ajmeth', 'AJ', 'Meth', 'aj.ay.u.mehta@gmail.com', 'sha1$06363$5da6b67b6aef938dfa3e142e212588ec299e2624', 0, 1, 0, '2012-03-06 13:06:48', '2012-03-05 16:23:26');
INSERT INTO `auth_user` VALUES(92, 'wesleytest', 'Wesley', 'Test', 'we.sleyz.ha.o@gmail.com', 'sha1$c852a$0fb0176342a9fa74316ac56bd586d5f14f3b284d', 0, 1, 0, '2012-03-05 16:50:59', '2012-03-05 16:50:59');
INSERT INTO `auth_user` VALUES(94, 'danbipper', 'Dan', 'Bipper', '', 'sha1$f2c35$2e4e5afc6e5d03d262c2955f7cf7a2b531b6b41a', 0, 1, 0, '2012-03-05 22:19:42', '2012-03-05 22:19:42');
INSERT INTO `auth_user` VALUES(95, 'dbipper', 'D', 'Bipper', '', 'sha1$f75be$629c565d5cdaaf8cb7220d5658d9d3ac7950f937', 0, 1, 0, '2012-03-05 22:21:30', '2012-03-05 22:21:30');
INSERT INTO `auth_user` VALUES(96, 'dbipper1', 'D', 'Bipper', '', 'sha1$16dcc$159e2f9f382ac5b8919582085904edfbd4a8950c', 0, 1, 0, '2012-03-05 22:23:32', '2012-03-05 22:23:32');
INSERT INTO `auth_user` VALUES(99, 'danblipper', 'Dan', 'Blipper', 'd.sh.ipp.er@gmail.com', 'sha1$f2e1a$43d25c7cb66ed8dd98ba771afe0efd85f3d97dc2', 0, 1, 0, '2012-03-06 02:13:56', '2012-03-06 02:11:06');
INSERT INTO `auth_user` VALUES(100, 'ajaymehtfag', 'Ajay', 'Mehtfag', 'ajay.u.meh.t.a@gmail.com', 'sha1$a013b$ffdaae6a60488eff422117447f42dac3b6e8e4d6', 0, 1, 0, '2012-03-06 02:14:58', '2012-03-06 02:14:58');
INSERT INTO `auth_user` VALUES(112, 'qasdasd', 'qasdasd', '', '', 'sha1$6aeee$aa3923984c3d1a8e5c485bb9608448b2b5ff43a9', 0, 1, 0, '2012-03-08 02:17:36', '2012-03-08 02:17:36');
INSERT INTO `auth_user` VALUES(113, 'meowthhq', 'Meowth', 'HQ', 'ajay.umeht.a@gmail.com', 'sha1$e2774$5342673700e0b223ae4e79f4d30dc588868c6e04', 0, 1, 0, '2012-03-09 12:49:24', '2012-03-09 12:49:03');
INSERT INTO `auth_user` VALUES(114, 'testperson1', 'Test', 'Person', 'someperson@example.com', 'sha1$75c7b$5dcc820c53e12369776285e520141df2001c3a79', 0, 1, 0, '2012-03-09 16:56:05', '2012-03-09 16:56:05');
INSERT INTO `auth_user` VALUES(115, 'someotherperson', 'Some Other', 'Person', 'here@example.com', 'sha1$dda5e$110378319e2d14bfa65d3f4427eadf4bdc3a8c42', 0, 1, 0, '2012-03-09 16:58:27', '2012-03-09 16:58:27');
INSERT INTO `auth_user` VALUES(116, 'anothermpqtest', 'Another MPQ', 'Test', 'mpq@example.com', 'sha1$f4b96$9f8cad83a871ba18bf949db07faf3c2a0b7eb1d5', 0, 1, 0, '2012-03-09 16:59:14', '2012-03-09 16:59:14');
INSERT INTO `auth_user` VALUES(117, 'anothermpqtest1', 'Another MPQ', 'test', 'mpwadfs@example.com', 'sha1$ff359$964972edc04f6dc81b8e9a75be3f046cf43ce393', 0, 1, 0, '2012-03-09 16:59:59', '2012-03-09 16:59:59');
INSERT INTO `auth_user` VALUES(118, 'somedewd', 'Some', 'Dewd', 'ajaymehtaSIKE@example.com', 'sha1$f1b12$a03d090fcdba6c747f85d9c56479902912ee6de5', 0, 1, 0, '2012-03-12 03:09:54', '2012-03-12 03:09:54');
INSERT INTO `auth_user` VALUES(121, 'ajaymehta12', 'Ajay', 'Mehta', 'ajay.u.me.hta@gmail.com', 'sha1$aeb52$4a91d6f8f1ac96ba6c5dcbb35bf5627415536b9f', 0, 1, 0, '2012-03-17 13:19:49', '2012-03-17 13:19:49');
INSERT INTO `auth_user` VALUES(122, 'sean', 'Sean', 'Ren', 'shawiz@gmail.com', 'sha1$b59ac$4ad7d9b87a3cf877f4e2040e7e2bf25c695da6df', 1, 1, 1, '2012-04-14 17:05:11', '2012-03-17 16:11:02');
INSERT INTO `auth_user` VALUES(126, 'wesleyjzoo', 'Wesley J', 'Zoo', 'we.sle.yzh.ao@gmail.com', 'sha1$bb133$30f818f35ec84c77de55e6e01a5c7ac7413ac3c9', 0, 1, 0, '2012-04-15 13:49:23', '2012-03-19 15:56:53');
INSERT INTO `auth_user` VALUES(129, 'fleepflop', 'Fleep', 'Flop', 'jane@example.com', 'sha1$50cbc$a67b6250da85ac9f17d0283e3babd32f27a1a2a1', 0, 1, 0, '2012-03-20 02:25:18', '2012-03-20 02:25:18');
INSERT INTO `auth_user` VALUES(130, 'wesleyzhao1234', 'Wesley', 'Zhao', 'we.sley.z.hao@gmail.com', 'sha1$6a388$03156e1712f31869c0ffcdb6f87f4312a4e1a139', 0, 1, 0, '2012-03-20 02:26:26', '2012-03-20 02:26:26');
INSERT INTO `auth_user` VALUES(131, 'ajay', 'Ajay', '', 'ajayvideogamer@gmail.com', 'sha1$14eb2$060fc3e2548cc1503d37b82b7c0b8159ab74dccd', 0, 1, 0, '2012-03-20 13:08:34', '2012-03-20 13:08:34');
INSERT INTO `auth_user` VALUES(133, 'wesleyzhao12345', 'Wesley', 'Zhao', 'orpheusofpatrix2@gmail.com', 'sha1$b69e0$696e222aae0af1e27f8f3fa0beb53c46899b05bc', 0, 1, 0, '2012-03-20 13:09:22', '2012-03-20 13:09:22');
INSERT INTO `auth_user` VALUES(135, 'jakemilla', 'Jake', 'Milla', 'infoatdampflame@gmail.com', 'sha1$f5a72$6bb7559eee597af80258815c1f79aa5718fb2045', 0, 1, 0, '2012-03-21 05:55:46', '2012-03-21 05:55:46');
INSERT INTO `auth_user` VALUES(136, 'gauravsharma', 'Gaurav', 'Sharma', 'gaurav.qwe@gmail.com', 'sha1$56bfc$d17ee2f09f4d53a6179232b010c69050107e76bf', 0, 1, 0, '2012-03-21 08:51:10', '2012-03-21 08:51:10');
INSERT INTO `auth_user` VALUES(137, 'jakemiller', 'Jake', 'Miller', 'jakemiller2009@yahoo.com', 'sha1$d4677$a4090a9562d66cdf74de643d701449de6bb5d333', 0, 1, 0, '2012-03-23 03:43:15', '2012-03-21 14:53:28');
INSERT INTO `auth_user` VALUES(138, 'ajaymehtboob', 'Ajay', 'Mehtboob', 'a.jayumeh.ta@gmail.com', 'sha1$f4d43$d3af514f29c812087f74809efa669a331c1742be', 0, 1, 0, '2012-03-26 02:09:55', '2012-03-26 02:09:39');
INSERT INTO `auth_user` VALUES(139, 'wee_oo', 'Wee', 'Poo', 'we.sle.y.zh.ao@gmail.com', 'sha1$6f1ad$be7d57a91387065ca90cfd0b81ee3363974c027c', 0, 1, 0, '2012-03-26 03:20:05', '2012-03-26 03:20:05');
INSERT INTO `auth_user` VALUES(140, 'jakemiller1', 'Jake', 'Miller', 'jacobmilla@me.com', 'sha1$4d77a$13aed19f548f86819560164c8cf775c83f04d599', 0, 1, 0, '2012-04-01 17:28:46', '2012-03-30 18:26:18');
INSERT INTO `auth_user` VALUES(141, 'somethinglast', 'Something', 'Last', 'test@example.com', 'sha1$ac1a0$928a29596cc02da54070edb70bcdd1f0eb23297b', 0, 1, 0, '2012-04-05 16:31:49', '2012-04-05 16:31:49');
INSERT INTO `auth_user` VALUES(142, 'somethinglast2', 'Something', 'Last', 'test2@example.com', 'sha1$a38ef$38687e60f384be4340c94fb6a17eb7ae485fc59b', 0, 1, 0, '2012-04-05 16:32:15', '2012-04-05 16:32:15');
INSERT INTO `auth_user` VALUES(143, 'poopme', 'Poop', 'Me', 'poop@test.com', 'sha1$0dfbd$41c4524fc2a147ba754a11ce9c308888f38f8195', 0, 1, 0, '2012-04-05 23:54:49', '2012-04-05 23:54:49');
INSERT INTO `auth_user` VALUES(145, 'wesleyzhao2', 'Wesley', 'Zhao', 'wes.leyzhao@gmail.com', 'sha1$82bb1$9b2a182d5e6531b8ce0489ca42e7a296c0d402d0', 0, 1, 0, '2012-04-11 02:01:53', '2012-04-11 02:01:53');
INSERT INTO `auth_user` VALUES(148, 'carlapaton', 'Carla', 'Paton', 'test@teaaaaasfst.com', 'pbkdf2_sha256$10000$oZZbhiTO1Afl$+SR//EOIBQ8vPC3+KkijPWxeTueh6ynvN+8Ep4OBsdg=', 0, 1, 0, '2012-04-30 12:32:26', '2012-04-30 12:32:26');
INSERT INTO `auth_user` VALUES(149, '3', 'Craig', 'Paton', 'testest@teaaaaasfst.com', 'pbkdf2_sha256$10000$vRE6htQOmAnO$7n/Y5gmtNH6Au/Z0eBVsc8d7WAdH6CPWMTO+m2bmxig=', 0, 1, 0, '2012-04-30 12:32:41', '2012-04-30 12:32:41');
INSERT INTO `auth_user` VALUES(174, 'wzoo', 'W', 'Zoo', 'bp@bp.com', 'sha1$2caf5$287ef152e92fccb0e8b7d58fb24f3ed045963552', 0, 1, 0, '2012-05-28 19:27:36', '2012-05-28 19:27:36');
INSERT INTO `auth_user` VALUES(191, '', 'Poopy', '', 'a@example.com', 'pbkdf2_sha256$10000$9sZSzMhMelLA$dhUnF6frpwQIaYbkIjGwrpCQHkbrcII1KhHgII+4dNs=', 0, 1, 0, '2012-05-30 22:46:29', '2012-05-30 22:46:29');
INSERT INTO `auth_user` VALUES(192, 'henrybro', 'Henry', 'Bro', '', 'pbkdf2_sha256$10000$Ppr5HGOxYBuN$iper/7b9rrXFVb2Q438h4swxBDUJ6Su4qgQeTwI3IGo=', 0, 1, 0, '2012-05-30 23:10:30', '2012-05-30 23:10:30');
INSERT INTO `auth_user` VALUES(193, '2', 'Henry', 'ZXY', 'abc@abc.com', 'pbkdf2_sha256$10000$oUGKg5997e9h$DvCX+MHGgSaRff4p/hmUQJkU7FfqN57RgGhUmEGZtYk=', 0, 1, 0, '2012-05-30 23:14:11', '2012-05-30 23:14:11');
INSERT INTO `auth_user` VALUES(194, 'henryzhole', 'Henry', 'ABC', '', 'pbkdf2_sha256$10000$Bf3V4IRHunxH$p2JQvZ55t2sgP+zo8iED4XW2jJpJdYhkdHEpt2ReJRo=', 0, 1, 0, '2012-05-30 23:23:21', '2012-05-30 23:23:21');
INSERT INTO `auth_user` VALUES(195, '4', '', '', 'sdfadsf@poop.com', 'pbkdf2_sha256$10000$ltwg6czVrUTb$tCq33+HjKuz79O4DqYTZZMWtVeD1Qn0OFUclbOPUVsk=', 0, 1, 0, '2012-06-04 16:39:33', '2012-06-04 16:39:33');
INSERT INTO `auth_user` VALUES(196, 'singlemember', 'Single', 'Member', 'singe@exmaple.com', 'pbkdf2_sha256$10000$VQv3eha1wRnA$npC1Qjy3yNzEUPMvG0HOFS37CpKdOWBRmomsNc5vyLQ=', 0, 1, 0, '2012-06-05 16:18:14', '2012-06-05 16:18:14');
INSERT INTO `auth_user` VALUES(197, 'singlememberagain', 'Single Member', 'Again', 'seingle@example.com', 'pbkdf2_sha256$10000$xMEe7RQ6zvna$vrb+6YOkW5lcYWbzsdo10orKOSx/4u+SmcR7Tm44xuo=', 0, 1, 0, '2012-06-05 16:29:06', '2012-06-05 16:29:06');
INSERT INTO `auth_user` VALUES(198, '5', '', '', 'henry@example.com', 'pbkdf2_sha256$10000$c7WBCXBr3BNG$ZT3lwyaOFilcjXXvSS13A+hjD/J+jb/wgotvb/vO7zo=', 0, 1, 0, '2012-06-05 16:31:27', '2012-06-05 16:31:27');
INSERT INTO `auth_user` VALUES(199, 'poophead', 'Poop', 'Head', 'poopyhead@example.com', 'pbkdf2_sha256$10000$NF9OYqOzU3MY$Ke+jP8fWWGbYA0WRtCM6czycMSoU16NcTkmvG7oXcpo=', 0, 1, 0, '2012-06-05 16:31:28', '2012-06-05 16:31:28');
INSERT INTO `auth_user` VALUES(200, 'wesleypao', 'Wesley', 'Pao', '', 'pbkdf2_sha256$10000$QDzsfEgqIl8g$E+NJ2vg6MyFEgyhkE5qGBCtXiQpk5c8MffWfjiprVpo=', 0, 1, 0, '2012-06-07 16:42:27', '2012-06-07 16:42:27');
INSERT INTO `auth_user` VALUES(201, 'poopy', 'Poopy', '', '', 'pbkdf2_sha256$10000$JmkGJywFwjtm$RHZYp2AgDdRnEM9n7k/51nl9DBhl7uUYqMiHEUTNacg=', 0, 1, 0, '2012-06-07 16:42:41', '2012-06-07 16:42:41');
INSERT INTO `auth_user` VALUES(202, 'poppyhead', 'Poppy', 'HEad', '', 'pbkdf2_sha256$10000$sODLYDxzmaYL$pUMhPF+1+Ubrm8XgxnIHE0+xocfvs6BEbiGKuUMSK/Y=', 0, 1, 0, '2012-06-07 16:43:14', '2012-06-07 16:43:14');
INSERT INTO `auth_user` VALUES(203, 'henrydickhead', 'Henry', 'Dickhead', '', 'pbkdf2_sha256$10000$EVROROEaidN4$dBIjkWwWvagdHF07xLSCnv2LsH9xfqnEqUhQZW4CX+A=', 0, 1, 0, '2012-06-07 16:53:06', '2012-06-07 16:53:06');
INSERT INTO `auth_user` VALUES(204, 'henydickhead', 'Heny', 'Dickhead', '', 'pbkdf2_sha256$10000$jP47wKyMm23f$UYA1s22Bdpm5jpxOxN6YYR8nZ2Sl3pGbPjRR2ooRouE=', 0, 1, 0, '2012-06-07 16:53:31', '2012-06-07 16:53:31');
INSERT INTO `auth_user` VALUES(205, '6', '', '', 'somejohn@example.com', 'pbkdf2_sha256$10000$EDOzMAgcxg11$s45e5VGmij1ZAQbLJtJ6P89g+iblWeZcXI2+DAlleUM=', 0, 1, 0, '2012-06-07 16:59:03', '2012-06-07 16:59:03');
INSERT INTO `auth_user` VALUES(206, '7', '', '', 'somepoop@example.com', 'pbkdf2_sha256$10000$OHs6BeL11hzh$TH5KBsrXQR/r9C1E160VBqbR/GlvkSSRMdLBIogLuzg=', 0, 1, 0, '2012-06-07 17:00:12', '2012-06-07 17:00:12');
INSERT INTO `auth_user` VALUES(207, '8', 'Poop', '', 'yougot@example.com', 'pbkdf2_sha256$10000$IPmiHsezfNwT$7LKpnc7OZWNmj+vbLG91plHLKG+Ej/PR9C+6607b674=', 0, 1, 0, '2012-06-07 17:00:34', '2012-06-07 17:00:34');
INSERT INTO `auth_user` VALUES(208, '9', 'Marcia', 'Brady', 'poopmonger@example.com', 'pbkdf2_sha256$10000$USvY1WcGzszP$vzGvNqnVxJ8l4lPXWTv0Lz+eJZFb82eJDOjs34zO2C4=', 0, 1, 0, '2012-06-07 17:00:34', '2012-06-07 17:00:34');
INSERT INTO `auth_user` VALUES(209, '10', 'Jan', 'Brady', 'daipers@example.com', 'pbkdf2_sha256$10000$JVou67azenYm$kzd0tPZtLwjOP1ScysX9j8Qn6tjgzfC/vY64Zsply1w=', 0, 1, 0, '2012-06-07 17:01:25', '2012-06-07 17:01:25');
INSERT INTO `auth_user` VALUES(210, 'monjo_', 'Monji', 'Dog', '', 'pbkdf2_sha256$10000$d8dXT345F3Sr$+4OYHyDUjtwBIDHLJbCfbJ/DxacYU3rkl8nM2CI5sxo=', 0, 1, 0, '2012-06-07 17:01:42', '2012-06-07 17:01:42');
INSERT INTO `auth_user` VALUES(211, 'testajay', 'Test', 'Ajay', 'ajay.u.mehta@gmail.com', 'pbkdf2_sha256$10000$iYsSzCdRGNhW$+Tg42u54carHxwD7jG0U5gnxCBGnfLidqhb43bB3r8w=', 0, 1, 0, '2012-07-08 20:37:48', '2012-07-08 20:37:48');
INSERT INTO `auth_user` VALUES(212, 'ajaytesttest', 'Ajay', 'Testtest', 'a.jayu.mehta@gmail.com', 'pbkdf2_sha256$10000$XFcR1XioL9wc$58/g5nNuzU9Wsp1gU+OIBdCk+OLG5jBKgprz9oEEjx0=', 0, 1, 0, '2012-07-08 20:40:44', '2012-07-08 20:40:44');

-- --------------------------------------------------------

--
-- Table structure for table `auth_user_groups`
--

DROP TABLE IF EXISTS `auth_user_groups`;
CREATE TABLE `auth_user_groups` (
  `id` int(11) NOT NULL AUTO_INCREMENT,
  `user_id` int(11) NOT NULL,
  `group_id` int(11) NOT NULL,
  PRIMARY KEY (`id`),
  UNIQUE KEY `user_id` (`user_id`,`group_id`),
  KEY `auth_user_groups_403f60f` (`user_id`),
  KEY `auth_user_groups_425ae3c4` (`group_id`)
) ENGINE=InnoDB DEFAULT CHARSET=utf8 AUTO_INCREMENT=1 ;

--
-- Dumping data for table `auth_user_groups`
--


-- --------------------------------------------------------

--
-- Table structure for table `auth_user_user_permissions`
--

DROP TABLE IF EXISTS `auth_user_user_permissions`;
CREATE TABLE `auth_user_user_permissions` (
  `id` int(11) NOT NULL AUTO_INCREMENT,
  `user_id` int(11) NOT NULL,
  `permission_id` int(11) NOT NULL,
  PRIMARY KEY (`id`),
  UNIQUE KEY `user_id` (`user_id`,`permission_id`),
  KEY `auth_user_user_permissions_403f60f` (`user_id`),
  KEY `auth_user_user_permissions_1e014c8f` (`permission_id`)
) ENGINE=InnoDB DEFAULT CHARSET=utf8 AUTO_INCREMENT=1 ;

--
-- Dumping data for table `auth_user_user_permissions`
--


-- --------------------------------------------------------

--
-- Table structure for table `celery_taskmeta`
--

DROP TABLE IF EXISTS `celery_taskmeta`;
CREATE TABLE `celery_taskmeta` (
  `id` int(11) NOT NULL AUTO_INCREMENT,
  `task_id` varchar(255) NOT NULL,
  `status` varchar(50) NOT NULL DEFAULT 'PENDING',
  `result` longtext,
  `date_done` datetime NOT NULL,
  `traceback` longtext,
  `hidden` tinyint(1) NOT NULL,
  PRIMARY KEY (`id`),
  UNIQUE KEY `task_id` (`task_id`),
  KEY `celery_taskmeta_c91f1bf` (`hidden`)
) ENGINE=InnoDB DEFAULT CHARSET=utf8 AUTO_INCREMENT=1 ;

--
-- Dumping data for table `celery_taskmeta`
--


-- --------------------------------------------------------

--
-- Table structure for table `celery_tasksetmeta`
--

DROP TABLE IF EXISTS `celery_tasksetmeta`;
CREATE TABLE `celery_tasksetmeta` (
  `id` int(11) NOT NULL AUTO_INCREMENT,
  `taskset_id` varchar(255) NOT NULL,
  `result` longtext NOT NULL,
  `date_done` datetime NOT NULL,
  `hidden` tinyint(1) NOT NULL,
  PRIMARY KEY (`id`),
  UNIQUE KEY `taskset_id` (`taskset_id`),
  KEY `celery_tasksetmeta_c91f1bf` (`hidden`)
) ENGINE=InnoDB DEFAULT CHARSET=utf8 AUTO_INCREMENT=1 ;

--
-- Dumping data for table `celery_tasksetmeta`
--


-- --------------------------------------------------------

--
-- Table structure for table `django_admin_log`
--

DROP TABLE IF EXISTS `django_admin_log`;
CREATE TABLE `django_admin_log` (
  `id` int(11) NOT NULL AUTO_INCREMENT,
  `action_time` datetime NOT NULL,
  `user_id` int(11) NOT NULL,
  `content_type_id` int(11) DEFAULT NULL,
  `object_id` longtext,
  `object_repr` varchar(200) NOT NULL,
  `action_flag` smallint(5) unsigned NOT NULL,
  `change_message` longtext NOT NULL,
  PRIMARY KEY (`id`),
  KEY `django_admin_log_403f60f` (`user_id`),
  KEY `django_admin_log_1bb8f392` (`content_type_id`)
) ENGINE=InnoDB DEFAULT CHARSET=utf8 AUTO_INCREMENT=1 ;

--
-- Dumping data for table `django_admin_log`
--


-- --------------------------------------------------------

--
-- Table structure for table `django_content_type`
--

DROP TABLE IF EXISTS `django_content_type`;
CREATE TABLE `django_content_type` (
  `id` int(11) NOT NULL AUTO_INCREMENT,
  `name` varchar(100) NOT NULL,
  `app_label` varchar(100) NOT NULL,
  `model` varchar(100) NOT NULL,
  PRIMARY KEY (`id`),
  UNIQUE KEY `app_label` (`app_label`,`model`)
) ENGINE=InnoDB  DEFAULT CHARSET=utf8 AUTO_INCREMENT=50 ;

--
-- Dumping data for table `django_content_type`
--

INSERT INTO `django_content_type` VALUES(1, 'permission', 'auth', 'permission');
INSERT INTO `django_content_type` VALUES(2, 'group', 'auth', 'group');
INSERT INTO `django_content_type` VALUES(3, 'user', 'auth', 'user');
INSERT INTO `django_content_type` VALUES(5, 'content type', 'contenttypes', 'contenttype');
INSERT INTO `django_content_type` VALUES(6, 'session', 'sessions', 'session');
INSERT INTO `django_content_type` VALUES(7, 'site', 'sites', 'site');
INSERT INTO `django_content_type` VALUES(8, 'log entry', 'admin', 'logentry');
INSERT INTO `django_content_type` VALUES(9, 'migration history', 'south', 'migrationhistory');
INSERT INTO `django_content_type` VALUES(15, 'photo', 'engine', 'photo');
INSERT INTO `django_content_type` VALUES(21, 'task meta', 'djcelery', 'taskmeta');
INSERT INTO `django_content_type` VALUES(22, 'taskset meta', 'djcelery', 'tasksetmeta');
INSERT INTO `django_content_type` VALUES(23, 'interval', 'djcelery', 'intervalschedule');
INSERT INTO `django_content_type` VALUES(24, 'crontab', 'djcelery', 'crontabschedule');
INSERT INTO `django_content_type` VALUES(25, 'periodic tasks', 'djcelery', 'periodictasks');
INSERT INTO `django_content_type` VALUES(26, 'periodic task', 'djcelery', 'periodictask');
INSERT INTO `django_content_type` VALUES(27, 'worker', 'djcelery', 'workerstate');
INSERT INTO `django_content_type` VALUES(28, 'task', 'djcelery', 'taskstate');
INSERT INTO `django_content_type` VALUES(32, 'invite request', 'engine', 'inviterequest');
INSERT INTO `django_content_type` VALUES(34, 'api access', 'tastypie', 'apiaccess');
INSERT INTO `django_content_type` VALUES(35, 'api key', 'tastypie', 'apikey');
INSERT INTO `django_content_type` VALUES(36, 'comment', 'engine', 'comment');
INSERT INTO `django_content_type` VALUES(37, 'moment', 'engine', 'moment');
INSERT INTO `django_content_type` VALUES(38, 'album', 'engine', 'album');
INSERT INTO `django_content_type` VALUES(39, 'love', 'engine', 'love');
INSERT INTO `django_content_type` VALUES(40, 'look', 'engine', 'look');
INSERT INTO `django_content_type` VALUES(41, 'thread', 'messaging', 'thread');
INSERT INTO `django_content_type` VALUES(42, 'message', 'messaging', 'message');
INSERT INTO `django_content_type` VALUES(43, 'activity', 'metrics', 'activity');
INSERT INTO `django_content_type` VALUES(44, 'important metric', 'metrics', 'importantmetric');
INSERT INTO `django_content_type` VALUES(45, 'tag', 'tagging', 'tag');
INSERT INTO `django_content_type` VALUES(46, 'subscription', 'life', 'subscription');
INSERT INTO `django_content_type` VALUES(47, 'life stream', 'life', 'lifestream');
INSERT INTO `django_content_type` VALUES(48, 'text prompt', 'life', 'textprompt');
INSERT INTO `django_content_type` VALUES(49, 'email prompt', 'life', 'emailprompt');

-- --------------------------------------------------------

--
-- Table structure for table `django_session`
--

DROP TABLE IF EXISTS `django_session`;
CREATE TABLE `django_session` (
  `session_key` varchar(40) NOT NULL,
  `session_data` longtext NOT NULL,
  `expire_date` datetime NOT NULL,
  PRIMARY KEY (`session_key`),
  KEY `django_session_3da3d3d8` (`expire_date`)
) ENGINE=InnoDB DEFAULT CHARSET=utf8;

--
-- Dumping data for table `django_session`
--

INSERT INTO `django_session` VALUES('011dfcec62ad4711b615acf67865479c', 'NWZkZTA0OWMzZjkwNGVkYjIxYWJjZjg5YzQyN2U1YzA5Mzc2NzM0MDqAAn1xAShVEl9hdXRoX3Vz\nZXJfYmFja2VuZHECVSlkamFuZ28uY29udHJpYi5hdXRoLmJhY2tlbmRzLk1vZGVsQmFja2VuZHED\nVQ1fYXV0aF91c2VyX2lkcQSKAowAdS4=\n', '2012-04-15 17:28:47');
INSERT INTO `django_session` VALUES('01764a5583ffd6123cecd93f420a8cd4', 'NmE4OGIyNmUxNTc5NjJkM2NlMmU5YmNlNjMyZTEyMTI0NzQ3OWYyNDqAAn1xAS4=\n', '2012-04-02 02:14:16');
INSERT INTO `django_session` VALUES('0627e772de660c6ee81e158102167465', 'ZGM5ZDI4YWI3MzI3OGM5NjI5YzdjOTI4NDU2MmM5Mjg3OWFhNjQ5MDqAAn1xAVUKdGVzdGNvb2tp\nZVUGd29ya2VkcQJzLg==\n', '2012-05-04 16:56:25');
INSERT INTO `django_session` VALUES('06644537cad0056e99148fc538ccf412', 'NWZkZTA0OWMzZjkwNGVkYjIxYWJjZjg5YzQyN2U1YzA5Mzc2NzM0MDqAAn1xAShVEl9hdXRoX3Vz\nZXJfYmFja2VuZHECVSlkamFuZ28uY29udHJpYi5hdXRoLmJhY2tlbmRzLk1vZGVsQmFja2VuZHED\nVQ1fYXV0aF91c2VyX2lkcQSKAowAdS4=\n', '2012-04-15 15:47:42');
INSERT INTO `django_session` VALUES('08c9828114b49693b2cdafa6a3afcdbe', 'NWZkZTA0OWMzZjkwNGVkYjIxYWJjZjg5YzQyN2U1YzA5Mzc2NzM0MDqAAn1xAShVEl9hdXRoX3Vz\nZXJfYmFja2VuZHECVSlkamFuZ28uY29udHJpYi5hdXRoLmJhY2tlbmRzLk1vZGVsQmFja2VuZHED\nVQ1fYXV0aF91c2VyX2lkcQSKAowAdS4=\n', '2012-04-15 01:22:17');
INSERT INTO `django_session` VALUES('09fd249e4b7eea8508f25a2efd81bf30', 'MTM0Yzg1ZGNkMzFhMmE1Nzc0ZDgyMmM5NjdlZGNhNGQzNDI0MzBhMTqAAn1xAShVEl9hdXRoX3Vz\nZXJfYmFja2VuZHECVSlkamFuZ28uY29udHJpYi5hdXRoLmJhY2tlbmRzLk1vZGVsQmFja2VuZHED\nVQ1fYXV0aF91c2VyX2lkcQSKAQF1Lg==\n', '2012-05-09 22:10:41');
INSERT INTO `django_session` VALUES('0c4e7fffc4bd79aa6e8c2abcb4258417', 'Y2Y2Y2Q4OGY4YWEyM2Y4MzkzYmY5OWEyZDg2YmFjMTMwMWY2YzA3ODqAAn1xAShVEl9hdXRoX3Vz\nZXJfYmFja2VuZHECVSlkamFuZ28uY29udHJpYi5hdXRoLmJhY2tlbmRzLk1vZGVsQmFja2VuZHED\nVQ1fYXV0aF91c2VyX2lkcQSKApMAdS4=\n', '2012-05-12 15:18:38');
INSERT INTO `django_session` VALUES('0d5c24f277c1ad406fab97bc9b55b42d', 'OGJiYWYyY2JkNzRjNWE3ZmRmMWIwMTJkZGQxNDE2ODRmZjU2MWRmMDqAAn1xAShVEl9hdXRoX3Vz\nZXJfYmFja2VuZHECVSlkamFuZ28uY29udHJpYi5hdXRoLmJhY2tlbmRzLk1vZGVsQmFja2VuZHED\nVQ1fYXV0aF91c2VyX2lkcQSKAUh1Lg==\n', '2012-03-15 02:16:18');
INSERT INTO `django_session` VALUES('0df1f050cb60c26d117705c7d650c54b', 'NmE4OGIyNmUxNTc5NjJkM2NlMmU5YmNlNjMyZTEyMTI0NzQ3OWYyNDqAAn1xAS4=\n', '2012-03-20 17:15:22');
INSERT INTO `django_session` VALUES('16fe4ab7d9c217a74589140d35afa67f', 'NDBhYzAzYmJiMjg3ZjZhZmExYTQxODA1MTg0NTcyYTk4ZThiNTJmNTqAAn1xAShVEl9hdXRoX3Vz\nZXJfYmFja2VuZHECVSlkamFuZ28uY29udHJpYi5hdXRoLmJhY2tlbmRzLk1vZGVsQmFja2VuZHED\nVQ1fYXV0aF91c2VyX2lkcQSKAXp1Lg==\n', '2012-04-10 17:26:10');
INSERT INTO `django_session` VALUES('19c495bd4822dd0cb1207cfb276e5b71', 'MTM0Yzg1ZGNkMzFhMmE1Nzc0ZDgyMmM5NjdlZGNhNGQzNDI0MzBhMTqAAn1xAShVEl9hdXRoX3Vz\nZXJfYmFja2VuZHECVSlkamFuZ28uY29udHJpYi5hdXRoLmJhY2tlbmRzLk1vZGVsQmFja2VuZHED\nVQ1fYXV0aF91c2VyX2lkcQSKAQF1Lg==\n', '2012-05-08 17:35:04');
INSERT INTO `django_session` VALUES('19f5c90192847f561f85a2722c3e9ba6', 'NmE4OGIyNmUxNTc5NjJkM2NlMmU5YmNlNjMyZTEyMTI0NzQ3OWYyNDqAAn1xAS4=\n', '2012-04-13 18:22:02');
INSERT INTO `django_session` VALUES('1b32c8f78f61f6cb5a62585fd5a74d11', 'NmE4OGIyNmUxNTc5NjJkM2NlMmU5YmNlNjMyZTEyMTI0NzQ3OWYyNDqAAn1xAS4=\n', '2012-03-20 17:15:20');
INSERT INTO `django_session` VALUES('20029d147634ac705aa85629f631b3b6', 'NmE4OGIyNmUxNTc5NjJkM2NlMmU5YmNlNjMyZTEyMTI0NzQ3OWYyNDqAAn1xAS4=\n', '2012-04-01 01:43:58');
INSERT INTO `django_session` VALUES('25b8cb01b8cac8c65b5d5d7a6e8a7b47', 'NmE4OGIyNmUxNTc5NjJkM2NlMmU5YmNlNjMyZTEyMTI0NzQ3OWYyNDqAAn1xAS4=\n', '2012-04-01 19:10:50');
INSERT INTO `django_session` VALUES('27706c9fb5dff0a00267e75deb450ab8', 'OGJiYWYyY2JkNzRjNWE3ZmRmMWIwMTJkZGQxNDE2ODRmZjU2MWRmMDqAAn1xAShVEl9hdXRoX3Vz\nZXJfYmFja2VuZHECVSlkamFuZ28uY29udHJpYi5hdXRoLmJhY2tlbmRzLk1vZGVsQmFja2VuZHED\nVQ1fYXV0aF91c2VyX2lkcQSKAUh1Lg==\n', '2012-03-15 02:29:45');
INSERT INTO `django_session` VALUES('2adf734ceef5fd70e3260cc709391020', 'NmE4OGIyNmUxNTc5NjJkM2NlMmU5YmNlNjMyZTEyMTI0NzQ3OWYyNDqAAn1xAS4=\n', '2012-03-26 04:40:15');
INSERT INTO `django_session` VALUES('2b1a81c1bb68857cead8b21952ff1772', 'NmE4OGIyNmUxNTc5NjJkM2NlMmU5YmNlNjMyZTEyMTI0NzQ3OWYyNDqAAn1xAS4=\n', '2012-04-02 02:14:14');
INSERT INTO `django_session` VALUES('32a8d926d5e501f0a1a563bae49bd84f', 'OGJiYWYyY2JkNzRjNWE3ZmRmMWIwMTJkZGQxNDE2ODRmZjU2MWRmMDqAAn1xAShVEl9hdXRoX3Vz\nZXJfYmFja2VuZHECVSlkamFuZ28uY29udHJpYi5hdXRoLmJhY2tlbmRzLk1vZGVsQmFja2VuZHED\nVQ1fYXV0aF91c2VyX2lkcQSKAUh1Lg==\n', '2012-03-26 16:39:04');
INSERT INTO `django_session` VALUES('3397c868e40a986d994d7ab03117ed16', 'NmE4OGIyNmUxNTc5NjJkM2NlMmU5YmNlNjMyZTEyMTI0NzQ3OWYyNDqAAn1xAS4=\n', '2012-04-04 02:23:26');
INSERT INTO `django_session` VALUES('35fc4cf5e1daa4a3bd69df86f4cf2058', 'MTM0Yzg1ZGNkMzFhMmE1Nzc0ZDgyMmM5NjdlZGNhNGQzNDI0MzBhMTqAAn1xAShVEl9hdXRoX3Vz\nZXJfYmFja2VuZHECVSlkamFuZ28uY29udHJpYi5hdXRoLmJhY2tlbmRzLk1vZGVsQmFja2VuZHED\nVQ1fYXV0aF91c2VyX2lkcQSKAQF1Lg==\n', '2012-03-09 22:45:12');
INSERT INTO `django_session` VALUES('36ca025d51c3ce3033017831720128f4', 'ZmNhN2FkNjcxYmU4OWQ5MzZkZWNmNmYwZTY0ZGI0NThjODk2NjI1NjqAAn1xAShVDV9hdXRoX3Vz\nZXJfaWSKARZVEl9hdXRoX3VzZXJfYmFja2VuZFUpZGphbmdvLmNvbnRyaWIuYXV0aC5iYWNrZW5k\ncy5Nb2RlbEJhY2tlbmRxAnUu\n', '2012-05-08 17:11:21');
INSERT INTO `django_session` VALUES('39bf71eb5592db0ba77481ad506b0eff', 'NDQ1YTMzMzg1ZjQ5OGJkNTkxMjJiMjQ3YWJkMzgwNjBhZjdmMjMxNTqAAn1xAShVEl9hdXRoX3Vz\nZXJfYmFja2VuZHECVSlkamFuZ28uY29udHJpYi5hdXRoLmJhY2tlbmRzLk1vZGVsQmFja2VuZHED\nVQ1fYXV0aF91c2VyX2lkcQSKARR1Lg==\n', '2012-03-16 20:29:16');
INSERT INTO `django_session` VALUES('3aca97f64bba8e27964800138697cd29', 'NmE4OGIyNmUxNTc5NjJkM2NlMmU5YmNlNjMyZTEyMTI0NzQ3OWYyNDqAAn1xAS4=\n', '2012-04-14 19:54:00');
INSERT INTO `django_session` VALUES('3b1b43c87543199225dbdd763420c1fa', 'NDQ1YTMzMzg1ZjQ5OGJkNTkxMjJiMjQ3YWJkMzgwNjBhZjdmMjMxNTqAAn1xAShVEl9hdXRoX3Vz\nZXJfYmFja2VuZHECVSlkamFuZ28uY29udHJpYi5hdXRoLmJhY2tlbmRzLk1vZGVsQmFja2VuZHED\nVQ1fYXV0aF91c2VyX2lkcQSKARR1Lg==\n', '2012-03-31 13:18:04');
INSERT INTO `django_session` VALUES('3b68171f3b260cccbeaaff9d1200d10c', 'NmE4OGIyNmUxNTc5NjJkM2NlMmU5YmNlNjMyZTEyMTI0NzQ3OWYyNDqAAn1xAS4=\n', '2012-03-30 04:43:51');
INSERT INTO `django_session` VALUES('3c38826d52876a541bd97373f8899bb5', 'NmE4OGIyNmUxNTc5NjJkM2NlMmU5YmNlNjMyZTEyMTI0NzQ3OWYyNDqAAn1xAS4=\n', '2012-04-01 00:00:42');
INSERT INTO `django_session` VALUES('3c9c12465065a749a30160f199e2426f', 'MTM0Yzg1ZGNkMzFhMmE1Nzc0ZDgyMmM5NjdlZGNhNGQzNDI0MzBhMTqAAn1xAShVEl9hdXRoX3Vz\nZXJfYmFja2VuZHECVSlkamFuZ28uY29udHJpYi5hdXRoLmJhY2tlbmRzLk1vZGVsQmFja2VuZHED\nVQ1fYXV0aF91c2VyX2lkcQSKAQF1Lg==\n', '2012-03-07 08:37:17');
INSERT INTO `django_session` VALUES('3f7cf00f1a875a25c1b2c3c64e29c0fa', 'NmE4OGIyNmUxNTc5NjJkM2NlMmU5YmNlNjMyZTEyMTI0NzQ3OWYyNDqAAn1xAS4=\n', '2012-04-05 00:27:26');
INSERT INTO `django_session` VALUES('40ac229f5cda070d222ca28d8e972452', 'Y2Y2Y2Q4OGY4YWEyM2Y4MzkzYmY5OWEyZDg2YmFjMTMwMWY2YzA3ODqAAn1xAShVEl9hdXRoX3Vz\nZXJfYmFja2VuZHECVSlkamFuZ28uY29udHJpYi5hdXRoLmJhY2tlbmRzLk1vZGVsQmFja2VuZHED\nVQ1fYXV0aF91c2VyX2lkcQSKApMAdS4=\n', '2012-05-14 14:36:01');
INSERT INTO `django_session` VALUES('40de4dfb05d09b346891d65198d33b57', 'YTFmNzYxNThhMmFmOGE2YzkwYzM2ZWMwZWQ5MmY5NDZhMDE4ZmE3NzqAAn1xAShVEl9hdXRoX3Vz\nZXJfYmFja2VuZHECVSlkamFuZ28uY29udHJpYi5hdXRoLmJhY2tlbmRzLk1vZGVsQmFja2VuZHED\nVQ1fYXV0aF91c2VyX2lkcQSKAS91Lg==\n', '2012-03-09 09:14:46');
INSERT INTO `django_session` VALUES('447d371213e91c5af163f2d98031d76c', 'MTM0Yzg1ZGNkMzFhMmE1Nzc0ZDgyMmM5NjdlZGNhNGQzNDI0MzBhMTqAAn1xAShVEl9hdXRoX3Vz\nZXJfYmFja2VuZHECVSlkamFuZ28uY29udHJpYi5hdXRoLmJhY2tlbmRzLk1vZGVsQmFja2VuZHED\nVQ1fYXV0aF91c2VyX2lkcQSKAQF1Lg==\n', '2012-04-01 20:51:02');
INSERT INTO `django_session` VALUES('496a542cc10fae571d3cb96a01b8f756', 'NDQ1YTMzMzg1ZjQ5OGJkNTkxMjJiMjQ3YWJkMzgwNjBhZjdmMjMxNTqAAn1xAShVEl9hdXRoX3Vz\nZXJfYmFja2VuZHECVSlkamFuZ28uY29udHJpYi5hdXRoLmJhY2tlbmRzLk1vZGVsQmFja2VuZHED\nVQ1fYXV0aF91c2VyX2lkcQSKARR1Lg==\n', '2012-03-12 22:49:25');
INSERT INTO `django_session` VALUES('4aca55b3c713ad6358f91f8dfe3dca16', 'NDBhYzAzYmJiMjg3ZjZhZmExYTQxODA1MTg0NTcyYTk4ZThiNTJmNTqAAn1xAShVEl9hdXRoX3Vz\nZXJfYmFja2VuZHECVSlkamFuZ28uY29udHJpYi5hdXRoLmJhY2tlbmRzLk1vZGVsQmFja2VuZHED\nVQ1fYXV0aF91c2VyX2lkcQSKAXp1Lg==\n', '2012-04-28 17:05:12');
INSERT INTO `django_session` VALUES('4ce2041241bf4d0d899e576463477df2', 'NmE4OGIyNmUxNTc5NjJkM2NlMmU5YmNlNjMyZTEyMTI0NzQ3OWYyNDqAAn1xAS4=\n', '2012-04-06 01:06:40');
INSERT INTO `django_session` VALUES('4f4b3bc29a2690145c1b0755e72f5055', 'NDBhYzAzYmJiMjg3ZjZhZmExYTQxODA1MTg0NTcyYTk4ZThiNTJmNTqAAn1xAShVEl9hdXRoX3Vz\nZXJfYmFja2VuZHECVSlkamFuZ28uY29udHJpYi5hdXRoLmJhY2tlbmRzLk1vZGVsQmFja2VuZHED\nVQ1fYXV0aF91c2VyX2lkcQSKAXp1Lg==\n', '2012-04-28 16:26:39');
INSERT INTO `django_session` VALUES('54014ce3f4b41c8a40a77d343a9e8dbd', 'MDFhMzQ2ZDcxMzA1Yjk5ZmE3OGNkYjc4NjA5OWQ3ZjUwZWMzYTRiODqAAn1xAVUPZm9yZ290dGVu\nLWVtYWlscQJYDgAAAHBvb3B5QHBvb3AuY29tcQNzLg==\n', '2012-06-18 17:07:17');
INSERT INTO `django_session` VALUES('561da14b5723fd6ec13da8a87166cad7', 'ZmEyODM5NWE4MmVmYWQxYzc1ZDA5NTVjMTlhOTU5ZTFkM2M1ZjViNjqAAn1xAShVEl9hdXRoX3Vz\nZXJfYmFja2VuZHECVSlkamFuZ28uY29udHJpYi5hdXRoLmJhY2tlbmRzLk1vZGVsQmFja2VuZHED\nVQ1fYXV0aF91c2VyX2lkcQSKARZ1Lg==\n', '2012-03-24 17:10:31');
INSERT INTO `django_session` VALUES('5652d5621a83278292c3f12cbc530de3', 'YTI0NzY2ODc0NzgzZTYwZGMxYjUzY2Y0MGYyZjU5OGU3OWRlODliZDqAAn1xAShVD2ZvcmdvdHRl\nbi1lbWFpbFgUAAAAYWpheXVtZWh0YUBnbWFpbC5jb21VDV9hdXRoX3VzZXJfaWSKARRVEl9hdXRo\nX3VzZXJfYmFja2VuZFUpZGphbmdvLmNvbnRyaWIuYXV0aC5iYWNrZW5kcy5Nb2RlbEJhY2tlbmRx\nAnUu\n', '2012-08-30 23:33:36');
INSERT INTO `django_session` VALUES('58a9b6728dc905872c36c9b53f7924b3', 'NDBhYzAzYmJiMjg3ZjZhZmExYTQxODA1MTg0NTcyYTk4ZThiNTJmNTqAAn1xAShVEl9hdXRoX3Vz\nZXJfYmFja2VuZHECVSlkamFuZ28uY29udHJpYi5hdXRoLmJhY2tlbmRzLk1vZGVsQmFja2VuZHED\nVQ1fYXV0aF91c2VyX2lkcQSKAXp1Lg==\n', '2012-03-31 23:34:27');
INSERT INTO `django_session` VALUES('5b671e64cd3e6719cccb302101bccd03', 'ZmEyODM5NWE4MmVmYWQxYzc1ZDA5NTVjMTlhOTU5ZTFkM2M1ZjViNjqAAn1xAShVEl9hdXRoX3Vz\nZXJfYmFja2VuZHECVSlkamFuZ28uY29udHJpYi5hdXRoLmJhY2tlbmRzLk1vZGVsQmFja2VuZHED\nVQ1fYXV0aF91c2VyX2lkcQSKARZ1Lg==\n', '2012-03-24 17:24:34');
INSERT INTO `django_session` VALUES('5de122243fa144b5d1e3e1c4d7fc90a8', 'NmE4OGIyNmUxNTc5NjJkM2NlMmU5YmNlNjMyZTEyMTI0NzQ3OWYyNDqAAn1xAS4=\n', '2012-04-15 01:21:22');
INSERT INTO `django_session` VALUES('623368124b2d153a30c0a690af675f91', 'NmE4OGIyNmUxNTc5NjJkM2NlMmU5YmNlNjMyZTEyMTI0NzQ3OWYyNDqAAn1xAS4=\n', '2012-04-14 20:00:59');
INSERT INTO `django_session` VALUES('68438550c9d504d3b5aeeab1967656dc', 'NmE4OGIyNmUxNTc5NjJkM2NlMmU5YmNlNjMyZTEyMTI0NzQ3OWYyNDqAAn1xAS4=\n', '2012-04-04 22:52:51');
INSERT INTO `django_session` VALUES('6952f6ce086816960cba9444f31429fd', 'ZmEyODM5NWE4MmVmYWQxYzc1ZDA5NTVjMTlhOTU5ZTFkM2M1ZjViNjqAAn1xAShVEl9hdXRoX3Vz\nZXJfYmFja2VuZHECVSlkamFuZ28uY29udHJpYi5hdXRoLmJhY2tlbmRzLk1vZGVsQmFja2VuZHED\nVQ1fYXV0aF91c2VyX2lkcQSKARZ1Lg==\n', '2012-06-24 02:19:05');
INSERT INTO `django_session` VALUES('6c405d3378b5217e397256c46fab000a', 'N2NhMzE5OTdkMDJlMGZiNzVmMGZkZDAzMWZhYTk4MzgzMGM5MDEyODqAAn1xAShVEl9hdXRoX3Vz\nZXJfYmFja2VuZHECVSlkamFuZ28uY29udHJpYi5hdXRoLmJhY2tlbmRzLk1vZGVsQmFja2VuZHED\nVQ1fYXV0aF91c2VyX2lkcQSKAokAdS4=\n', '2012-04-04 22:55:41');
INSERT INTO `django_session` VALUES('6e32152c07aad0dc8863ba1637403679', 'MTM0Yzg1ZGNkMzFhMmE1Nzc0ZDgyMmM5NjdlZGNhNGQzNDI0MzBhMTqAAn1xAShVEl9hdXRoX3Vz\nZXJfYmFja2VuZHECVSlkamFuZ28uY29udHJpYi5hdXRoLmJhY2tlbmRzLk1vZGVsQmFja2VuZHED\nVQ1fYXV0aF91c2VyX2lkcQSKAQF1Lg==\n', '2012-04-17 02:52:56');
INSERT INTO `django_session` VALUES('6f28204c1fb433380c42645ec71a01b1', 'NmE4OGIyNmUxNTc5NjJkM2NlMmU5YmNlNjMyZTEyMTI0NzQ3OWYyNDqAAn1xAS4=\n', '2012-04-09 04:27:50');
INSERT INTO `django_session` VALUES('70c97283d430441b30bfb7b76bf8690a', 'NDBhYzAzYmJiMjg3ZjZhZmExYTQxODA1MTg0NTcyYTk4ZThiNTJmNTqAAn1xAShVEl9hdXRoX3Vz\nZXJfYmFja2VuZHECVSlkamFuZ28uY29udHJpYi5hdXRoLmJhY2tlbmRzLk1vZGVsQmFja2VuZHED\nVQ1fYXV0aF91c2VyX2lkcQSKAXp1Lg==\n', '2012-04-01 18:28:23');
INSERT INTO `django_session` VALUES('78cace7123f1ef3df9559b528d6e290e', 'NmE4OGIyNmUxNTc5NjJkM2NlMmU5YmNlNjMyZTEyMTI0NzQ3OWYyNDqAAn1xAS4=\n', '2012-04-02 02:12:14');
INSERT INTO `django_session` VALUES('794ea1880bcbf58f33c5701ee3f587b8', 'NmE4OGIyNmUxNTc5NjJkM2NlMmU5YmNlNjMyZTEyMTI0NzQ3OWYyNDqAAn1xAS4=\n', '2012-04-13 18:22:15');
INSERT INTO `django_session` VALUES('7a625711916fdd92f4fb14dd3eddbd57', 'NmE4OGIyNmUxNTc5NjJkM2NlMmU5YmNlNjMyZTEyMTI0NzQ3OWYyNDqAAn1xAS4=\n', '2012-04-06 05:36:18');
INSERT INTO `django_session` VALUES('7dcebbd9ae075f6277fa0558c3ebe7ff', 'NmE4OGIyNmUxNTc5NjJkM2NlMmU5YmNlNjMyZTEyMTI0NzQ3OWYyNDqAAn1xAS4=\n', '2012-04-04 22:51:52');
INSERT INTO `django_session` VALUES('7e38d14506cad2aa56fce69246050d9f', 'ZmEyODM5NWE4MmVmYWQxYzc1ZDA5NTVjMTlhOTU5ZTFkM2M1ZjViNjqAAn1xAShVEl9hdXRoX3Vz\nZXJfYmFja2VuZHECVSlkamFuZ28uY29udHJpYi5hdXRoLmJhY2tlbmRzLk1vZGVsQmFja2VuZHED\nVQ1fYXV0aF91c2VyX2lkcQSKARZ1Lg==\n', '2012-06-25 00:16:47');
INSERT INTO `django_session` VALUES('7e7422e79b39f63e961ad693f6ff9f7e', 'ZmEyODM5NWE4MmVmYWQxYzc1ZDA5NTVjMTlhOTU5ZTFkM2M1ZjViNjqAAn1xAShVEl9hdXRoX3Vz\nZXJfYmFja2VuZHECVSlkamFuZ28uY29udHJpYi5hdXRoLmJhY2tlbmRzLk1vZGVsQmFja2VuZHED\nVQ1fYXV0aF91c2VyX2lkcQSKARZ1Lg==\n', '2012-03-26 22:07:35');
INSERT INTO `django_session` VALUES('80989087b95c22995ab4b6f74a76f0f6', 'ZmEyODM5NWE4MmVmYWQxYzc1ZDA5NTVjMTlhOTU5ZTFkM2M1ZjViNjqAAn1xAShVEl9hdXRoX3Vz\nZXJfYmFja2VuZHECVSlkamFuZ28uY29udHJpYi5hdXRoLmJhY2tlbmRzLk1vZGVsQmFja2VuZHED\nVQ1fYXV0aF91c2VyX2lkcQSKARZ1Lg==\n', '2012-03-07 19:35:14');
INSERT INTO `django_session` VALUES('84a00a1e9040f07ef9ee0fa7fa144cfe', 'NDQ1ZDY3YTI2NTM1ZTZmMWZhNDhkY2I3MGRjYmVmZjQyMGEyNjhhMDqAAn1xAShVEl9hdXRoX3Vz\nZXJfYmFja2VuZHECVSlkamFuZ28uY29udHJpYi5hdXRoLmJhY2tlbmRzLk1vZGVsQmFja2VuZHED\nVQ1fYXV0aF91c2VyX2lkcQSKAWN1Lg==\n', '2012-03-20 02:13:57');
INSERT INTO `django_session` VALUES('87d59ef55ecfae9b3900bb49da6f8b36', 'YzhlMDY4YjJhYTEwMTg5NGRjZjE0MDg0YzIzY2VkMzBjOTBhZDIwNDqAAn1xAShVEl9hdXRoX3Vz\nZXJfYmFja2VuZHECVSlkamFuZ28uY29udHJpYi5hdXRoLmJhY2tlbmRzLk1vZGVsQmFja2VuZHED\nVQ1fYXV0aF91c2VyX2lkcQSKAVp1Lg==\n', '2012-03-20 17:46:11');
INSERT INTO `django_session` VALUES('91cbc283d726e43ec811bca9a5b05b82', 'MTM0Yzg1ZGNkMzFhMmE1Nzc0ZDgyMmM5NjdlZGNhNGQzNDI0MzBhMTqAAn1xAShVEl9hdXRoX3Vz\nZXJfYmFja2VuZHECVSlkamFuZ28uY29udHJpYi5hdXRoLmJhY2tlbmRzLk1vZGVsQmFja2VuZHED\nVQ1fYXV0aF91c2VyX2lkcQSKAQF1Lg==\n', '2012-03-09 01:29:39');
INSERT INTO `django_session` VALUES('9225212a34978e0a370e99a4d6c5f0e1', 'ZmNhN2FkNjcxYmU4OWQ5MzZkZWNmNmYwZTY0ZGI0NThjODk2NjI1NjqAAn1xAShVDV9hdXRoX3Vz\nZXJfaWSKARZVEl9hdXRoX3VzZXJfYmFja2VuZFUpZGphbmdvLmNvbnRyaWIuYXV0aC5iYWNrZW5k\ncy5Nb2RlbEJhY2tlbmRxAnUu\n', '2012-06-19 02:41:19');
INSERT INTO `django_session` VALUES('958a096f04f3d5283ffee327d29411ac', 'ZmEyODM5NWE4MmVmYWQxYzc1ZDA5NTVjMTlhOTU5ZTFkM2M1ZjViNjqAAn1xAShVEl9hdXRoX3Vz\nZXJfYmFja2VuZHECVSlkamFuZ28uY29udHJpYi5hdXRoLmJhY2tlbmRzLk1vZGVsQmFja2VuZHED\nVQ1fYXV0aF91c2VyX2lkcQSKARZ1Lg==\n', '2012-07-03 18:19:58');
INSERT INTO `django_session` VALUES('980bb2a4581f0d3ff240fdffe236650c', 'NmE4OGIyNmUxNTc5NjJkM2NlMmU5YmNlNjMyZTEyMTI0NzQ3OWYyNDqAAn1xAS4=\n', '2012-04-04 15:31:03');
INSERT INTO `django_session` VALUES('9b751d79e696e3a3acabcaaa12634d3d', 'ZmEyODM5NWE4MmVmYWQxYzc1ZDA5NTVjMTlhOTU5ZTFkM2M1ZjViNjqAAn1xAShVEl9hdXRoX3Vz\nZXJfYmFja2VuZHECVSlkamFuZ28uY29udHJpYi5hdXRoLmJhY2tlbmRzLk1vZGVsQmFja2VuZHED\nVQ1fYXV0aF91c2VyX2lkcQSKARZ1Lg==\n', '2012-04-05 01:38:29');
INSERT INTO `django_session` VALUES('9dccf62685c8c0bfe132913c51a66900', 'NDQ1YTMzMzg1ZjQ5OGJkNTkxMjJiMjQ3YWJkMzgwNjBhZjdmMjMxNTqAAn1xAShVEl9hdXRoX3Vz\nZXJfYmFja2VuZHECVSlkamFuZ28uY29udHJpYi5hdXRoLmJhY2tlbmRzLk1vZGVsQmFja2VuZHED\nVQ1fYXV0aF91c2VyX2lkcQSKARR1Lg==\n', '2012-04-06 01:08:53');
INSERT INTO `django_session` VALUES('a0731f48b6d248e829a7c72bf07cadea', 'N2NhMzE5OTdkMDJlMGZiNzVmMGZkZDAzMWZhYTk4MzgzMGM5MDEyODqAAn1xAShVEl9hdXRoX3Vz\nZXJfYmFja2VuZHECVSlkamFuZ28uY29udHJpYi5hdXRoLmJhY2tlbmRzLk1vZGVsQmFja2VuZHED\nVQ1fYXV0aF91c2VyX2lkcQSKAokAdS4=\n', '2012-04-04 15:10:58');
INSERT INTO `django_session` VALUES('a1d5cad76e7bdb4b7bc67578cde93a60', 'NDBhYzAzYmJiMjg3ZjZhZmExYTQxODA1MTg0NTcyYTk4ZThiNTJmNTqAAn1xAShVEl9hdXRoX3Vz\nZXJfYmFja2VuZHECVSlkamFuZ28uY29udHJpYi5hdXRoLmJhY2tlbmRzLk1vZGVsQmFja2VuZHED\nVQ1fYXV0aF91c2VyX2lkcQSKAXp1Lg==\n', '2012-04-01 18:32:15');
INSERT INTO `django_session` VALUES('a2047b378adcce71cb48375becdd756b', 'MTM0Yzg1ZGNkMzFhMmE1Nzc0ZDgyMmM5NjdlZGNhNGQzNDI0MzBhMTqAAn1xAShVEl9hdXRoX3Vz\nZXJfYmFja2VuZHECVSlkamFuZ28uY29udHJpYi5hdXRoLmJhY2tlbmRzLk1vZGVsQmFja2VuZHED\nVQ1fYXV0aF91c2VyX2lkcQSKAQF1Lg==\n', '2012-04-03 13:09:24');
INSERT INTO `django_session` VALUES('a9d20e1eb3d8d464e51aa8141c9b8cc3', 'NmE4OGIyNmUxNTc5NjJkM2NlMmU5YmNlNjMyZTEyMTI0NzQ3OWYyNDqAAn1xAS4=\n', '2012-04-04 15:16:45');
INSERT INTO `django_session` VALUES('aa393c1dc873a0062367d873d65304c2', 'ZWU2NjNmYjg0OTlkY2VjN2VlYmI3MTM2MTRiNTk2ZTFlMzYyMjVhOTqAAn1xAShVEl9hdXRoX3Vz\nZXJfYmFja2VuZHECVSlkamFuZ28uY29udHJpYi5hdXRoLmJhY2tlbmRzLk1vZGVsQmFja2VuZHED\nVQ1fYXV0aF91c2VyX2lkcQSKAUN1Lg==\n', '2012-03-11 23:18:12');
INSERT INTO `django_session` VALUES('aaf56eea3f7b6ce57cdb1603d4475317', 'ZmEyODM5NWE4MmVmYWQxYzc1ZDA5NTVjMTlhOTU5ZTFkM2M1ZjViNjqAAn1xAShVEl9hdXRoX3Vz\nZXJfYmFja2VuZHECVSlkamFuZ28uY29udHJpYi5hdXRoLmJhY2tlbmRzLk1vZGVsQmFja2VuZHED\nVQ1fYXV0aF91c2VyX2lkcQSKARZ1Lg==\n', '2012-07-22 20:37:18');
INSERT INTO `django_session` VALUES('aba42191da86684116294aac172e62c0', 'NzdmYTU2NjA1YmUxYmUxMGZlOTNjYWI1NTcwMDAyZmFlNzY0ZGU5MjqAAn1xAShVEl9hdXRoX3Vz\nZXJfYmFja2VuZHECVSlkamFuZ28uY29udHJpYi5hdXRoLmJhY2tlbmRzLk1vZGVsQmFja2VuZHED\nVQ1fYXV0aF91c2VyX2lkcQSKAUd1Lg==\n', '2012-03-14 02:07:48');
INSERT INTO `django_session` VALUES('b206f96b56f024dc564e659965f55d7f', 'NmE4OGIyNmUxNTc5NjJkM2NlMmU5YmNlNjMyZTEyMTI0NzQ3OWYyNDqAAn1xAS4=\n', '2012-04-13 18:22:08');
INSERT INTO `django_session` VALUES('b79eff006c2aae360045dd0c385ccf54', 'ZmEyODM5NWE4MmVmYWQxYzc1ZDA5NTVjMTlhOTU5ZTFkM2M1ZjViNjqAAn1xAShVEl9hdXRoX3Vz\nZXJfYmFja2VuZHECVSlkamFuZ28uY29udHJpYi5hdXRoLmJhY2tlbmRzLk1vZGVsQmFja2VuZHED\nVQ1fYXV0aF91c2VyX2lkcQSKARZ1Lg==\n', '2012-05-08 17:40:06');
INSERT INTO `django_session` VALUES('bbda9885bb529a2f8a5760c6525dedd2', 'MTM0Yzg1ZGNkMzFhMmE1Nzc0ZDgyMmM5NjdlZGNhNGQzNDI0MzBhMTqAAn1xAShVEl9hdXRoX3Vz\nZXJfYmFja2VuZHECVSlkamFuZ28uY29udHJpYi5hdXRoLmJhY2tlbmRzLk1vZGVsQmFja2VuZHED\nVQ1fYXV0aF91c2VyX2lkcQSKAQF1Lg==\n', '2012-03-19 12:36:40');
INSERT INTO `django_session` VALUES('bc4535d2c2c69cbfe14f632bdf0a9ca6', 'NmE4OGIyNmUxNTc5NjJkM2NlMmU5YmNlNjMyZTEyMTI0NzQ3OWYyNDqAAn1xAS4=\n', '2012-03-24 00:55:39');
INSERT INTO `django_session` VALUES('c02792eda9ae1f66d797b51f9ecf109e', 'MzMyYTQ1MGE2ZjQyYjcwMGRiOTY2ZWE5NTBkZjZiOWU4ZDU2MzBmZTqAAn1xAShVD2ZvcmdvdHRl\nbi1lbWFpbFgSAAAAbGl1aGVucnlAZ21haWwuY29tVRJfYXV0aF91c2VyX2JhY2tlbmRxAlUpZGph\nbmdvLmNvbnRyaWIuYXV0aC5iYWNrZW5kcy5Nb2RlbEJhY2tlbmRxA1UNX2F1dGhfdXNlcl9pZHEE\nigKSAHUu\n', '2012-05-01 19:02:21');
INSERT INTO `django_session` VALUES('c7b86499d261c4bceec0ef6675bb13b5', 'MTM0Yzg1ZGNkMzFhMmE1Nzc0ZDgyMmM5NjdlZGNhNGQzNDI0MzBhMTqAAn1xAShVEl9hdXRoX3Vz\nZXJfYmFja2VuZHECVSlkamFuZ28uY29udHJpYi5hdXRoLmJhY2tlbmRzLk1vZGVsQmFja2VuZHED\nVQ1fYXV0aF91c2VyX2lkcQSKAQF1Lg==\n', '2012-03-25 21:58:01');
INSERT INTO `django_session` VALUES('c8305a07299267256b6e6b46d8b67d8b', 'MTIxNGRjNzJmNjljNGNlMzhkMmI5YzI4NTZhYTRlYTFmYmM1ZTAxMjqAAn1xAShVEl9hdXRoX3Vz\nZXJfYmFja2VuZHECVSlkamFuZ28uY29udHJpYi5hdXRoLmJhY2tlbmRzLk1vZGVsQmFja2VuZHED\nVQ1fYXV0aF91c2VyX2lkcQSKASx1Lg==\n', '2012-03-26 04:40:14');
INSERT INTO `django_session` VALUES('cb49bd5d62895409bb1d1a5cf6e32343', 'NmE4OGIyNmUxNTc5NjJkM2NlMmU5YmNlNjMyZTEyMTI0NzQ3OWYyNDqAAn1xAS4=\n', '2012-04-04 22:52:57');
INSERT INTO `django_session` VALUES('cc57cb80c6bb8613c8cd8dcf4412965f', 'NmNmZmE1NDgxMGQwYTU5OWUzZDI1MGExYjBhZTk4MWE1ZDVlNTI0OTqAAn1xAShVCnRlc3Rjb29r\naWVxAlUGd29ya2VkcQNVDV9hdXRoX3VzZXJfaWSKApIAVRJfYXV0aF91c2VyX2JhY2tlbmRVKWRq\nYW5nby5jb250cmliLmF1dGguYmFja2VuZHMuTW9kZWxCYWNrZW5kdS4=\n', '2012-05-09 22:10:29');
INSERT INTO `django_session` VALUES('cd7381b9e180e8a11f411d9c370a89c6', 'MTU1ZDZhOTNkY2Y5MGY3Zjk4NWU0NGVjMDk4MDk0ZjFhZmEyN2U5NzqAAn1xAShVD2ZvcmdvdHRl\nbi1lbWFpbFgVAAAAd2VzbGV5LnpoYW9AZ21haWwuY29tVRJfYXV0aF91c2VyX2JhY2tlbmRxAlUp\nZGphbmdvLmNvbnRyaWIuYXV0aC5iYWNrZW5kcy5Nb2RlbEJhY2tlbmRxA1UNX2F1dGhfdXNlcl9p\nZHEEigEWdS4=\n', '2012-06-02 20:57:40');
INSERT INTO `django_session` VALUES('d2732e3b247f390bf2b5b4daa116b8d6', 'NmE4OGIyNmUxNTc5NjJkM2NlMmU5YmNlNjMyZTEyMTI0NzQ3OWYyNDqAAn1xAS4=\n', '2012-05-08 17:39:39');
INSERT INTO `django_session` VALUES('d291d21ca886bbcdfb9a36fe30e9d99a', 'OGUxYTkwMWMyMDJkODM0Y2M2NDliOGI0YzdjYzIwNzg1NDVjNjAwMjqAAn1xAVUKdGVzdGNvb2tp\nZXECVQZ3b3JrZWRxA3Mu\n', '2012-04-05 01:37:36');
INSERT INTO `django_session` VALUES('d859c5b473a7ef315bcf49895f41c916', 'NmE4OGIyNmUxNTc5NjJkM2NlMmU5YmNlNjMyZTEyMTI0NzQ3OWYyNDqAAn1xAS4=\n', '2012-04-06 02:36:13');
INSERT INTO `django_session` VALUES('d879baa31dcdf3ef36146036475104e2', 'ZmY2NjkxZWE2NTA1ODg1YmQ2ZTVhYzFiM2NmODkzY2IwZmQ5ZGI1NjqAAn1xAShVDV9hdXRoX3Vz\nZXJfaWSKAXpVEl9hdXRoX3VzZXJfYmFja2VuZFUpZGphbmdvLmNvbnRyaWIuYXV0aC5iYWNrZW5k\ncy5Nb2RlbEJhY2tlbmRxAnUu\n', '2012-04-14 14:45:42');
INSERT INTO `django_session` VALUES('da43bd6b4e0fa9f33d77721da54a1545', 'ZmEyODM5NWE4MmVmYWQxYzc1ZDA5NTVjMTlhOTU5ZTFkM2M1ZjViNjqAAn1xAShVEl9hdXRoX3Vz\nZXJfYmFja2VuZHECVSlkamFuZ28uY29udHJpYi5hdXRoLmJhY2tlbmRzLk1vZGVsQmFja2VuZHED\nVQ1fYXV0aF91c2VyX2lkcQSKARZ1Lg==\n', '2012-04-06 03:36:27');
INSERT INTO `django_session` VALUES('da61ab85e6b35047c1e459298e595a22', 'MjY0YTQ3YzcyNGNhOGI0MzZkNDUyZmQ3YzhjY2VlMzc2MjI5OTdkNzqAAn1xAShVEl9hdXRoX3Vz\nZXJfYmFja2VuZFUpZGphbmdvLmNvbnRyaWIuYXV0aC5iYWNrZW5kcy5Nb2RlbEJhY2tlbmRxAlUP\nZGphbmdvX2xhbmd1YWdlWAUAAAB6aC1jblUNX2F1dGhfdXNlcl9pZIoBFnUu\n', '2012-04-01 20:25:44');
INSERT INTO `django_session` VALUES('de6edbf9265271a6cccd1d52cb6c1f08', 'MTM0Yzg1ZGNkMzFhMmE1Nzc0ZDgyMmM5NjdlZGNhNGQzNDI0MzBhMTqAAn1xAShVEl9hdXRoX3Vz\nZXJfYmFja2VuZHECVSlkamFuZ28uY29udHJpYi5hdXRoLmJhY2tlbmRzLk1vZGVsQmFja2VuZHED\nVQ1fYXV0aF91c2VyX2lkcQSKAQF1Lg==\n', '2012-03-26 17:01:58');
INSERT INTO `django_session` VALUES('e0fb05243ca7c63d4eb095828ca454e9', 'MTU1ZDZhOTNkY2Y5MGY3Zjk4NWU0NGVjMDk4MDk0ZjFhZmEyN2U5NzqAAn1xAShVD2ZvcmdvdHRl\nbi1lbWFpbFgVAAAAd2VzbGV5LnpoYW9AZ21haWwuY29tVRJfYXV0aF91c2VyX2JhY2tlbmRxAlUp\nZGphbmdvLmNvbnRyaWIuYXV0aC5iYWNrZW5kcy5Nb2RlbEJhY2tlbmRxA1UNX2F1dGhfdXNlcl9p\nZHEEigEWdS4=\n', '2012-06-18 20:00:48');
INSERT INTO `django_session` VALUES('e2cfc3c240962fb830f3caa0db4ec1ae', 'NmE4OGIyNmUxNTc5NjJkM2NlMmU5YmNlNjMyZTEyMTI0NzQ3OWYyNDqAAn1xAS4=\n', '2012-04-04 22:52:54');
INSERT INTO `django_session` VALUES('e2fe4c95ed19e19ec8484de476a7f1c0', 'NDQ1YTMzMzg1ZjQ5OGJkNTkxMjJiMjQ3YWJkMzgwNjBhZjdmMjMxNTqAAn1xAShVEl9hdXRoX3Vz\nZXJfYmFja2VuZHECVSlkamFuZ28uY29udHJpYi5hdXRoLmJhY2tlbmRzLk1vZGVsQmFja2VuZHED\nVQ1fYXV0aF91c2VyX2lkcQSKARR1Lg==\n', '2012-03-07 14:28:06');
INSERT INTO `django_session` VALUES('e5b213b5a683913d356be4c419bad18e', 'NWZkZTA0OWMzZjkwNGVkYjIxYWJjZjg5YzQyN2U1YzA5Mzc2NzM0MDqAAn1xAShVEl9hdXRoX3Vz\nZXJfYmFja2VuZHECVSlkamFuZ28uY29udHJpYi5hdXRoLmJhY2tlbmRzLk1vZGVsQmFja2VuZHED\nVQ1fYXV0aF91c2VyX2lkcQSKAowAdS4=\n', '2012-04-13 18:26:27');
INSERT INTO `django_session` VALUES('e92dcc7ac0e819402715ac84b1c8b111', 'NmE4OGIyNmUxNTc5NjJkM2NlMmU5YmNlNjMyZTEyMTI0NzQ3OWYyNDqAAn1xAS4=\n', '2012-04-06 01:06:42');
INSERT INTO `django_session` VALUES('eb55251a9628f5749e5600fe27d7ce38', 'NmE4OGIyNmUxNTc5NjJkM2NlMmU5YmNlNjMyZTEyMTI0NzQ3OWYyNDqAAn1xAS4=\n', '2012-03-13 22:26:49');
INSERT INTO `django_session` VALUES('edc80a09b0d481ad3879f3ae11d4ad29', 'NmE4OGIyNmUxNTc5NjJkM2NlMmU5YmNlNjMyZTEyMTI0NzQ3OWYyNDqAAn1xAS4=\n', '2012-04-15 02:01:22');
INSERT INTO `django_session` VALUES('ef4ad590c8b210fa0b958ec9c4b7e5a5', 'ZmEyODM5NWE4MmVmYWQxYzc1ZDA5NTVjMTlhOTU5ZTFkM2M1ZjViNjqAAn1xAShVEl9hdXRoX3Vz\nZXJfYmFja2VuZHECVSlkamFuZ28uY29udHJpYi5hdXRoLmJhY2tlbmRzLk1vZGVsQmFja2VuZHED\nVQ1fYXV0aF91c2VyX2lkcQSKARZ1Lg==\n', '2012-07-22 20:36:38');
INSERT INTO `django_session` VALUES('f4a105c7c61bafbab94245a8510f72ac', 'NmE4OGIyNmUxNTc5NjJkM2NlMmU5YmNlNjMyZTEyMTI0NzQ3OWYyNDqAAn1xAS4=\n', '2012-04-15 01:21:17');
INSERT INTO `django_session` VALUES('f514a45dc9373ac233a3b12f9d778a62', 'NmE4OGIyNmUxNTc5NjJkM2NlMmU5YmNlNjMyZTEyMTI0NzQ3OWYyNDqAAn1xAS4=\n', '2012-04-01 19:10:52');
INSERT INTO `django_session` VALUES('f66da50bc9bb2395ee7fa7b92d4a2471', 'MTM0Yzg1ZGNkMzFhMmE1Nzc0ZDgyMmM5NjdlZGNhNGQzNDI0MzBhMTqAAn1xAShVEl9hdXRoX3Vz\nZXJfYmFja2VuZHECVSlkamFuZ28uY29udHJpYi5hdXRoLmJhY2tlbmRzLk1vZGVsQmFja2VuZHED\nVQ1fYXV0aF91c2VyX2lkcQSKAQF1Lg==\n', '2012-03-08 12:11:04');
INSERT INTO `django_session` VALUES('f68081240ef0c39eb38590d8bb1edfae', 'MTM0Yzg1ZGNkMzFhMmE1Nzc0ZDgyMmM5NjdlZGNhNGQzNDI0MzBhMTqAAn1xAShVEl9hdXRoX3Vz\nZXJfYmFja2VuZHECVSlkamFuZ28uY29udHJpYi5hdXRoLmJhY2tlbmRzLk1vZGVsQmFja2VuZHED\nVQ1fYXV0aF91c2VyX2lkcQSKAQF1Lg==\n', '2012-03-12 17:37:50');
INSERT INTO `django_session` VALUES('f693f8703f8294468b8886018e592168', 'NmE4OGIyNmUxNTc5NjJkM2NlMmU5YmNlNjMyZTEyMTI0NzQ3OWYyNDqAAn1xAS4=\n', '2012-08-14 22:11:58');
INSERT INTO `django_session` VALUES('fa9a784b55610040493182db35048dda', 'Y2Y2Y2Q4OGY4YWEyM2Y4MzkzYmY5OWEyZDg2YmFjMTMwMWY2YzA3ODqAAn1xAShVEl9hdXRoX3Vz\nZXJfYmFja2VuZHECVSlkamFuZ28uY29udHJpYi5hdXRoLmJhY2tlbmRzLk1vZGVsQmFja2VuZHED\nVQ1fYXV0aF91c2VyX2lkcQSKApMAdS4=\n', '2012-05-08 16:23:35');
INSERT INTO `django_session` VALUES('fcd213c3c08de90834dabf7512812f26', 'NmE4OGIyNmUxNTc5NjJkM2NlMmU5YmNlNjMyZTEyMTI0NzQ3OWYyNDqAAn1xAS4=\n', '2012-04-04 15:18:04');
INSERT INTO `django_session` VALUES('fd5fbc0b9bf3590da4b0be7bacfa8d52', 'ZjUwZGNjMzg5N2NkZmE2ZTViM2E2MWMyZTQ1NTI1NTMzOTdjMzZkNTqAAn1xAShVEl9hdXRoX3Vz\nZXJfYmFja2VuZHECVSlkamFuZ28uY29udHJpYi5hdXRoLmJhY2tlbmRzLk1vZGVsQmFja2VuZHED\nVQ1fYXV0aF91c2VyX2lkcQSKAogAdS4=\n', '2012-04-04 08:51:10');

-- --------------------------------------------------------

--
-- Table structure for table `django_site`
--

DROP TABLE IF EXISTS `django_site`;
CREATE TABLE `django_site` (
  `id` int(11) NOT NULL AUTO_INCREMENT,
  `domain` varchar(100) NOT NULL,
  `name` varchar(50) NOT NULL,
  PRIMARY KEY (`id`)
) ENGINE=InnoDB  DEFAULT CHARSET=utf8 AUTO_INCREMENT=2 ;

--
-- Dumping data for table `django_site`
--

INSERT INTO `django_site` VALUES(1, 'example.com', 'example.com');

-- --------------------------------------------------------

--
-- Table structure for table `djcelery_crontabschedule`
--

DROP TABLE IF EXISTS `djcelery_crontabschedule`;
CREATE TABLE `djcelery_crontabschedule` (
  `id` int(11) NOT NULL AUTO_INCREMENT,
  `minute` varchar(64) NOT NULL DEFAULT '*',
  `hour` varchar(64) NOT NULL DEFAULT '*',
  `day_of_week` varchar(64) NOT NULL DEFAULT '*',
  PRIMARY KEY (`id`)
) ENGINE=InnoDB DEFAULT CHARSET=utf8 AUTO_INCREMENT=1 ;

--
-- Dumping data for table `djcelery_crontabschedule`
--


-- --------------------------------------------------------

--
-- Table structure for table `djcelery_intervalschedule`
--

DROP TABLE IF EXISTS `djcelery_intervalschedule`;
CREATE TABLE `djcelery_intervalschedule` (
  `id` int(11) NOT NULL AUTO_INCREMENT,
  `every` int(11) NOT NULL,
  `period` varchar(24) NOT NULL,
  PRIMARY KEY (`id`)
) ENGINE=InnoDB DEFAULT CHARSET=utf8 AUTO_INCREMENT=1 ;

--
-- Dumping data for table `djcelery_intervalschedule`
--


-- --------------------------------------------------------

--
-- Table structure for table `djcelery_periodictask`
--

DROP TABLE IF EXISTS `djcelery_periodictask`;
CREATE TABLE `djcelery_periodictask` (
  `id` int(11) NOT NULL AUTO_INCREMENT,
  `name` varchar(200) NOT NULL,
  `task` varchar(200) NOT NULL,
  `interval_id` int(11) DEFAULT NULL,
  `crontab_id` int(11) DEFAULT NULL,
  `args` longtext NOT NULL,
  `kwargs` longtext NOT NULL,
  `queue` varchar(200) DEFAULT NULL,
  `exchange` varchar(200) DEFAULT NULL,
  `routing_key` varchar(200) DEFAULT NULL,
  `expires` datetime DEFAULT NULL,
  `enabled` tinyint(1) NOT NULL DEFAULT '1',
  `last_run_at` datetime DEFAULT NULL,
  `total_run_count` int(10) unsigned NOT NULL DEFAULT '0',
  `date_changed` datetime NOT NULL,
  `description` longtext NOT NULL,
  PRIMARY KEY (`id`),
  UNIQUE KEY `name` (`name`),
  KEY `djcelery_periodictask_17d2d99d` (`interval_id`),
  KEY `djcelery_periodictask_7aa5fda` (`crontab_id`)
) ENGINE=InnoDB DEFAULT CHARSET=utf8 AUTO_INCREMENT=1 ;

--
-- Dumping data for table `djcelery_periodictask`
--


-- --------------------------------------------------------

--
-- Table structure for table `djcelery_periodictasks`
--

DROP TABLE IF EXISTS `djcelery_periodictasks`;
CREATE TABLE `djcelery_periodictasks` (
  `ident` smallint(6) NOT NULL DEFAULT '1',
  `last_update` datetime NOT NULL,
  PRIMARY KEY (`ident`)
) ENGINE=InnoDB DEFAULT CHARSET=utf8;

--
-- Dumping data for table `djcelery_periodictasks`
--


-- --------------------------------------------------------

--
-- Table structure for table `djcelery_taskstate`
--

DROP TABLE IF EXISTS `djcelery_taskstate`;
CREATE TABLE `djcelery_taskstate` (
  `id` int(11) NOT NULL AUTO_INCREMENT,
  `state` varchar(64) NOT NULL,
  `task_id` varchar(36) NOT NULL,
  `name` varchar(200) DEFAULT NULL,
  `tstamp` datetime NOT NULL,
  `args` longtext,
  `kwargs` longtext,
  `eta` datetime DEFAULT NULL,
  `expires` datetime DEFAULT NULL,
  `result` longtext,
  `traceback` longtext,
  `runtime` double DEFAULT NULL,
  `retries` int(11) NOT NULL DEFAULT '0',
  `worker_id` int(11) DEFAULT NULL,
  `hidden` tinyint(1) NOT NULL DEFAULT '0',
  PRIMARY KEY (`id`),
  UNIQUE KEY `task_id` (`task_id`),
  KEY `djcelery_taskstate_355bfc27` (`state`),
  KEY `djcelery_taskstate_52094d6e` (`name`),
  KEY `djcelery_taskstate_f459b00` (`tstamp`),
  KEY `djcelery_taskstate_20fc5b84` (`worker_id`),
  KEY `djcelery_taskstate_c91f1bf` (`hidden`)
) ENGINE=InnoDB DEFAULT CHARSET=utf8 AUTO_INCREMENT=1 ;

--
-- Dumping data for table `djcelery_taskstate`
--


-- --------------------------------------------------------

--
-- Table structure for table `djcelery_workerstate`
--

DROP TABLE IF EXISTS `djcelery_workerstate`;
CREATE TABLE `djcelery_workerstate` (
  `id` int(11) NOT NULL AUTO_INCREMENT,
  `hostname` varchar(255) NOT NULL,
  `last_heartbeat` datetime DEFAULT NULL,
  PRIMARY KEY (`id`),
  UNIQUE KEY `hostname` (`hostname`),
  KEY `djcelery_workerstate_1475381c` (`last_heartbeat`)
) ENGINE=InnoDB DEFAULT CHARSET=utf8 AUTO_INCREMENT=1 ;

--
-- Dumping data for table `djcelery_workerstate`
--


-- --------------------------------------------------------

--
-- Table structure for table `engine_album`
--

DROP TABLE IF EXISTS `engine_album`;
CREATE TABLE `engine_album` (
  `id` int(11) NOT NULL AUTO_INCREMENT,
  `name` varchar(255) DEFAULT NULL,
  `date_created` datetime NOT NULL,
  `last_change` datetime NOT NULL,
  `caption` varchar(255) DEFAULT NULL,
  `thumbnail_id` int(11) DEFAULT NULL,
  `creator_id` int(11) DEFAULT NULL,
  `family_id` int(11) DEFAULT NULL,
  PRIMARY KEY (`id`),
  KEY `engine_photoalbum_52094d6e` (`name`),
  KEY `engine_photoalbum_5d6c470b` (`thumbnail_id`),
  KEY `engine_photoalbum_685aee7` (`creator_id`),
  KEY `engine_photoalbum_330df8aa` (`family_id`)
) ENGINE=InnoDB  DEFAULT CHARSET=utf8 AUTO_INCREMENT=42 ;

--
-- Dumping data for table `engine_album`
--

INSERT INTO `engine_album` VALUES(1, 'Board Photos', '2012-05-19 20:57:12', '2012-05-19 20:57:12', NULL, NULL, 19, 9);
INSERT INTO `engine_album` VALUES(2, 'Board Photos', '2012-05-19 20:57:12', '2012-05-19 20:57:12', NULL, NULL, 46, 11);
INSERT INTO `engine_album` VALUES(3, 'Board Photos', '2012-05-19 20:57:12', '2012-05-19 20:57:12', NULL, NULL, 47, 12);
INSERT INTO `engine_album` VALUES(4, 'Board Photos', '2012-05-19 20:57:12', '2012-05-19 20:57:12', NULL, NULL, 57, 13);
INSERT INTO `engine_album` VALUES(5, 'Board Photos', '2012-05-19 20:57:12', '2012-05-19 20:57:12', NULL, NULL, 66, 14);
INSERT INTO `engine_album` VALUES(6, 'Board Photos', '2012-05-19 20:57:12', '2012-05-19 20:57:12', NULL, NULL, NULL, 15);
INSERT INTO `engine_album` VALUES(7, 'Board Photos', '2012-05-19 20:57:12', '2012-05-19 20:57:12', NULL, NULL, 71, 16);
INSERT INTO `engine_album` VALUES(8, 'Board Photos', '2012-05-19 20:57:12', '2012-05-19 20:57:12', NULL, NULL, 71, 17);
INSERT INTO `engine_album` VALUES(9, 'Board Photos', '2012-05-19 20:57:12', '2012-05-19 20:57:12', NULL, NULL, 89, 18);
INSERT INTO `engine_album` VALUES(10, 'Board Photos', '2012-05-19 20:57:12', '2012-05-19 20:57:12', NULL, NULL, 71, 19);
INSERT INTO `engine_album` VALUES(11, 'Board Photos', '2012-05-19 20:57:12', '2012-05-19 20:57:12', NULL, NULL, 89, 20);
INSERT INTO `engine_album` VALUES(12, 'Board Photos', '2012-05-19 20:57:12', '2012-05-19 20:57:12', NULL, NULL, 112, 22);
INSERT INTO `engine_album` VALUES(13, 'Board Photos', '2012-05-19 20:57:12', '2012-05-19 20:57:12', NULL, NULL, 121, 25);
INSERT INTO `engine_album` VALUES(14, 'Board Photos', '2012-05-19 20:57:12', '2012-05-19 20:57:12', NULL, NULL, 21, 36);
INSERT INTO `engine_album` VALUES(15, 'Board Photos', '2012-05-19 20:57:12', '2012-05-19 20:57:12', NULL, NULL, 19, 37);
INSERT INTO `engine_album` VALUES(16, 'Board Photos', '2012-05-19 20:57:12', '2012-05-19 20:57:12', NULL, NULL, 135, 39);
INSERT INTO `engine_album` VALUES(17, 'Board Photos', '2012-05-19 20:57:12', '2012-05-19 20:57:12', NULL, NULL, 136, 40);
INSERT INTO `engine_album` VALUES(18, 'Board Photos', '2012-05-19 20:57:12', '2012-05-19 20:57:12', NULL, NULL, 19, 41);
INSERT INTO `engine_album` VALUES(19, 'Board Photos', '2012-05-19 20:57:12', '2012-05-19 20:57:12', NULL, NULL, 137, 42);
INSERT INTO `engine_album` VALUES(20, 'Board Photos', '2012-05-19 20:57:12', '2012-05-19 20:57:12', NULL, NULL, 139, 43);
INSERT INTO `engine_album` VALUES(21, 'Board Photos', '2012-05-19 20:57:12', '2012-05-19 20:57:12', NULL, NULL, 139, 44);
INSERT INTO `engine_album` VALUES(22, 'Board Photos', '2012-05-19 20:57:12', '2012-05-19 20:57:12', NULL, NULL, 139, 45);
INSERT INTO `engine_album` VALUES(23, 'Board Photos', '2012-05-19 20:57:12', '2012-05-19 20:57:12', NULL, NULL, 140, 46);
INSERT INTO `engine_album` VALUES(24, 'Board Photos', '2012-05-19 20:57:12', '2012-05-19 20:57:12', NULL, NULL, 141, 47);
INSERT INTO `engine_album` VALUES(25, 'Board Photos', '2012-05-19 20:57:12', '2012-05-19 20:57:12', NULL, NULL, 142, 48);
INSERT INTO `engine_album` VALUES(26, 'Board Photos', '2012-05-19 20:57:12', '2012-05-19 20:57:12', NULL, NULL, 144, 49);
INSERT INTO `engine_album` VALUES(30, 'Board Photos', '2012-05-19 20:57:12', '2012-05-19 20:57:12', NULL, NULL, 19, 53);
INSERT INTO `engine_album` VALUES(31, 'Board Photos', '2012-05-19 20:57:12', '2012-05-19 20:57:12', NULL, NULL, 19, 54);
INSERT INTO `engine_album` VALUES(32, 'Board Photos', '2012-05-19 20:57:12', '2012-05-19 20:57:12', NULL, NULL, 19, 55);
INSERT INTO `engine_album` VALUES(33, 'Board Photos', '2012-05-19 20:57:12', '2012-05-19 20:57:12', NULL, NULL, 19, 56);
INSERT INTO `engine_album` VALUES(34, 'Board Photos', '2012-05-19 20:57:12', '2012-05-19 20:57:12', NULL, NULL, 19, 57);
INSERT INTO `engine_album` VALUES(35, 'Github icons', '2012-05-20 03:40:33', '2012-05-20 03:40:33', '', NULL, NULL, 11);
INSERT INTO `engine_album` VALUES(36, 'New Photos Test', '2012-05-21 20:13:41', '2012-05-21 20:13:41', '', NULL, NULL, 11);
INSERT INTO `engine_album` VALUES(37, 'Board Photos', '2012-05-29 23:27:16', '2012-05-29 23:27:16', NULL, NULL, 21, 58);
INSERT INTO `engine_album` VALUES(39, 'Family Portraits', '2012-06-03 16:32:48', '2012-06-03 16:32:48', '', NULL, NULL, 11);
INSERT INTO `engine_album` VALUES(40, 'Winter Break', '2012-06-03 16:34:06', '2012-06-03 16:34:06', '', NULL, NULL, 11);
INSERT INTO `engine_album` VALUES(41, 'Board Photos', '2012-06-04 16:39:33', '2012-06-04 16:39:33', NULL, NULL, 174, 60);

-- --------------------------------------------------------

--
-- Table structure for table `engine_comment`
--

DROP TABLE IF EXISTS `engine_comment`;
CREATE TABLE `engine_comment` (
  `id` int(11) NOT NULL AUTO_INCREMENT,
  `from_profile_id` int(11) NOT NULL,
  `text` longtext,
  `comment_type` varchar(100) NOT NULL DEFAULT 'post',
  `photo_id` int(11) DEFAULT NULL,
  `date_created` datetime DEFAULT NULL,
  `moment_id` int(11) DEFAULT NULL,
  `update_id` int(11) DEFAULT NULL,
  PRIMARY KEY (`id`),
  KEY `engine_comment_7d8b07c6` (`from_profile_id`),
  KEY `engine_comment_817c2b0b` (`comment_type`),
  KEY `engine_comment_7c6c8bb1` (`photo_id`),
  KEY `engine_comment_7c5d0a46` (`moment_id`),
  KEY `engine_comment_d7e08394` (`update_id`)
) ENGINE=InnoDB  DEFAULT CHARSET=utf8 AUTO_INCREMENT=53 ;

--
-- Dumping data for table `engine_comment`
--

INSERT INTO `engine_comment` VALUES(5, 21, 'test comment', 'post', NULL, NULL, NULL, NULL);
INSERT INTO `engine_comment` VALUES(6, 21, 'comment!', 'moment', NULL, '2012-05-22 17:37:07', 271, NULL);
INSERT INTO `engine_comment` VALUES(44, 21, 'm to p', 'photo', 507, '2012-05-23 00:24:49', NULL, NULL);
INSERT INTO `engine_comment` VALUES(45, 21, 'i will FORK that bitch', 'photo', 503, '2012-05-23 01:07:58', NULL, NULL);
INSERT INTO `engine_comment` VALUES(46, 21, 'i love forking bitches', 'moment', NULL, '2012-05-23 01:08:06', 271, NULL);
INSERT INTO `engine_comment` VALUES(47, 21, 'so fucking blurry brah', 'moment', NULL, '2012-05-23 01:08:17', 269, NULL);
INSERT INTO `engine_comment` VALUES(48, 21, 'sexy screenshots', 'moment', NULL, '2012-05-23 01:08:42', 268, NULL);
INSERT INTO `engine_comment` VALUES(49, 21, 'mily ftw', 'moment', NULL, '2012-05-23 01:08:51', 267, NULL);
INSERT INTO `engine_comment` VALUES(51, 21, 'mmmm', 'photo', 741, '2012-06-09 22:32:45', NULL, NULL);
INSERT INTO `engine_comment` VALUES(52, 21, 'HOT', 'photo', 725, '2012-06-09 22:32:52', NULL, NULL);

-- --------------------------------------------------------

--
-- Table structure for table `engine_inviterequest`
--

DROP TABLE IF EXISTS `engine_inviterequest`;
CREATE TABLE `engine_inviterequest` (
  `id` int(11) NOT NULL AUTO_INCREMENT,
  `email` varchar(255) NOT NULL,
  `is_tweeted` tinyint(1) NOT NULL DEFAULT '0',
  `is_liked` tinyint(1) NOT NULL DEFAULT '0',
  `date_created` datetime DEFAULT NULL,
  `is_accepted` tinyint(1) NOT NULL,
  `contact_accepted` tinyint(1),
  `contact_denied` tinyint(1),
  `contact_last_change` datetime,
  `still_interested` tinyint(1),
  `still_interested_last_change` datetime,
  `phone_number` varchar(255),
  `skype` varchar(255),
  `test_bucket` tinyint(1) NOT NULL,
  PRIMARY KEY (`id`),
  KEY `engine_inviterequest_3904588a` (`email`)
) ENGINE=InnoDB  DEFAULT CHARSET=utf8 AUTO_INCREMENT=8 ;

--
-- Dumping data for table `engine_inviterequest`
--

INSERT INTO `engine_inviterequest` VALUES(1, 'wesley.zhao@gmail.com', 0, 0, NULL, 0, NULL, NULL, NULL, NULL, NULL, NULL, NULL, 0);
INSERT INTO `engine_inviterequest` VALUES(2, 'wesley.example@example.com', 0, 0, NULL, 0, NULL, NULL, NULL, NULL, NULL, NULL, NULL, 0);
INSERT INTO `engine_inviterequest` VALUES(3, 'weszhao@wharton.upenn.edu', 0, 0, NULL, 0, NULL, NULL, NULL, NULL, NULL, NULL, NULL, 0);
INSERT INTO `engine_inviterequest` VALUES(4, 'ajayumehta@gmail.com', 0, 0, NULL, 0, NULL, NULL, NULL, NULL, NULL, NULL, NULL, 0);
INSERT INTO `engine_inviterequest` VALUES(5, 'we.sley.zh.a.o@gmail.com', 0, 0, NULL, 0, NULL, NULL, NULL, NULL, NULL, NULL, NULL, 0);
INSERT INTO `engine_inviterequest` VALUES(6, 'liuhenry@gmail.com', 0, 0, NULL, 0, NULL, NULL, NULL, NULL, NULL, NULL, NULL, 0);
INSERT INTO `engine_inviterequest` VALUES(7, 'poopy@gmail.com', 0, 0, '2012-06-05 03:31:21', 0, NULL, NULL, NULL, NULL, NULL, NULL, NULL, 0);

-- --------------------------------------------------------

--
-- Table structure for table `engine_look`
--

DROP TABLE IF EXISTS `engine_look`;
CREATE TABLE `engine_look` (
  `id` int(11) NOT NULL AUTO_INCREMENT,
  `user_profile_id` int(11) NOT NULL,
  `look_type` varchar(100) NOT NULL DEFAULT 'post',
  `photo_id` int(11) DEFAULT NULL,
  `date_created` datetime DEFAULT NULL,
  `moment_id` int(11) DEFAULT NULL,
  `message_id` int(11) DEFAULT NULL,
  `update_id` int(11),
  PRIMARY KEY (`id`),
  KEY `engine_look_634d39b9` (`user_profile_id`),
  KEY `engine_look_15a9b336` (`look_type`),
  KEY `engine_look_7c6c8bb1` (`photo_id`),
  KEY `engine_look_7c5d0a46` (`moment_id`),
  KEY `engine_look_38373776` (`message_id`),
  KEY `engine_look_1bf6d33f` (`update_id`)
) ENGINE=InnoDB DEFAULT CHARSET=utf8 AUTO_INCREMENT=1 ;

--
-- Dumping data for table `engine_look`
--


-- --------------------------------------------------------

--
-- Table structure for table `engine_love`
--

DROP TABLE IF EXISTS `engine_love`;
CREATE TABLE `engine_love` (
  `id` int(11) NOT NULL AUTO_INCREMENT,
  `user_profile_id` int(11) NOT NULL,
  `love_type` varchar(100) NOT NULL DEFAULT 'post',
  `photo_id` int(11) DEFAULT NULL,
  `date_created` datetime DEFAULT NULL,
  `moment_id` int(11) DEFAULT NULL,
  `message_id` int(11) DEFAULT NULL,
  `update_id` int(11),
  PRIMARY KEY (`id`),
  KEY `engine_love_634d39b9` (`user_profile_id`),
  KEY `engine_love_56e52e3` (`love_type`),
  KEY `engine_love_7c6c8bb1` (`photo_id`),
  KEY `engine_love_7c5d0a46` (`moment_id`),
  KEY `engine_love_38373776` (`message_id`),
  KEY `engine_love_1bf6d33f` (`update_id`)
) ENGINE=InnoDB  DEFAULT CHARSET=utf8 AUTO_INCREMENT=13 ;

--
-- Dumping data for table `engine_love`
--

INSERT INTO `engine_love` VALUES(1, 21, 'moment', NULL, '2012-06-03 16:28:09', 314, NULL, NULL);
INSERT INTO `engine_love` VALUES(2, 21, 'moment', NULL, '2012-06-03 16:32:57', 316, NULL, NULL);
INSERT INTO `engine_love` VALUES(4, 21, 'moment', NULL, '2012-06-07 15:44:15', 325, NULL, NULL);
INSERT INTO `engine_love` VALUES(5, 21, 'photo', 643, '2012-06-07 15:45:30', NULL, NULL, NULL);
INSERT INTO `engine_love` VALUES(6, 21, 'photo', 698, '2012-06-07 19:27:57', NULL, NULL, NULL);
INSERT INTO `engine_love` VALUES(7, 21, 'photo', 710, '2012-06-08 17:59:29', NULL, NULL, NULL);
INSERT INTO `engine_love` VALUES(9, 21, 'moment', NULL, '2012-06-09 22:22:27', 347, NULL, NULL);
INSERT INTO `engine_love` VALUES(10, 21, 'photo', 633, '2012-06-09 22:24:02', NULL, NULL, NULL);
INSERT INTO `engine_love` VALUES(11, 21, 'photo', 762, '2012-06-23 03:01:34', NULL, NULL, NULL);
INSERT INTO `engine_love` VALUES(12, 21, 'moment', NULL, '2012-06-23 03:01:39', 339, NULL, NULL);

-- --------------------------------------------------------

--
-- Table structure for table `engine_moment`
--

DROP TABLE IF EXISTS `engine_moment`;
CREATE TABLE `engine_moment` (
  `id` int(11) NOT NULL AUTO_INCREMENT,
  `from_profile_id` int(11) NOT NULL,
  `to_family_id` int(11) NOT NULL,
  `date_created` datetime NOT NULL,
  `user_date_created` datetime NOT NULL,
  `text` longtext,
  `album_id` int(11) DEFAULT NULL,
  PRIMARY KEY (`id`),
  KEY `engine_moment_7d8b07c6` (`from_profile_id`),
  KEY `engine_moment_172e38b3` (`to_family_id`),
  KEY `engine_moment_1293c648` (`album_id`)
) ENGINE=InnoDB  DEFAULT CHARSET=utf8 AUTO_INCREMENT=352 ;

--
-- Dumping data for table `engine_moment`
--

INSERT INTO `engine_moment` VALUES(1, 21, 11, '2012-02-27 18:12:31', '2012-05-19 20:57:13', NULL, 2);
INSERT INTO `engine_moment` VALUES(2, 21, 11, '2012-02-27 18:12:34', '2012-05-19 20:57:13', NULL, 2);
INSERT INTO `engine_moment` VALUES(3, 21, 11, '2012-02-27 18:12:38', '2012-05-19 20:57:13', NULL, 2);
INSERT INTO `engine_moment` VALUES(4, 21, 11, '2012-02-27 18:12:42', '2012-05-19 20:57:13', NULL, 2);
INSERT INTO `engine_moment` VALUES(5, 21, 11, '2012-02-27 18:12:46', '2012-05-19 20:57:13', NULL, 2);
INSERT INTO `engine_moment` VALUES(6, 21, 11, '2012-02-27 18:13:39', '2012-05-19 20:57:13', NULL, 2);
INSERT INTO `engine_moment` VALUES(7, 21, 11, '2012-02-27 18:13:43', '2012-05-19 20:57:13', NULL, 2);
INSERT INTO `engine_moment` VALUES(8, 21, 11, '2012-02-27 18:13:47', '2012-05-19 20:57:13', NULL, 2);
INSERT INTO `engine_moment` VALUES(9, 21, 11, '2012-02-27 18:13:51', '2012-05-19 20:57:13', NULL, 2);
INSERT INTO `engine_moment` VALUES(10, 21, 11, '2012-02-27 18:13:55', '2012-05-19 20:57:13', NULL, 2);
INSERT INTO `engine_moment` VALUES(11, 21, 11, '2012-02-27 18:15:26', '2012-05-19 20:57:13', NULL, 2);
INSERT INTO `engine_moment` VALUES(12, 21, 11, '2012-02-27 18:15:30', '2012-05-19 20:57:13', NULL, 2);
INSERT INTO `engine_moment` VALUES(13, 21, 11, '2012-02-27 18:15:34', '2012-05-19 20:57:13', NULL, 2);
INSERT INTO `engine_moment` VALUES(14, 21, 11, '2012-02-27 18:15:38', '2012-05-19 20:57:13', NULL, 2);
INSERT INTO `engine_moment` VALUES(15, 21, 11, '2012-02-27 18:15:42', '2012-05-19 20:57:13', NULL, 2);
INSERT INTO `engine_moment` VALUES(16, 21, 11, '2012-02-27 22:37:00', '2012-05-19 20:57:13', NULL, 2);
INSERT INTO `engine_moment` VALUES(17, 21, 11, '2012-02-27 22:37:04', '2012-05-19 20:57:13', NULL, 2);
INSERT INTO `engine_moment` VALUES(18, 21, 11, '2012-02-27 22:37:08', '2012-05-19 20:57:13', NULL, 2);
INSERT INTO `engine_moment` VALUES(19, 21, 11, '2012-02-27 22:37:12', '2012-05-19 20:57:13', NULL, 2);
INSERT INTO `engine_moment` VALUES(20, 21, 11, '2012-02-27 22:37:16', '2012-05-19 20:57:13', NULL, 2);
INSERT INTO `engine_moment` VALUES(21, 21, 11, '2012-02-27 23:12:08', '2012-05-19 20:57:13', NULL, 2);
INSERT INTO `engine_moment` VALUES(22, 21, 11, '2012-02-27 23:12:11', '2012-05-19 20:57:13', NULL, 2);
INSERT INTO `engine_moment` VALUES(23, 21, 11, '2012-02-27 23:12:15', '2012-05-19 20:57:13', NULL, 2);
INSERT INTO `engine_moment` VALUES(24, 21, 11, '2012-02-27 23:12:18', '2012-05-19 20:57:13', NULL, 2);
INSERT INTO `engine_moment` VALUES(25, 21, 11, '2012-02-27 23:12:21', '2012-05-19 20:57:13', NULL, 2);
INSERT INTO `engine_moment` VALUES(26, 21, 11, '2012-02-27 23:20:49', '2012-05-19 20:57:13', NULL, 2);
INSERT INTO `engine_moment` VALUES(27, 21, 11, '2012-02-27 23:20:53', '2012-05-19 20:57:13', NULL, 2);
INSERT INTO `engine_moment` VALUES(28, 21, 11, '2012-02-27 23:20:57', '2012-05-19 20:57:13', NULL, 2);
INSERT INTO `engine_moment` VALUES(29, 21, 11, '2012-02-27 23:21:01', '2012-05-19 20:57:13', NULL, 2);
INSERT INTO `engine_moment` VALUES(30, 21, 11, '2012-02-27 23:21:05', '2012-05-19 20:57:13', NULL, 2);
INSERT INTO `engine_moment` VALUES(31, 21, 11, '2012-02-27 23:22:54', '2012-05-19 20:57:13', NULL, 2);
INSERT INTO `engine_moment` VALUES(32, 21, 11, '2012-02-27 23:22:58', '2012-05-19 20:57:13', NULL, 2);
INSERT INTO `engine_moment` VALUES(33, 21, 11, '2012-02-27 23:23:02', '2012-05-19 20:57:13', NULL, 2);
INSERT INTO `engine_moment` VALUES(34, 21, 11, '2012-02-27 23:23:06', '2012-05-19 20:57:13', NULL, 2);
INSERT INTO `engine_moment` VALUES(35, 21, 11, '2012-02-27 23:23:10', '2012-05-19 20:57:13', NULL, 2);
INSERT INTO `engine_moment` VALUES(36, 21, 11, '2012-02-27 23:24:26', '2012-05-19 20:57:13', NULL, 2);
INSERT INTO `engine_moment` VALUES(37, 21, 11, '2012-02-27 23:24:30', '2012-05-19 20:57:13', NULL, 2);
INSERT INTO `engine_moment` VALUES(38, 21, 11, '2012-02-27 23:24:34', '2012-05-19 20:57:13', NULL, 2);
INSERT INTO `engine_moment` VALUES(39, 21, 11, '2012-02-27 23:24:38', '2012-05-19 20:57:13', NULL, 2);
INSERT INTO `engine_moment` VALUES(40, 21, 11, '2012-02-27 23:24:44', '2012-05-19 20:57:13', NULL, 2);
INSERT INTO `engine_moment` VALUES(41, 21, 11, '2012-02-27 23:27:15', '2012-05-19 20:57:13', NULL, 2);
INSERT INTO `engine_moment` VALUES(42, 21, 11, '2012-02-27 23:27:19', '2012-05-19 20:57:13', NULL, 2);
INSERT INTO `engine_moment` VALUES(43, 21, 11, '2012-02-27 23:27:23', '2012-05-19 20:57:13', NULL, 2);
INSERT INTO `engine_moment` VALUES(44, 21, 11, '2012-02-27 23:27:27', '2012-05-19 20:57:13', NULL, 2);
INSERT INTO `engine_moment` VALUES(45, 21, 11, '2012-02-27 23:27:31', '2012-05-19 20:57:13', NULL, 2);
INSERT INTO `engine_moment` VALUES(46, 21, 11, '2012-02-27 23:34:58', '2012-05-19 20:57:13', 'test comment1', 2);
INSERT INTO `engine_moment` VALUES(47, 21, 11, '2012-02-27 23:35:01', '2012-05-19 20:57:13', NULL, 2);
INSERT INTO `engine_moment` VALUES(48, 21, 11, '2012-02-27 23:35:08', '2012-05-19 20:57:13', 'troolol lololo', 2);
INSERT INTO `engine_moment` VALUES(49, 21, 11, '2012-02-27 23:35:12', '2012-05-19 20:57:13', NULL, 2);
INSERT INTO `engine_moment` VALUES(50, 21, 11, '2012-02-27 23:35:18', '2012-05-19 20:57:13', NULL, 2);
INSERT INTO `engine_moment` VALUES(51, 21, 11, '2012-02-28 00:39:21', '2012-05-19 20:57:13', NULL, 2);
INSERT INTO `engine_moment` VALUES(52, 21, 11, '2012-02-28 00:39:25', '2012-05-19 20:57:13', NULL, 2);
INSERT INTO `engine_moment` VALUES(53, 21, 11, '2012-02-28 00:39:29', '2012-05-19 20:57:13', NULL, 2);
INSERT INTO `engine_moment` VALUES(54, 21, 11, '2012-02-28 00:39:33', '2012-05-19 20:57:13', NULL, 2);
INSERT INTO `engine_moment` VALUES(55, 21, 11, '2012-02-28 00:39:38', '2012-05-19 20:57:13', NULL, 2);
INSERT INTO `engine_moment` VALUES(56, 21, 11, '2012-02-28 01:02:45', '2012-05-19 20:57:14', '', 2);
INSERT INTO `engine_moment` VALUES(57, 21, 11, '2012-02-28 01:02:49', '2012-05-19 20:57:14', '', 2);
INSERT INTO `engine_moment` VALUES(58, 21, 11, '2012-02-28 01:02:53', '2012-05-19 20:57:14', '', 2);
INSERT INTO `engine_moment` VALUES(59, 21, 11, '2012-02-28 01:02:57', '2012-05-19 20:57:14', '', 2);
INSERT INTO `engine_moment` VALUES(60, 21, 11, '2012-02-28 01:03:01', '2012-05-19 20:57:14', '', 2);
INSERT INTO `engine_moment` VALUES(61, 21, 11, '2012-02-28 01:03:28', '2012-05-19 20:57:14', '', 2);
INSERT INTO `engine_moment` VALUES(62, 21, 11, '2012-02-28 01:03:32', '2012-05-19 20:57:14', '', 2);
INSERT INTO `engine_moment` VALUES(63, 21, 11, '2012-02-28 01:03:37', '2012-05-19 20:57:14', '', 2);
INSERT INTO `engine_moment` VALUES(64, 21, 11, '2012-02-28 01:03:41', '2012-05-19 20:57:14', '', 2);
INSERT INTO `engine_moment` VALUES(65, 21, 11, '2012-02-28 01:03:45', '2012-05-19 20:57:14', '', 2);
INSERT INTO `engine_moment` VALUES(66, 21, 11, '2012-02-28 01:05:12', '2012-05-19 20:57:14', '', 2);
INSERT INTO `engine_moment` VALUES(67, 21, 11, '2012-02-28 01:05:15', '2012-05-19 20:57:14', '', 2);
INSERT INTO `engine_moment` VALUES(68, 21, 11, '2012-02-28 01:05:21', '2012-05-19 20:57:14', 'test comment', 2);
INSERT INTO `engine_moment` VALUES(69, 21, 11, '2012-02-28 01:05:24', '2012-05-19 20:57:14', 'test comment2', 2);
INSERT INTO `engine_moment` VALUES(70, 21, 11, '2012-02-28 01:05:28', '2012-05-19 20:57:14', '', 2);
INSERT INTO `engine_moment` VALUES(71, 21, 11, '2012-02-28 01:06:55', '2012-05-19 20:57:14', '', 2);
INSERT INTO `engine_moment` VALUES(72, 21, 11, '2012-02-28 01:06:59', '2012-05-19 20:57:14', '', 2);
INSERT INTO `engine_moment` VALUES(73, 21, 11, '2012-02-28 01:07:03', '2012-05-19 20:57:14', '', 2);
INSERT INTO `engine_moment` VALUES(74, 21, 11, '2012-02-28 01:07:07', '2012-05-19 20:57:14', '', 2);
INSERT INTO `engine_moment` VALUES(75, 21, 11, '2012-02-28 01:07:11', '2012-05-19 20:57:14', '', 2);
INSERT INTO `engine_moment` VALUES(76, 21, 11, '2012-03-02 18:39:33', '2012-05-19 20:57:14', 'cap1', 2);
INSERT INTO `engine_moment` VALUES(77, 21, 11, '2012-03-02 18:39:36', '2012-05-19 20:57:14', 'cap2', 2);
INSERT INTO `engine_moment` VALUES(78, 21, 11, '2012-03-02 18:54:25', '2012-05-19 20:57:14', 'cap2', 2);
INSERT INTO `engine_moment` VALUES(79, 21, 11, '2012-03-02 19:03:14', '2012-05-19 20:57:14', 'THIS IS A TEST long long comment on a photo long long description test test test. Even longer, how are you all doing today? good i hope. thanks.', 2);
INSERT INTO `engine_moment` VALUES(80, 21, 11, '2012-03-02 20:57:08', '2012-05-19 20:57:14', 'Charlotte', 2);
INSERT INTO `engine_moment` VALUES(81, 71, 16, '2012-03-03 02:12:29', '2012-05-19 20:57:14', 'marrakech', 7);
INSERT INTO `engine_moment` VALUES(82, 71, 16, '2012-03-03 02:55:39', '2012-05-19 20:57:14', '', 7);
INSERT INTO `engine_moment` VALUES(83, 21, 11, '2012-03-03 04:05:38', '2012-05-19 20:57:14', '', 2);
INSERT INTO `engine_moment` VALUES(84, 21, 11, '2012-03-03 04:05:41', '2012-05-19 20:57:14', '', 2);
INSERT INTO `engine_moment` VALUES(85, 21, 11, '2012-03-03 04:05:45', '2012-05-19 20:57:14', '', 2);
INSERT INTO `engine_moment` VALUES(86, 21, 11, '2012-03-03 04:05:48', '2012-05-19 20:57:14', '', 2);
INSERT INTO `engine_moment` VALUES(87, 21, 11, '2012-03-03 04:05:52', '2012-05-19 20:57:14', '', 2);
INSERT INTO `engine_moment` VALUES(88, 21, 11, '2012-03-03 04:06:12', '2012-05-19 20:57:14', '', 2);
INSERT INTO `engine_moment` VALUES(89, 21, 11, '2012-03-03 04:06:14', '2012-05-19 20:57:14', '', 2);
INSERT INTO `engine_moment` VALUES(90, 21, 11, '2012-03-03 04:14:35', '2012-05-19 20:57:14', 'moo', 2);
INSERT INTO `engine_moment` VALUES(91, 21, 11, '2012-03-03 04:14:37', '2012-05-19 20:57:14', 'moo2', 2);
INSERT INTO `engine_moment` VALUES(92, 21, 11, '2012-03-03 04:14:40', '2012-05-19 20:57:14', 'moo4', 2);
INSERT INTO `engine_moment` VALUES(93, 21, 11, '2012-03-03 04:21:03', '2012-05-19 20:57:14', '', 2);
INSERT INTO `engine_moment` VALUES(94, 21, 11, '2012-03-03 04:21:06', '2012-05-19 20:57:14', '', 2);
INSERT INTO `engine_moment` VALUES(95, 21, 11, '2012-03-03 04:32:47', '2012-05-19 20:57:14', '', 2);
INSERT INTO `engine_moment` VALUES(96, 89, 18, '2012-03-08 03:16:39', '2012-05-19 20:57:14', '', 9);
INSERT INTO `engine_moment` VALUES(97, 89, 18, '2012-03-08 03:16:41', '2012-05-19 20:57:14', '', 9);
INSERT INTO `engine_moment` VALUES(98, 89, 18, '2012-03-08 03:16:43', '2012-05-19 20:57:14', '', 9);
INSERT INTO `engine_moment` VALUES(99, 89, 18, '2012-03-08 03:16:47', '2012-05-19 20:57:14', '', 9);
INSERT INTO `engine_moment` VALUES(100, 89, 18, '2012-03-08 03:16:49', '2012-05-19 20:57:14', '', 9);
INSERT INTO `engine_moment` VALUES(101, 71, 16, '2012-03-08 03:48:59', '2012-05-19 20:57:14', '', 7);
INSERT INTO `engine_moment` VALUES(102, 71, 16, '2012-03-08 03:49:02', '2012-05-19 20:57:14', '', 7);
INSERT INTO `engine_moment` VALUES(103, 71, 16, '2012-03-08 03:49:04', '2012-05-19 20:57:14', '', 7);
INSERT INTO `engine_moment` VALUES(104, 71, 16, '2012-03-08 03:49:07', '2012-05-19 20:57:14', '', 7);
INSERT INTO `engine_moment` VALUES(105, 71, 16, '2012-03-08 03:49:10', '2012-05-19 20:57:14', '', 7);
INSERT INTO `engine_moment` VALUES(106, 71, 16, '2012-03-08 03:49:12', '2012-05-19 20:57:14', 'At the tanneries in Marrakech. The city has a rich history of chillin with leather. leather leather leather. ', 7);
INSERT INTO `engine_moment` VALUES(107, 71, 16, '2012-03-08 03:49:15', '2012-05-19 20:57:14', 'Here''s a cat just chillin. ', 7);
INSERT INTO `engine_moment` VALUES(108, 21, 11, '2012-03-08 04:48:41', '2012-05-19 20:57:14', '', 2);
INSERT INTO `engine_moment` VALUES(109, 21, 11, '2012-03-08 04:48:45', '2012-05-19 20:57:14', '', 2);
INSERT INTO `engine_moment` VALUES(110, 21, 11, '2012-03-08 04:48:48', '2012-05-19 20:57:14', '', 2);
INSERT INTO `engine_moment` VALUES(111, 21, 11, '2012-03-08 04:48:52', '2012-05-19 20:57:14', '', 2);
INSERT INTO `engine_moment` VALUES(112, 21, 11, '2012-03-08 04:48:55', '2012-05-19 20:57:14', '', 2);
INSERT INTO `engine_moment` VALUES(113, 19, 9, '2012-03-14 15:55:10', '2012-05-19 20:57:14', '', 1);
INSERT INTO `engine_moment` VALUES(114, 19, 11, '2012-03-14 15:58:38', '2012-05-19 20:57:14', '', 2);
INSERT INTO `engine_moment` VALUES(115, 19, 9, '2012-03-18 18:10:12', '2012-05-19 20:57:14', '', 1);
INSERT INTO `engine_moment` VALUES(116, 121, 25, '2012-03-18 18:33:14', '2012-05-19 20:57:14', '', 13);
INSERT INTO `engine_moment` VALUES(117, 19, 9, '2012-03-20 01:57:01', '2012-05-19 20:57:14', '', 1);
INSERT INTO `engine_moment` VALUES(118, 19, 9, '2012-03-20 01:57:02', '2012-05-19 20:57:14', '', 1);
INSERT INTO `engine_moment` VALUES(119, 21, 36, '2012-03-20 02:15:58', '2012-05-19 20:57:14', '', 14);
INSERT INTO `engine_moment` VALUES(120, 135, 39, '2012-03-21 11:01:36', '2012-05-19 20:57:14', 'Me', 16);
INSERT INTO `engine_moment` VALUES(121, 135, 39, '2012-03-21 11:10:37', '2012-05-19 20:57:14', '', 16);
INSERT INTO `engine_moment` VALUES(122, 136, 40, '2012-03-23 03:44:31', '2012-05-19 20:57:14', 'gay', 17);
INSERT INTO `engine_moment` VALUES(123, 136, 40, '2012-03-23 03:44:33', '2012-05-19 20:57:14', 'jpg', 17);
INSERT INTO `engine_moment` VALUES(124, 136, 40, '2012-03-23 03:49:53', '2012-05-19 20:57:14', 'HUGE', 17);
INSERT INTO `engine_moment` VALUES(125, 21, 11, '2012-03-23 23:50:48', '2012-05-19 20:57:14', 'test $.json', 2);
INSERT INTO `engine_moment` VALUES(126, 139, 43, '2012-03-30 21:03:00', '2012-05-19 20:57:14', '', 20);
INSERT INTO `engine_moment` VALUES(127, 139, 44, '2012-03-30 23:36:29', '2012-05-19 20:57:14', '', 21);
INSERT INTO `engine_moment` VALUES(128, 139, 44, '2012-03-30 23:36:31', '2012-05-19 20:57:14', '', 21);
INSERT INTO `engine_moment` VALUES(129, 139, 44, '2012-03-30 23:36:33', '2012-05-19 20:57:14', '', 21);
INSERT INTO `engine_moment` VALUES(130, 139, 44, '2012-03-31 00:16:28', '2012-05-19 20:57:14', '', 21);
INSERT INTO `engine_moment` VALUES(131, 139, 44, '2012-03-31 00:16:30', '2012-05-19 20:57:14', '', 21);
INSERT INTO `engine_moment` VALUES(132, 139, 44, '2012-03-31 00:16:32', '2012-05-19 20:57:14', '', 21);
INSERT INTO `engine_moment` VALUES(133, 139, 44, '2012-03-31 00:16:35', '2012-05-19 20:57:14', '', 21);
INSERT INTO `engine_moment` VALUES(134, 121, 25, '2012-04-14 17:09:39', '2012-05-19 20:57:14', '', 13);
INSERT INTO `engine_moment` VALUES(135, 21, 11, '2012-04-15 13:47:42', '2012-05-19 20:57:14', '', 2);
INSERT INTO `engine_moment` VALUES(140, 21, 14, '2012-05-19 20:57:12', '2012-05-19 20:57:14', NULL, 5);
INSERT INTO `engine_moment` VALUES(141, 21, 14, '2012-05-19 20:57:12', '2012-05-19 20:57:14', NULL, 5);
INSERT INTO `engine_moment` VALUES(142, 21, 14, '2012-05-19 20:57:12', '2012-05-19 20:57:14', NULL, 5);
INSERT INTO `engine_moment` VALUES(143, 21, 14, '2012-05-19 20:57:12', '2012-05-19 20:57:14', NULL, 5);
INSERT INTO `engine_moment` VALUES(144, 21, 14, '2012-05-19 20:57:12', '2012-05-19 20:57:14', NULL, 5);
INSERT INTO `engine_moment` VALUES(145, 21, 14, '2012-05-19 20:57:12', '2012-05-19 20:57:14', NULL, 5);
INSERT INTO `engine_moment` VALUES(146, 21, 14, '2012-05-19 20:57:12', '2012-05-19 20:57:14', NULL, 5);
INSERT INTO `engine_moment` VALUES(147, 21, 14, '2012-05-19 20:57:12', '2012-05-19 20:57:14', NULL, 5);
INSERT INTO `engine_moment` VALUES(148, 21, 14, '2012-05-19 20:57:12', '2012-05-19 20:57:14', NULL, 5);
INSERT INTO `engine_moment` VALUES(149, 21, 14, '2012-05-19 20:57:12', '2012-05-19 20:57:14', NULL, 5);
INSERT INTO `engine_moment` VALUES(150, 21, 14, '2012-05-19 20:57:12', '2012-05-19 20:57:14', NULL, 5);
INSERT INTO `engine_moment` VALUES(151, 21, 14, '2012-05-19 20:57:12', '2012-05-19 20:57:14', NULL, 5);
INSERT INTO `engine_moment` VALUES(152, 21, 14, '2012-05-19 20:57:12', '2012-05-19 20:57:14', NULL, 5);
INSERT INTO `engine_moment` VALUES(153, 21, 14, '2012-05-19 20:57:12', '2012-05-19 20:57:14', NULL, 5);
INSERT INTO `engine_moment` VALUES(154, 21, 14, '2012-05-19 20:57:12', '2012-05-19 20:57:14', NULL, 5);
INSERT INTO `engine_moment` VALUES(155, 21, 14, '2012-05-19 20:57:12', '2012-05-19 20:57:14', NULL, 5);
INSERT INTO `engine_moment` VALUES(156, 21, 14, '2012-05-19 20:57:12', '2012-05-19 20:57:14', NULL, 5);
INSERT INTO `engine_moment` VALUES(157, 21, 14, '2012-05-19 20:57:12', '2012-05-19 20:57:14', NULL, 5);
INSERT INTO `engine_moment` VALUES(158, 21, 14, '2012-05-19 20:57:12', '2012-05-19 20:57:14', NULL, 5);
INSERT INTO `engine_moment` VALUES(159, 21, 14, '2012-05-19 20:57:12', '2012-05-19 20:57:14', NULL, 5);
INSERT INTO `engine_moment` VALUES(160, 21, 14, '2012-05-19 20:57:12', '2012-05-19 20:57:14', NULL, 5);
INSERT INTO `engine_moment` VALUES(161, 21, 14, '2012-05-19 20:57:12', '2012-05-19 20:57:14', NULL, 5);
INSERT INTO `engine_moment` VALUES(162, 21, 14, '2012-05-19 20:57:12', '2012-05-19 20:57:14', NULL, 5);
INSERT INTO `engine_moment` VALUES(163, 21, 14, '2012-05-19 20:57:12', '2012-05-19 20:57:14', NULL, 5);
INSERT INTO `engine_moment` VALUES(164, 21, 14, '2012-05-19 20:57:12', '2012-05-19 20:57:14', NULL, 5);
INSERT INTO `engine_moment` VALUES(165, 21, 14, '2012-05-19 20:57:12', '2012-05-19 20:57:14', NULL, 5);
INSERT INTO `engine_moment` VALUES(166, 21, 14, '2012-05-19 20:57:12', '2012-05-19 20:57:14', NULL, 5);
INSERT INTO `engine_moment` VALUES(167, 21, 14, '2012-05-19 20:57:12', '2012-05-19 20:57:14', NULL, 5);
INSERT INTO `engine_moment` VALUES(168, 21, 14, '2012-05-19 20:57:12', '2012-05-19 20:57:14', NULL, 5);
INSERT INTO `engine_moment` VALUES(169, 21, 14, '2012-05-19 20:57:12', '2012-05-19 20:57:14', NULL, 5);
INSERT INTO `engine_moment` VALUES(170, 21, 14, '2012-05-19 20:57:12', '2012-05-19 20:57:14', NULL, 5);
INSERT INTO `engine_moment` VALUES(171, 21, 14, '2012-05-19 20:57:12', '2012-05-19 20:57:14', NULL, 5);
INSERT INTO `engine_moment` VALUES(172, 21, 14, '2012-05-19 20:57:12', '2012-05-19 20:57:14', NULL, 5);
INSERT INTO `engine_moment` VALUES(173, 21, 14, '2012-05-19 20:57:12', '2012-05-19 20:57:14', NULL, 5);
INSERT INTO `engine_moment` VALUES(174, 21, 14, '2012-05-19 20:57:12', '2012-05-19 20:57:14', NULL, 5);
INSERT INTO `engine_moment` VALUES(175, 21, 14, '2012-05-19 20:57:12', '2012-05-19 20:57:14', NULL, 5);
INSERT INTO `engine_moment` VALUES(176, 21, 14, '2012-05-19 20:57:12', '2012-05-19 20:57:14', NULL, 5);
INSERT INTO `engine_moment` VALUES(177, 21, 14, '2012-05-19 20:57:12', '2012-05-19 20:57:14', NULL, 5);
INSERT INTO `engine_moment` VALUES(178, 21, 14, '2012-05-19 20:57:12', '2012-05-19 20:57:14', NULL, 5);
INSERT INTO `engine_moment` VALUES(179, 21, 14, '2012-05-19 20:57:12', '2012-05-19 20:57:14', NULL, 5);
INSERT INTO `engine_moment` VALUES(180, 21, 14, '2012-05-19 20:57:12', '2012-05-19 20:57:14', NULL, 5);
INSERT INTO `engine_moment` VALUES(181, 21, 14, '2012-05-19 20:57:12', '2012-05-19 20:57:14', NULL, 5);
INSERT INTO `engine_moment` VALUES(182, 21, 14, '2012-05-19 20:57:12', '2012-05-19 20:57:14', NULL, 5);
INSERT INTO `engine_moment` VALUES(183, 21, 14, '2012-05-19 20:57:12', '2012-05-19 20:57:14', NULL, 5);
INSERT INTO `engine_moment` VALUES(184, 21, 14, '2012-05-19 20:57:12', '2012-05-19 20:57:14', NULL, 5);
INSERT INTO `engine_moment` VALUES(185, 21, 14, '2012-05-19 20:57:12', '2012-05-19 20:57:14', 'test comment1', 5);
INSERT INTO `engine_moment` VALUES(186, 21, 14, '2012-05-19 20:57:12', '2012-05-19 20:57:14', NULL, 5);
INSERT INTO `engine_moment` VALUES(187, 21, 14, '2012-05-19 20:57:12', '2012-05-19 20:57:14', 'troolol lololo', 5);
INSERT INTO `engine_moment` VALUES(188, 21, 14, '2012-05-19 20:57:12', '2012-05-19 20:57:14', NULL, 5);
INSERT INTO `engine_moment` VALUES(189, 21, 14, '2012-05-19 20:57:12', '2012-05-19 20:57:14', NULL, 5);
INSERT INTO `engine_moment` VALUES(190, 21, 14, '2012-05-19 20:57:12', '2012-05-19 20:57:14', NULL, 5);
INSERT INTO `engine_moment` VALUES(191, 21, 14, '2012-05-19 20:57:12', '2012-05-19 20:57:14', NULL, 5);
INSERT INTO `engine_moment` VALUES(192, 21, 14, '2012-05-19 20:57:12', '2012-05-19 20:57:15', NULL, 5);
INSERT INTO `engine_moment` VALUES(193, 21, 14, '2012-05-19 20:57:12', '2012-05-19 20:57:15', NULL, 5);
INSERT INTO `engine_moment` VALUES(194, 21, 14, '2012-05-19 20:57:12', '2012-05-19 20:57:15', NULL, 5);
INSERT INTO `engine_moment` VALUES(195, 21, 14, '2012-05-19 20:57:12', '2012-05-19 20:57:15', '', 5);
INSERT INTO `engine_moment` VALUES(196, 21, 14, '2012-05-19 20:57:12', '2012-05-19 20:57:15', '', 5);
INSERT INTO `engine_moment` VALUES(197, 21, 14, '2012-05-19 20:57:12', '2012-05-19 20:57:15', '', 5);
INSERT INTO `engine_moment` VALUES(198, 21, 14, '2012-05-19 20:57:12', '2012-05-19 20:57:15', '', 5);
INSERT INTO `engine_moment` VALUES(199, 21, 14, '2012-05-19 20:57:12', '2012-05-19 20:57:15', '', 5);
INSERT INTO `engine_moment` VALUES(200, 21, 14, '2012-05-19 20:57:12', '2012-05-19 20:57:15', '', 5);
INSERT INTO `engine_moment` VALUES(201, 21, 14, '2012-05-19 20:57:12', '2012-05-19 20:57:15', '', 5);
INSERT INTO `engine_moment` VALUES(202, 21, 14, '2012-05-19 20:57:12', '2012-05-19 20:57:15', '', 5);
INSERT INTO `engine_moment` VALUES(203, 21, 14, '2012-05-19 20:57:12', '2012-05-19 20:57:15', '', 5);
INSERT INTO `engine_moment` VALUES(204, 21, 14, '2012-05-19 20:57:12', '2012-05-19 20:57:15', '', 5);
INSERT INTO `engine_moment` VALUES(205, 21, 14, '2012-05-19 20:57:12', '2012-05-19 20:57:15', '', 5);
INSERT INTO `engine_moment` VALUES(206, 21, 14, '2012-05-19 20:57:12', '2012-05-19 20:57:15', '', 5);
INSERT INTO `engine_moment` VALUES(207, 21, 14, '2012-05-19 20:57:12', '2012-05-19 20:57:15', 'test comment', 5);
INSERT INTO `engine_moment` VALUES(208, 21, 14, '2012-05-19 20:57:12', '2012-05-19 20:57:15', 'test comment2', 5);
INSERT INTO `engine_moment` VALUES(209, 21, 14, '2012-05-19 20:57:12', '2012-05-19 20:57:15', '', 5);
INSERT INTO `engine_moment` VALUES(210, 21, 14, '2012-05-19 20:57:12', '2012-05-19 20:57:15', '', 5);
INSERT INTO `engine_moment` VALUES(211, 21, 14, '2012-05-19 20:57:12', '2012-05-19 20:57:15', '', 5);
INSERT INTO `engine_moment` VALUES(212, 21, 14, '2012-05-19 20:57:12', '2012-05-19 20:57:15', '', 5);
INSERT INTO `engine_moment` VALUES(214, 21, 14, '2012-05-19 20:57:12', '2012-05-19 20:57:15', '', 5);
INSERT INTO `engine_moment` VALUES(215, 21, 14, '2012-05-19 20:57:12', '2012-05-19 20:57:15', 'cap1', 5);
INSERT INTO `engine_moment` VALUES(216, 21, 14, '2012-05-19 20:57:12', '2012-05-19 20:57:15', 'cap2', 5);
INSERT INTO `engine_moment` VALUES(217, 21, 14, '2012-05-19 20:57:12', '2012-05-19 20:57:15', 'cap2', 5);
INSERT INTO `engine_moment` VALUES(218, 21, 14, '2012-05-19 20:57:12', '2012-05-19 20:57:15', 'THIS IS A TEST long long comment on a photo long long description test test test. Even longer, how are you all doing today? good i hope. thanks.', 5);
INSERT INTO `engine_moment` VALUES(219, 21, 14, '2012-05-19 20:57:12', '2012-05-19 20:57:15', 'Charlotte', 5);
INSERT INTO `engine_moment` VALUES(220, 71, 17, '2012-05-19 20:57:12', '2012-05-19 20:57:15', '', 8);
INSERT INTO `engine_moment` VALUES(221, 21, 14, '2012-05-19 20:57:12', '2012-05-19 20:57:15', '', 5);
INSERT INTO `engine_moment` VALUES(222, 21, 14, '2012-05-19 20:57:12', '2012-05-19 20:57:15', '', 5);
INSERT INTO `engine_moment` VALUES(223, 21, 14, '2012-05-19 20:57:12', '2012-05-19 20:57:15', '', 5);
INSERT INTO `engine_moment` VALUES(224, 21, 14, '2012-05-19 20:57:12', '2012-05-19 20:57:15', '', 5);
INSERT INTO `engine_moment` VALUES(225, 21, 14, '2012-05-19 20:57:12', '2012-05-19 20:57:15', '', 5);
INSERT INTO `engine_moment` VALUES(226, 21, 14, '2012-05-19 20:57:12', '2012-05-19 20:57:15', '', 5);
INSERT INTO `engine_moment` VALUES(227, 21, 14, '2012-05-19 20:57:12', '2012-05-19 20:57:15', '', 5);
INSERT INTO `engine_moment` VALUES(228, 21, 14, '2012-05-19 20:57:12', '2012-05-19 20:57:15', 'moo', 5);
INSERT INTO `engine_moment` VALUES(229, 21, 14, '2012-05-19 20:57:13', '2012-05-19 20:57:15', 'moo2', 5);
INSERT INTO `engine_moment` VALUES(230, 21, 14, '2012-05-19 20:57:13', '2012-05-19 20:57:15', 'moo4', 5);
INSERT INTO `engine_moment` VALUES(231, 21, 14, '2012-05-19 20:57:13', '2012-05-19 20:57:15', '', 5);
INSERT INTO `engine_moment` VALUES(232, 21, 14, '2012-05-19 20:57:13', '2012-05-19 20:57:15', '', 5);
INSERT INTO `engine_moment` VALUES(233, 21, 14, '2012-05-19 20:57:13', '2012-05-19 20:57:15', '', 5);
INSERT INTO `engine_moment` VALUES(234, 89, 20, '2012-05-19 20:57:13', '2012-05-19 20:57:15', '', 11);
INSERT INTO `engine_moment` VALUES(235, 89, 20, '2012-05-19 20:57:13', '2012-05-19 20:57:15', '', 11);
INSERT INTO `engine_moment` VALUES(236, 89, 20, '2012-05-19 20:57:13', '2012-05-19 20:57:15', '', 11);
INSERT INTO `engine_moment` VALUES(237, 89, 20, '2012-05-19 20:57:13', '2012-05-19 20:57:15', '', 11);
INSERT INTO `engine_moment` VALUES(238, 89, 20, '2012-05-19 20:57:13', '2012-05-19 20:57:15', '', 11);
INSERT INTO `engine_moment` VALUES(239, 71, 17, '2012-05-19 20:57:13', '2012-05-19 20:57:15', '', 8);
INSERT INTO `engine_moment` VALUES(240, 71, 19, '2012-05-19 20:57:13', '2012-05-19 20:57:15', '', 10);
INSERT INTO `engine_moment` VALUES(241, 71, 17, '2012-05-19 20:57:13', '2012-05-19 20:57:15', '', 8);
INSERT INTO `engine_moment` VALUES(242, 71, 19, '2012-05-19 20:57:13', '2012-05-19 20:57:15', '', 10);
INSERT INTO `engine_moment` VALUES(243, 71, 17, '2012-05-19 20:57:13', '2012-05-19 20:57:15', '', 8);
INSERT INTO `engine_moment` VALUES(244, 71, 19, '2012-05-19 20:57:13', '2012-05-19 20:57:15', '', 10);
INSERT INTO `engine_moment` VALUES(245, 71, 17, '2012-05-19 20:57:13', '2012-05-19 20:57:15', '', 8);
INSERT INTO `engine_moment` VALUES(246, 71, 19, '2012-05-19 20:57:13', '2012-05-19 20:57:15', '', 10);
INSERT INTO `engine_moment` VALUES(247, 71, 17, '2012-05-19 20:57:13', '2012-05-19 20:57:15', '', 8);
INSERT INTO `engine_moment` VALUES(248, 71, 19, '2012-05-19 20:57:13', '2012-05-19 20:57:15', '', 10);
INSERT INTO `engine_moment` VALUES(249, 71, 17, '2012-05-19 20:57:13', '2012-05-19 20:57:15', 'At the tanneries in Marrakech. The city has a rich history of chillin with leather. leather leather leather. ', 8);
INSERT INTO `engine_moment` VALUES(250, 71, 19, '2012-05-19 20:57:13', '2012-05-19 20:57:15', 'At the tanneries in Marrakech. The city has a rich history of chillin with leather. leather leather leather. ', 10);
INSERT INTO `engine_moment` VALUES(251, 71, 17, '2012-05-19 20:57:13', '2012-05-19 20:57:15', 'Here''s a cat just chillin. ', 8);
INSERT INTO `engine_moment` VALUES(252, 71, 19, '2012-05-19 20:57:13', '2012-05-19 20:57:15', 'Here''s a cat just chillin. ', 10);
INSERT INTO `engine_moment` VALUES(253, 21, 14, '2012-05-19 20:57:13', '2012-05-19 20:57:15', '', 5);
INSERT INTO `engine_moment` VALUES(254, 21, 14, '2012-05-19 20:57:13', '2012-05-19 20:57:15', '', 5);
INSERT INTO `engine_moment` VALUES(255, 21, 14, '2012-05-19 20:57:13', '2012-05-19 20:57:15', '', 5);
INSERT INTO `engine_moment` VALUES(256, 21, 14, '2012-05-19 20:57:13', '2012-05-19 20:57:15', '', 5);
INSERT INTO `engine_moment` VALUES(258, 21, 11, '2012-05-20 03:40:36', '2012-05-20 03:40:36', '', 35);
INSERT INTO `engine_moment` VALUES(259, 21, 11, '2012-05-20 20:40:31', '2012-05-20 20:40:31', '', 2);
INSERT INTO `engine_moment` VALUES(260, 21, 11, '2012-05-20 20:42:50', '2012-05-20 20:42:50', '', 2);
INSERT INTO `engine_moment` VALUES(261, 21, 11, '2012-05-21 03:48:13', '2012-05-21 03:48:13', '', 2);
INSERT INTO `engine_moment` VALUES(262, 21, 11, '2012-05-21 18:49:28', '2012-05-21 18:49:28', '', 2);
INSERT INTO `engine_moment` VALUES(263, 21, 11, '2012-05-21 19:02:18', '2012-05-21 19:02:18', '', 2);
INSERT INTO `engine_moment` VALUES(264, 21, 11, '2012-05-21 19:07:48', '2012-05-21 19:07:48', '', 2);
INSERT INTO `engine_moment` VALUES(265, 21, 11, '2012-05-21 19:11:13', '2012-05-21 19:11:13', '', 2);
INSERT INTO `engine_moment` VALUES(266, 21, 11, '2012-05-21 19:25:41', '2012-05-21 19:25:41', '', 2);
INSERT INTO `engine_moment` VALUES(267, 21, 11, '2012-05-21 19:26:53', '2012-05-21 19:26:53', '', 2);
INSERT INTO `engine_moment` VALUES(268, 21, 11, '2012-05-21 19:30:20', '2012-05-21 19:30:20', '', 2);
INSERT INTO `engine_moment` VALUES(269, 21, 11, '2012-05-21 20:01:21', '2012-05-21 20:01:21', '', 2);
INSERT INTO `engine_moment` VALUES(270, 21, 11, '2012-05-21 20:04:23', '2012-05-21 20:04:23', '', 2);
INSERT INTO `engine_moment` VALUES(271, 21, 11, '2012-05-21 20:13:50', '2012-05-21 20:13:50', '', 36);
INSERT INTO `engine_moment` VALUES(272, 21, 11, '2012-05-22 17:37:32', '2012-05-22 17:37:32', 'small?', 2);
INSERT INTO `engine_moment` VALUES(273, 21, 11, '2012-05-28 17:27:05', '2012-05-28 17:27:05', '', 2);
INSERT INTO `engine_moment` VALUES(274, 21, 11, '2012-05-28 18:11:52', '2012-05-28 18:11:52', '', 2);
INSERT INTO `engine_moment` VALUES(275, 21, 11, '2012-05-28 18:14:01', '2012-05-28 18:14:01', '', 2);
INSERT INTO `engine_moment` VALUES(276, 21, 11, '2012-05-28 18:18:15', '2012-05-28 18:18:15', '', 2);
INSERT INTO `engine_moment` VALUES(277, 21, 11, '2012-05-28 18:20:44', '2012-05-28 18:20:44', '', 2);
INSERT INTO `engine_moment` VALUES(278, 21, 11, '2012-05-28 18:21:21', '2012-05-28 18:21:21', '', 2);
INSERT INTO `engine_moment` VALUES(279, 21, 11, '2012-05-28 18:23:52', '2012-05-28 18:23:52', '', 2);
INSERT INTO `engine_moment` VALUES(280, 21, 11, '2012-05-28 18:32:30', '2012-05-28 18:32:30', '', 2);
INSERT INTO `engine_moment` VALUES(281, 21, 11, '2012-05-28 18:33:36', '2012-05-28 18:33:36', '', 2);
INSERT INTO `engine_moment` VALUES(282, 21, 11, '2012-05-28 19:04:30', '2012-05-28 19:04:30', '', 2);
INSERT INTO `engine_moment` VALUES(283, 21, 11, '2012-05-28 19:06:13', '2012-05-28 19:06:13', '', 2);
INSERT INTO `engine_moment` VALUES(284, 21, 11, '2012-05-28 19:07:45', '2012-05-28 19:07:45', '', 2);
INSERT INTO `engine_moment` VALUES(285, 21, 11, '2012-05-28 19:08:14', '2012-05-28 19:08:14', '', 2);
INSERT INTO `engine_moment` VALUES(286, 21, 11, '2012-05-28 19:09:33', '2012-05-28 19:09:33', '', 2);
INSERT INTO `engine_moment` VALUES(287, 21, 11, '2012-05-28 19:23:10', '2012-05-28 19:23:10', 'test', NULL);
INSERT INTO `engine_moment` VALUES(288, 21, 11, '2012-05-28 19:24:55', '2012-05-28 19:24:55', 'test2', NULL);
INSERT INTO `engine_moment` VALUES(289, 21, 11, '2012-05-28 19:25:08', '2012-05-28 19:25:08', 'text only moment', NULL);
INSERT INTO `engine_moment` VALUES(290, 21, 11, '2012-05-28 19:25:13', '2012-05-28 19:25:13', 'text 2 3 4 5', NULL);
INSERT INTO `engine_moment` VALUES(291, 21, 11, '2012-05-29 18:18:43', '2012-05-29 18:18:43', 'This is two photos in board photos', 2);
INSERT INTO `engine_moment` VALUES(292, 21, 11, '2012-05-29 18:20:17', '2012-05-29 18:20:17', 'this is just one photo', 2);
INSERT INTO `engine_moment` VALUES(293, 21, 11, '2012-05-29 18:20:28', '2012-05-29 18:20:28', 'This is just text...', NULL);
INSERT INTO `engine_moment` VALUES(294, 21, 11, '2012-05-29 18:20:44', '2012-05-29 18:20:44', 'this is just text', NULL);
INSERT INTO `engine_moment` VALUES(295, 21, 11, '2012-05-29 18:20:56', '2012-05-29 18:20:56', 'one photo', 2);
INSERT INTO `engine_moment` VALUES(296, 21, 11, '2012-05-29 18:21:01', '2012-05-29 18:21:01', 'this is more just text', NULL);
INSERT INTO `engine_moment` VALUES(297, 21, 11, '2012-05-29 18:21:08', '2012-05-29 18:21:08', 'hmm ok let me try two photos now', NULL);
INSERT INTO `engine_moment` VALUES(298, 21, 11, '2012-05-29 18:21:35', '2012-05-29 18:21:35', 'text for three photos', 36);
INSERT INTO `engine_moment` VALUES(299, 21, 11, '2012-05-29 18:21:38', '2012-05-29 18:21:38', 'this is just text', NULL);
INSERT INTO `engine_moment` VALUES(300, 21, 11, '2012-05-29 18:26:03', '2012-05-29 18:26:03', 'two photos in board photos FIRST', 2);
INSERT INTO `engine_moment` VALUES(301, 21, 11, '2012-05-29 18:26:19', '2012-05-29 18:26:19', 'just one photo afterwards', 2);
INSERT INTO `engine_moment` VALUES(302, 21, 11, '2012-05-29 18:26:24', '2012-05-29 18:26:24', 'now here is some text', NULL);
INSERT INTO `engine_moment` VALUES(303, 21, 11, '2012-05-29 18:26:34', '2012-05-29 18:26:34', 'here is just some text', NULL);
INSERT INTO `engine_moment` VALUES(304, 21, 11, '2012-05-29 18:30:44', '2012-05-29 18:30:44', '', 2);
INSERT INTO `engine_moment` VALUES(305, 21, 11, '2012-05-29 18:42:52', '2012-05-29 18:42:52', '', 2);
INSERT INTO `engine_moment` VALUES(306, 21, 11, '2012-05-29 18:43:28', '2012-05-29 18:43:28', '', 2);
INSERT INTO `engine_moment` VALUES(307, 21, 11, '2012-05-29 18:47:51', '2012-05-29 18:47:51', 'poopy', 2);
INSERT INTO `engine_moment` VALUES(308, 21, 11, '2012-05-29 18:55:10', '2012-05-29 18:55:10', 'logo1', 2);
INSERT INTO `engine_moment` VALUES(309, 21, 11, '2012-05-29 18:55:34', '2012-05-29 18:55:34', 'test1', 36);
INSERT INTO `engine_moment` VALUES(310, 21, 11, '2012-05-29 18:55:52', '2012-05-29 18:55:52', 'cap2', 2);
INSERT INTO `engine_moment` VALUES(311, 21, 11, '2012-05-29 22:06:16', '2012-05-29 22:06:16', '', 2);
INSERT INTO `engine_moment` VALUES(312, 21, 11, '2012-05-30 00:34:19', '2012-05-30 00:34:19', '', 2);
INSERT INTO `engine_moment` VALUES(313, 21, 11, '2012-05-30 00:35:02', '2012-05-30 00:35:02', '', 2);
INSERT INTO `engine_moment` VALUES(314, 21, 11, '2012-05-30 00:36:12', '2012-05-30 00:36:12', '', 2);
INSERT INTO `engine_moment` VALUES(315, 21, 36, '2012-05-30 00:39:31', '2012-05-30 00:39:31', '', 14);
INSERT INTO `engine_moment` VALUES(316, 21, 11, '2012-06-03 16:32:50', '2012-06-03 16:32:50', '', 39);
INSERT INTO `engine_moment` VALUES(319, 21, 11, '2012-06-03 16:34:40', '2012-06-03 16:34:40', 'Cousin graduation!', 2);
INSERT INTO `engine_moment` VALUES(320, 21, 11, '2012-06-03 16:35:04', '2012-06-03 16:35:04', 'Grandma! And me!!', 2);
INSERT INTO `engine_moment` VALUES(325, 21, 11, '2012-06-05 16:40:42', '2012-06-05 16:40:42', '', 2);
INSERT INTO `engine_moment` VALUES(326, 21, 36, '2012-06-06 18:34:55', '2012-06-06 18:34:55', 'hanz brix', 14);
INSERT INTO `engine_moment` VALUES(327, 21, 36, '2012-06-06 18:35:40', '2012-06-06 18:35:40', 'redo', 14);
INSERT INTO `engine_moment` VALUES(328, 21, 36, '2012-06-06 18:37:11', '2012-06-06 18:37:11', 'teatasdfsdfs', 14);
INSERT INTO `engine_moment` VALUES(329, 21, 36, '2012-06-06 18:37:38', '2012-06-06 18:37:38', '', 14);
INSERT INTO `engine_moment` VALUES(330, 21, 36, '2012-06-06 19:08:57', '2012-06-06 19:08:57', '', 14);
INSERT INTO `engine_moment` VALUES(331, 21, 36, '2012-06-06 19:19:03', '2012-06-06 19:19:03', '', 14);
INSERT INTO `engine_moment` VALUES(332, 21, 36, '2012-06-06 19:23:03', '2012-06-06 19:23:03', '', 14);
INSERT INTO `engine_moment` VALUES(333, 21, 36, '2012-06-06 19:28:52', '2012-06-06 19:28:52', '', 14);
INSERT INTO `engine_moment` VALUES(334, 21, 36, '2012-06-07 18:52:11', '2012-06-07 18:52:11', 'nyan2345', 14);
INSERT INTO `engine_moment` VALUES(336, 21, 36, '2012-06-08 05:00:49', '2012-06-08 05:00:49', '', 14);
INSERT INTO `engine_moment` VALUES(337, 21, 36, '2012-06-08 05:01:28', '2012-06-08 05:01:28', '', 14);
INSERT INTO `engine_moment` VALUES(339, 21, 11, '2012-06-09 18:41:10', '2012-06-09 18:41:10', '', 2);
INSERT INTO `engine_moment` VALUES(342, 21, 11, '2012-06-09 19:40:12', '2012-06-09 19:40:12', '', 2);
INSERT INTO `engine_moment` VALUES(347, 21, 11, '2012-06-09 19:57:57', '2012-06-09 19:57:57', '', 2);
INSERT INTO `engine_moment` VALUES(348, 21, 11, '2012-06-11 00:17:55', '2012-06-11 00:17:55', 'c in a', 2);
INSERT INTO `engine_moment` VALUES(349, 21, 11, '2012-06-11 00:18:42', '2012-06-11 00:18:42', 'caption check', 2);
INSERT INTO `engine_moment` VALUES(350, 21, 11, '2012-06-11 00:20:18', '2012-06-11 00:20:18', 'some text', 2);
INSERT INTO `engine_moment` VALUES(351, 21, 11, '2012-06-11 00:28:34', '2012-06-11 00:28:34', 'Here''s a brady!', 2);

-- --------------------------------------------------------

--
-- Table structure for table `engine_photo`
--

DROP TABLE IF EXISTS `engine_photo`;
CREATE TABLE `engine_photo` (
  `id` int(11) NOT NULL AUTO_INCREMENT,
  `name` varchar(255) DEFAULT NULL,
  `url` varchar(255) DEFAULT NULL,
  `file_path` varchar(255) DEFAULT '',
  `fb_object_id` bigint(20) DEFAULT NULL,
  `thumbnail_id` int(11) DEFAULT NULL,
  `is_thumbnail` tinyint(1) NOT NULL DEFAULT '0',
  `date_created` datetime NOT NULL,
  `date_uploaded` datetime NOT NULL,
  `last_change` datetime NOT NULL,
  `caption` varchar(255) DEFAULT NULL,
  `uploader_id` int(11) DEFAULT NULL,
  `chute_object_id` bigint(20) DEFAULT NULL,
  `album_id` int(11) DEFAULT NULL,
  `family_id` int(11) DEFAULT NULL,
  `moment_id` int(11) DEFAULT NULL,
  `lifestream_id` int(11),
  PRIMARY KEY (`id`),
  KEY `engine_photo_52094d6e` (`name`),
  KEY `engine_photo_a4b49ab` (`url`),
  KEY `engine_photo_1ccead69` (`fb_object_id`),
  KEY `engine_photo_5d6c470b` (`thumbnail_id`),
  KEY `engine_photo_f8d6856` (`uploader_id`),
  KEY `engine_photo_1ba6663b` (`chute_object_id`),
  KEY `engine_photo_1293c648` (`album_id`),
  KEY `engine_photo_330df8aa` (`family_id`),
  KEY `engine_photo_7c5d0a46` (`moment_id`),
  KEY `engine_photo_d7e08394` (`lifestream_id`)
) ENGINE=InnoDB  DEFAULT CHARSET=utf8 AUTO_INCREMENT=775 ;

--
-- Dumping data for table `engine_photo`
--

INSERT INTO `engine_photo` VALUES(23, 'http://photos-f.ak.fbcdn.net/hphotos-ak-ash4/425730_2592471662529_1576770095_31844977_1592589352_s.jpg', 'http://photos-f.ak.fbcdn.net/hphotos-ak-ash4/425730_2592471662529_1576770095_31844977_1592589352_s.jpg', '', 2592471662529, NULL, 1, '2012-02-27 18:12:30', '2012-02-15 15:00:13', '2012-02-27 18:12:31', NULL, 21, NULL, NULL, NULL, NULL, NULL);
INSERT INTO `engine_photo` VALUES(24, 'http://sphotos.xx.fbcdn.net/hphotos-ash4/s720x720/425730_2592471662529_1576770095_31844977_1592589352_n.jpg', 'http://sphotos.xx.fbcdn.net/hphotos-ash4/s720x720/425730_2592471662529_1576770095_31844977_1592589352_n.jpg', '', 2592471662529, 23, 0, '2012-02-27 18:12:31', '2012-02-15 15:00:13', '2012-05-19 20:57:15', NULL, 21, NULL, 2, 11, 1, NULL);
INSERT INTO `engine_photo` VALUES(25, 'http://photos-d.ak.fbcdn.net/hphotos-ak-snc7/424130_2592470982512_1576770095_31844976_382210447_s.jpg', 'http://photos-d.ak.fbcdn.net/hphotos-ak-snc7/424130_2592470982512_1576770095_31844976_382210447_s.jpg', '', 2592470982512, NULL, 1, '2012-02-27 18:12:34', '2012-02-15 15:00:06', '2012-02-27 18:12:35', NULL, 21, NULL, NULL, NULL, NULL, NULL);
INSERT INTO `engine_photo` VALUES(26, 'http://a4.sphotos.ak.fbcdn.net/hphotos-ak-snc7/s720x720/424130_2592470982512_1576770095_31844976_382210447_n.jpg', 'http://a4.sphotos.ak.fbcdn.net/hphotos-ak-snc7/s720x720/424130_2592470982512_1576770095_31844976_382210447_n.jpg', '', 2592470982512, 25, 0, '2012-02-27 18:12:34', '2012-02-15 15:00:06', '2012-05-19 20:57:15', NULL, 21, NULL, 2, 11, 2, NULL);
INSERT INTO `engine_photo` VALUES(27, 'http://photos-b.ak.fbcdn.net/hphotos-ak-ash4/416870_2592470262494_1576770095_31844975_1542281930_s.jpg', 'http://photos-b.ak.fbcdn.net/hphotos-ak-ash4/416870_2592470262494_1576770095_31844975_1542281930_s.jpg', '', 2592470262494, NULL, 1, '2012-02-27 18:12:38', '2012-02-15 15:00:01', '2012-02-27 18:12:39', NULL, 21, NULL, NULL, NULL, NULL, NULL);
INSERT INTO `engine_photo` VALUES(28, 'http://a2.sphotos.ak.fbcdn.net/hphotos-ak-ash4/s720x720/416870_2592470262494_1576770095_31844975_1542281930_n.jpg', 'http://a2.sphotos.ak.fbcdn.net/hphotos-ak-ash4/s720x720/416870_2592470262494_1576770095_31844975_1542281930_n.jpg', '', 2592470262494, 27, 0, '2012-02-27 18:12:38', '2012-02-15 15:00:01', '2012-05-19 20:57:15', NULL, 21, NULL, 2, 11, 3, NULL);
INSERT INTO `engine_photo` VALUES(29, 'http://photos-h.ak.fbcdn.net/hphotos-ak-ash4/425141_2592469822483_1576770095_31844974_871891817_s.jpg', 'http://photos-h.ak.fbcdn.net/hphotos-ak-ash4/425141_2592469822483_1576770095_31844974_871891817_s.jpg', '', 2592469822483, NULL, 1, '2012-02-27 18:12:42', '2012-02-15 14:59:59', '2012-02-27 18:12:43', NULL, 21, NULL, NULL, NULL, NULL, NULL);
INSERT INTO `engine_photo` VALUES(30, 'http://sphotos.xx.fbcdn.net/hphotos-ash4/s720x720/425141_2592469822483_1576770095_31844974_871891817_n.jpg', 'http://sphotos.xx.fbcdn.net/hphotos-ash4/s720x720/425141_2592469822483_1576770095_31844974_871891817_n.jpg', '', 2592469822483, 29, 0, '2012-02-27 18:12:42', '2012-02-15 14:59:59', '2012-05-19 20:57:15', NULL, 21, NULL, 2, 11, 4, NULL);
INSERT INTO `engine_photo` VALUES(31, 'http://photos-e.ak.fbcdn.net/hphotos-ak-ash4/431122_2592469102465_1576770095_31844973_1268732944_s.jpg', 'http://photos-e.ak.fbcdn.net/hphotos-ak-ash4/431122_2592469102465_1576770095_31844973_1268732944_s.jpg', '', 2592469102465, NULL, 1, '2012-02-27 18:12:46', '2012-02-15 14:59:56', '2012-02-27 18:12:48', NULL, 21, NULL, NULL, NULL, NULL, NULL);
INSERT INTO `engine_photo` VALUES(32, 'http://a5.sphotos.ak.fbcdn.net/hphotos-ak-ash4/s720x720/431122_2592469102465_1576770095_31844973_1268732944_n.jpg', 'http://a5.sphotos.ak.fbcdn.net/hphotos-ak-ash4/s720x720/431122_2592469102465_1576770095_31844973_1268732944_n.jpg', '', 2592469102465, 31, 0, '2012-02-27 18:12:46', '2012-02-15 14:59:56', '2012-05-19 20:57:15', NULL, 21, NULL, 2, 11, 5, NULL);
INSERT INTO `engine_photo` VALUES(33, 'http://photos-c.ak.fbcdn.net/hphotos-ak-snc7/426741_2592468782457_1576770095_31844972_1171958236_s.jpg', 'http://photos-c.ak.fbcdn.net/hphotos-ak-snc7/426741_2592468782457_1576770095_31844972_1171958236_s.jpg', '', 2592468782457, NULL, 1, '2012-02-27 18:13:39', '2012-02-15 14:59:53', '2012-02-27 18:13:40', NULL, 21, NULL, NULL, NULL, NULL, NULL);
INSERT INTO `engine_photo` VALUES(34, 'http://a3.sphotos.ak.fbcdn.net/hphotos-ak-snc7/s720x720/426741_2592468782457_1576770095_31844972_1171958236_n.jpg', 'http://a3.sphotos.ak.fbcdn.net/hphotos-ak-snc7/s720x720/426741_2592468782457_1576770095_31844972_1171958236_n.jpg', '', 2592468782457, 33, 0, '2012-02-27 18:13:39', '2012-02-15 14:59:53', '2012-05-19 20:57:15', NULL, 21, NULL, 2, 11, 6, NULL);
INSERT INTO `engine_photo` VALUES(35, 'http://photos-a.ak.fbcdn.net/hphotos-ak-ash4/429449_2592468222443_1576770095_31844971_1959715833_s.jpg', 'http://photos-a.ak.fbcdn.net/hphotos-ak-ash4/429449_2592468222443_1576770095_31844971_1959715833_s.jpg', '', 2592468222443, NULL, 1, '2012-02-27 18:13:43', '2012-02-15 14:59:50', '2012-02-27 18:13:43', NULL, 21, NULL, NULL, NULL, NULL, NULL);
INSERT INTO `engine_photo` VALUES(36, 'http://a1.sphotos.ak.fbcdn.net/hphotos-ak-ash4/s720x720/429449_2592468222443_1576770095_31844971_1959715833_n.jpg', 'http://a1.sphotos.ak.fbcdn.net/hphotos-ak-ash4/s720x720/429449_2592468222443_1576770095_31844971_1959715833_n.jpg', '', 2592468222443, 35, 0, '2012-02-27 18:13:43', '2012-02-15 14:59:50', '2012-05-19 20:57:15', NULL, 21, NULL, 2, 11, 7, NULL);
INSERT INTO `engine_photo` VALUES(37, 'http://photos-g.ak.fbcdn.net/hphotos-ak-ash4/424733_2592467462424_1576770095_31844970_1119623914_s.jpg', 'http://photos-g.ak.fbcdn.net/hphotos-ak-ash4/424733_2592467462424_1576770095_31844970_1119623914_s.jpg', '', 2592467462424, NULL, 1, '2012-02-27 18:13:47', '2012-02-15 14:59:47', '2012-02-27 18:13:47', NULL, 21, NULL, NULL, NULL, NULL, NULL);
INSERT INTO `engine_photo` VALUES(38, 'http://sphotos.xx.fbcdn.net/hphotos-ash4/s720x720/424733_2592467462424_1576770095_31844970_1119623914_n.jpg', 'http://sphotos.xx.fbcdn.net/hphotos-ash4/s720x720/424733_2592467462424_1576770095_31844970_1119623914_n.jpg', '', 2592467462424, 37, 0, '2012-02-27 18:13:47', '2012-02-15 14:59:47', '2012-05-19 20:57:15', NULL, 21, NULL, 2, 11, 8, NULL);
INSERT INTO `engine_photo` VALUES(39, 'http://photos-f.ak.fbcdn.net/hphotos-ak-snc7/407954_2592467022413_1576770095_31844968_821042859_s.jpg', 'http://photos-f.ak.fbcdn.net/hphotos-ak-snc7/407954_2592467022413_1576770095_31844968_821042859_s.jpg', '', 2592467022413, NULL, 1, '2012-02-27 18:13:50', '2012-02-15 14:59:45', '2012-02-27 18:13:51', NULL, 21, NULL, NULL, NULL, NULL, NULL);
INSERT INTO `engine_photo` VALUES(40, 'http://a6.sphotos.ak.fbcdn.net/hphotos-ak-snc7/s720x720/407954_2592467022413_1576770095_31844968_821042859_n.jpg', 'http://a6.sphotos.ak.fbcdn.net/hphotos-ak-snc7/s720x720/407954_2592467022413_1576770095_31844968_821042859_n.jpg', '', 2592467022413, 39, 0, '2012-02-27 18:13:51', '2012-02-15 14:59:45', '2012-05-19 20:57:15', NULL, 21, NULL, 2, 11, 9, NULL);
INSERT INTO `engine_photo` VALUES(41, 'http://photos-e.ak.fbcdn.net/hphotos-ak-snc7/420704_2592466782407_1576770095_31844967_706439035_s.jpg', 'http://photos-e.ak.fbcdn.net/hphotos-ak-snc7/420704_2592466782407_1576770095_31844967_706439035_s.jpg', '', 2592466782407, NULL, 1, '2012-02-27 18:13:54', '2012-02-15 14:59:42', '2012-02-27 18:13:55', NULL, 21, NULL, NULL, NULL, NULL, NULL);
INSERT INTO `engine_photo` VALUES(42, 'http://a5.sphotos.ak.fbcdn.net/hphotos-ak-snc7/s720x720/420704_2592466782407_1576770095_31844967_706439035_n.jpg', 'http://a5.sphotos.ak.fbcdn.net/hphotos-ak-snc7/s720x720/420704_2592466782407_1576770095_31844967_706439035_n.jpg', '', 2592466782407, 41, 0, '2012-02-27 18:13:55', '2012-02-15 14:59:42', '2012-05-19 20:57:15', NULL, 21, NULL, 2, 11, 10, NULL);
INSERT INTO `engine_photo` VALUES(43, 'http://photos-c.ak.fbcdn.net/hphotos-ak-ash4/417708_2592466102390_1576770095_31844966_1662499532_s.jpg', 'http://photos-c.ak.fbcdn.net/hphotos-ak-ash4/417708_2592466102390_1576770095_31844966_1662499532_s.jpg', '', 2592466102390, NULL, 1, '2012-02-27 18:15:26', '2012-02-15 14:59:39', '2012-02-27 18:15:27', NULL, 21, NULL, NULL, NULL, NULL, NULL);
INSERT INTO `engine_photo` VALUES(44, 'http://sphotos.xx.fbcdn.net/hphotos-ash4/s720x720/417708_2592466102390_1576770095_31844966_1662499532_n.jpg', 'http://sphotos.xx.fbcdn.net/hphotos-ash4/s720x720/417708_2592466102390_1576770095_31844966_1662499532_n.jpg', '', 2592466102390, 43, 0, '2012-02-27 18:15:26', '2012-02-15 14:59:39', '2012-05-19 20:57:15', NULL, 21, NULL, 2, 11, 11, NULL);
INSERT INTO `engine_photo` VALUES(45, 'http://photos-a.ak.fbcdn.net/hphotos-ak-snc7/420937_2592465782382_1576770095_31844965_1638547351_s.jpg', 'http://photos-a.ak.fbcdn.net/hphotos-ak-snc7/420937_2592465782382_1576770095_31844965_1638547351_s.jpg', '', 2592465782382, NULL, 1, '2012-02-27 18:15:30', '2012-02-15 14:59:37', '2012-02-27 18:15:31', NULL, 21, NULL, NULL, NULL, NULL, NULL);
INSERT INTO `engine_photo` VALUES(46, 'http://sphotos.xx.fbcdn.net/hphotos-snc7/s720x720/420937_2592465782382_1576770095_31844965_1638547351_n.jpg', 'http://sphotos.xx.fbcdn.net/hphotos-snc7/s720x720/420937_2592465782382_1576770095_31844965_1638547351_n.jpg', '', 2592465782382, 45, 0, '2012-02-27 18:15:30', '2012-02-15 14:59:37', '2012-05-19 20:57:15', NULL, 21, NULL, 2, 11, 12, NULL);
INSERT INTO `engine_photo` VALUES(47, 'http://photos-g.ak.fbcdn.net/hphotos-ak-ash4/423688_2592465542376_1576770095_31844964_817283430_s.jpg', 'http://photos-g.ak.fbcdn.net/hphotos-ak-ash4/423688_2592465542376_1576770095_31844964_817283430_s.jpg', '', 2592465542376, NULL, 1, '2012-02-27 18:15:34', '2012-02-15 14:59:35', '2012-02-27 18:15:34', NULL, 21, NULL, NULL, NULL, NULL, NULL);
INSERT INTO `engine_photo` VALUES(48, 'http://sphotos.xx.fbcdn.net/hphotos-ash4/s720x720/423688_2592465542376_1576770095_31844964_817283430_n.jpg', 'http://sphotos.xx.fbcdn.net/hphotos-ash4/s720x720/423688_2592465542376_1576770095_31844964_817283430_n.jpg', '', 2592465542376, 47, 0, '2012-02-27 18:15:34', '2012-02-15 14:59:35', '2012-05-19 20:57:15', NULL, 21, NULL, 2, 11, 13, NULL);
INSERT INTO `engine_photo` VALUES(49, 'http://photos-d.ak.fbcdn.net/hphotos-ak-ash4/407465_10150513212759576_681534575_9051220_442179362_s.jpg', 'http://photos-d.ak.fbcdn.net/hphotos-ak-ash4/407465_10150513212759576_681534575_9051220_442179362_s.jpg', '', 10150513212759576, NULL, 1, '2012-02-27 18:15:38', '2012-01-16 15:32:35', '2012-02-27 18:15:38', NULL, 21, NULL, NULL, NULL, NULL, NULL);
INSERT INTO `engine_photo` VALUES(50, 'http://a4.sphotos.ak.fbcdn.net/hphotos-ak-ash4/s720x720/407465_10150513212759576_681534575_9051220_442179362_n.jpg', 'http://a4.sphotos.ak.fbcdn.net/hphotos-ak-ash4/s720x720/407465_10150513212759576_681534575_9051220_442179362_n.jpg', '', 10150513212759576, 49, 0, '2012-02-27 18:15:38', '2012-01-16 15:32:35', '2012-05-19 20:57:15', NULL, 21, NULL, 2, 11, 14, NULL);
INSERT INTO `engine_photo` VALUES(51, 'http://photos-e.ak.fbcdn.net/hphotos-ak-ash4/396485_10150513212684576_681534575_9051219_1429112047_s.jpg', 'http://photos-e.ak.fbcdn.net/hphotos-ak-ash4/396485_10150513212684576_681534575_9051219_1429112047_s.jpg', '', 10150513212684576, NULL, 1, '2012-02-27 18:15:41', '2012-01-16 15:32:33', '2012-02-27 18:15:42', NULL, 21, NULL, NULL, NULL, NULL, NULL);
INSERT INTO `engine_photo` VALUES(52, 'http://sphotos.xx.fbcdn.net/hphotos-ash4/s720x720/396485_10150513212684576_681534575_9051219_1429112047_n.jpg', 'http://sphotos.xx.fbcdn.net/hphotos-ash4/s720x720/396485_10150513212684576_681534575_9051219_1429112047_n.jpg', '', 10150513212684576, 51, 0, '2012-02-27 18:15:42', '2012-01-16 15:32:33', '2012-05-19 20:57:15', NULL, 21, NULL, 2, 11, 15, NULL);
INSERT INTO `engine_photo` VALUES(53, 'http://photos-e.ak.fbcdn.net/hphotos-ak-ash4/383167_2213006976149_1576770095_31698646_234764500_s.jpg', 'http://photos-e.ak.fbcdn.net/hphotos-ak-ash4/383167_2213006976149_1576770095_31698646_234764500_s.jpg', '', 2213006976149, NULL, 1, '2012-02-27 22:37:00', '2011-12-07 22:54:35', '2012-02-27 22:37:01', NULL, 21, NULL, NULL, NULL, NULL, NULL);
INSERT INTO `engine_photo` VALUES(54, 'http://sphotos.xx.fbcdn.net/hphotos-ash4/s720x720/383167_2213006976149_1576770095_31698646_234764500_n.jpg', 'http://sphotos.xx.fbcdn.net/hphotos-ash4/s720x720/383167_2213006976149_1576770095_31698646_234764500_n.jpg', '', 2213006976149, 53, 0, '2012-02-27 22:37:00', '2011-12-07 22:54:35', '2012-05-19 20:57:15', NULL, 21, NULL, 2, 11, 16, NULL);
INSERT INTO `engine_photo` VALUES(55, 'http://photos-f.ak.fbcdn.net/hphotos-ak-ash4/376234_2213006336133_1576770095_31698642_2040780538_s.jpg', 'http://photos-f.ak.fbcdn.net/hphotos-ak-ash4/376234_2213006336133_1576770095_31698642_2040780538_s.jpg', '', 2213006336133, NULL, 1, '2012-02-27 22:37:04', '2011-12-07 22:54:27', '2012-02-27 22:37:05', NULL, 21, NULL, NULL, NULL, NULL, NULL);
INSERT INTO `engine_photo` VALUES(56, 'http://sphotos.xx.fbcdn.net/hphotos-ash4/s720x720/376234_2213006336133_1576770095_31698642_2040780538_n.jpg', 'http://sphotos.xx.fbcdn.net/hphotos-ash4/s720x720/376234_2213006336133_1576770095_31698642_2040780538_n.jpg', '', 2213006336133, 55, 0, '2012-02-27 22:37:04', '2011-12-07 22:54:27', '2012-05-19 20:57:15', NULL, 21, NULL, 2, 11, 17, NULL);
INSERT INTO `engine_photo` VALUES(57, 'http://photos-e.ak.fbcdn.net/hphotos-ak-ash4/374838_2213005576114_1576770095_31698638_1912106204_s.jpg', 'http://photos-e.ak.fbcdn.net/hphotos-ak-ash4/374838_2213005576114_1576770095_31698638_1912106204_s.jpg', '', 2213005576114, NULL, 1, '2012-02-27 22:37:08', '2011-12-07 22:54:20', '2012-02-27 22:37:09', NULL, 21, NULL, NULL, NULL, NULL, NULL);
INSERT INTO `engine_photo` VALUES(58, 'http://sphotos.xx.fbcdn.net/hphotos-ash4/s720x720/374838_2213005576114_1576770095_31698638_1912106204_n.jpg', 'http://sphotos.xx.fbcdn.net/hphotos-ash4/s720x720/374838_2213005576114_1576770095_31698638_1912106204_n.jpg', '', 2213005576114, 57, 0, '2012-02-27 22:37:08', '2011-12-07 22:54:20', '2012-05-19 20:57:15', NULL, 21, NULL, 2, 11, 18, NULL);
INSERT INTO `engine_photo` VALUES(59, 'http://photos-f.ak.fbcdn.net/hphotos-ak-ash4/387654_2213005336108_1576770095_31698637_760279699_s.jpg', 'http://photos-f.ak.fbcdn.net/hphotos-ak-ash4/387654_2213005336108_1576770095_31698637_760279699_s.jpg', '', 2213005336108, NULL, 1, '2012-02-27 22:37:12', '2011-12-07 22:54:17', '2012-02-27 22:37:12', NULL, 21, NULL, NULL, NULL, NULL, NULL);
INSERT INTO `engine_photo` VALUES(60, 'http://a6.sphotos.ak.fbcdn.net/hphotos-ak-ash4/s720x720/387654_2213005336108_1576770095_31698637_760279699_n.jpg', 'http://a6.sphotos.ak.fbcdn.net/hphotos-ak-ash4/s720x720/387654_2213005336108_1576770095_31698637_760279699_n.jpg', '', 2213005336108, 59, 0, '2012-02-27 22:37:12', '2011-12-07 22:54:17', '2012-05-19 20:57:15', NULL, 21, NULL, 2, 11, 19, NULL);
INSERT INTO `engine_photo` VALUES(61, 'http://photos-d.ak.fbcdn.net/hphotos-ak-snc7/385439_2213005136103_1576770095_31698636_545456002_s.jpg', 'http://photos-d.ak.fbcdn.net/hphotos-ak-snc7/385439_2213005136103_1576770095_31698636_545456002_s.jpg', '', 2213005136103, NULL, 1, '2012-02-27 22:37:15', '2011-12-07 22:54:14', '2012-02-27 22:37:16', NULL, 21, NULL, NULL, NULL, NULL, NULL);
INSERT INTO `engine_photo` VALUES(62, 'http://sphotos.xx.fbcdn.net/hphotos-snc7/s720x720/385439_2213005136103_1576770095_31698636_545456002_n.jpg', 'http://sphotos.xx.fbcdn.net/hphotos-snc7/s720x720/385439_2213005136103_1576770095_31698636_545456002_n.jpg', '', 2213005136103, 61, 0, '2012-02-27 22:37:16', '2011-12-07 22:54:14', '2012-05-19 20:57:15', NULL, 21, NULL, 2, 11, 20, NULL);
INSERT INTO `engine_photo` VALUES(63, 'http://photos-c.ak.fbcdn.net/hphotos-ak-snc7/387368_2213003976074_1576770095_31698632_753406341_s.jpg', 'http://photos-c.ak.fbcdn.net/hphotos-ak-snc7/387368_2213003976074_1576770095_31698632_753406341_s.jpg', '', 2213003976074, NULL, 1, '2012-02-27 23:12:07', '2011-12-07 22:54:06', '2012-02-27 23:12:08', NULL, 21, NULL, NULL, NULL, NULL, NULL);
INSERT INTO `engine_photo` VALUES(64, 'http://a3.sphotos.ak.fbcdn.net/hphotos-ak-snc7/s720x720/387368_2213003976074_1576770095_31698632_753406341_n.jpg', 'http://a3.sphotos.ak.fbcdn.net/hphotos-ak-snc7/s720x720/387368_2213003976074_1576770095_31698632_753406341_n.jpg', '', 2213003976074, 63, 0, '2012-02-27 23:12:08', '2011-12-07 22:54:06', '2012-05-19 20:57:15', NULL, 21, NULL, 2, 11, 21, NULL);
INSERT INTO `engine_photo` VALUES(65, 'http://photos-b.ak.fbcdn.net/hphotos-ak-snc7/378133_2213001856021_1576770095_31698621_773412083_s.jpg', 'http://photos-b.ak.fbcdn.net/hphotos-ak-snc7/378133_2213001856021_1576770095_31698621_773412083_s.jpg', '', 2213001856021, NULL, 1, '2012-02-27 23:12:11', '2011-12-07 22:53:43', '2012-02-27 23:12:12', NULL, 21, NULL, NULL, NULL, NULL, NULL);
INSERT INTO `engine_photo` VALUES(66, 'http://a2.sphotos.ak.fbcdn.net/hphotos-ak-snc7/s720x720/378133_2213001856021_1576770095_31698621_773412083_n.jpg', 'http://a2.sphotos.ak.fbcdn.net/hphotos-ak-snc7/s720x720/378133_2213001856021_1576770095_31698621_773412083_n.jpg', '', 2213001856021, 65, 0, '2012-02-27 23:12:11', '2011-12-07 22:53:43', '2012-05-19 20:57:15', NULL, 21, NULL, 2, 11, 22, NULL);
INSERT INTO `engine_photo` VALUES(67, 'http://photos-h.ak.fbcdn.net/hphotos-ak-snc7/378684_2213001656016_1576770095_31698620_1340817583_s.jpg', 'http://photos-h.ak.fbcdn.net/hphotos-ak-snc7/378684_2213001656016_1576770095_31698620_1340817583_s.jpg', '', 2213001656016, NULL, 1, '2012-02-27 23:12:14', '2011-12-07 22:53:41', '2012-02-27 23:12:15', NULL, 21, NULL, NULL, NULL, NULL, NULL);
INSERT INTO `engine_photo` VALUES(68, 'http://a8.sphotos.ak.fbcdn.net/hphotos-ak-snc7/s720x720/378684_2213001656016_1576770095_31698620_1340817583_n.jpg', 'http://a8.sphotos.ak.fbcdn.net/hphotos-ak-snc7/s720x720/378684_2213001656016_1576770095_31698620_1340817583_n.jpg', '', 2213001656016, 67, 0, '2012-02-27 23:12:15', '2011-12-07 22:53:41', '2012-05-19 20:57:15', NULL, 21, NULL, 2, 11, 23, NULL);
INSERT INTO `engine_photo` VALUES(69, 'http://photos-f.ak.fbcdn.net/hphotos-ak-snc7/379079_10150383847556137_502231136_8362081_1307772363_s.jpg', 'http://photos-f.ak.fbcdn.net/hphotos-ak-snc7/379079_10150383847556137_502231136_8362081_1307772363_s.jpg', '', 10150383847556137, NULL, 1, '2012-02-27 23:12:18', '2011-11-15 08:52:14', '2012-02-27 23:12:18', NULL, 21, NULL, NULL, NULL, NULL, NULL);
INSERT INTO `engine_photo` VALUES(70, 'http://sphotos.xx.fbcdn.net/hphotos-snc7/379079_10150383847556137_502231136_8362081_1307772363_n.jpg', 'http://sphotos.xx.fbcdn.net/hphotos-snc7/379079_10150383847556137_502231136_8362081_1307772363_n.jpg', '', 10150383847556137, 69, 0, '2012-02-27 23:12:18', '2011-11-15 08:52:14', '2012-05-19 20:57:15', NULL, 21, NULL, 2, 11, 24, NULL);
INSERT INTO `engine_photo` VALUES(71, 'http://photos-c.ak.fbcdn.net/hphotos-ak-ash4/379516_10150363329284103_553734102_8278545_616293978_s.jpg', 'http://photos-c.ak.fbcdn.net/hphotos-ak-ash4/379516_10150363329284103_553734102_8278545_616293978_s.jpg', '', 10150363329284103, NULL, 1, '2012-02-27 23:12:21', '2011-11-13 14:21:14', '2012-02-27 23:12:22', NULL, 21, NULL, NULL, NULL, NULL, NULL);
INSERT INTO `engine_photo` VALUES(72, 'http://sphotos.xx.fbcdn.net/hphotos-ash4/s720x720/379516_10150363329284103_553734102_8278545_616293978_n.jpg', 'http://sphotos.xx.fbcdn.net/hphotos-ash4/s720x720/379516_10150363329284103_553734102_8278545_616293978_n.jpg', '', 10150363329284103, 71, 0, '2012-02-27 23:12:21', '2011-11-13 14:21:14', '2012-05-19 20:57:15', NULL, 21, NULL, 2, 11, 25, NULL);
INSERT INTO `engine_photo` VALUES(73, 'http://photos-h.ak.fbcdn.net/hphotos-ak-snc7/320026_1900411961469_1576770095_31510402_3515724_s.jpg', 'http://photos-h.ak.fbcdn.net/hphotos-ak-snc7/320026_1900411961469_1576770095_31510402_3515724_s.jpg', '', 1900411961469, NULL, 1, '2012-02-27 23:20:49', '2011-08-27 19:40:51', '2012-02-27 23:20:50', NULL, 21, NULL, NULL, NULL, NULL, NULL);
INSERT INTO `engine_photo` VALUES(74, 'http://sphotos.xx.fbcdn.net/hphotos-snc7/s720x720/320026_1900411961469_1576770095_31510402_3515724_n.jpg', 'http://sphotos.xx.fbcdn.net/hphotos-snc7/s720x720/320026_1900411961469_1576770095_31510402_3515724_n.jpg', '', 1900411961469, 73, 0, '2012-02-27 23:20:49', '2011-08-27 19:40:51', '2012-05-19 20:57:15', NULL, 21, NULL, 2, 11, 26, NULL);
INSERT INTO `engine_photo` VALUES(75, 'http://photos-f.ak.fbcdn.net/hphotos-ak-snc7/311116_1900411761464_1576770095_31510401_6457353_s.jpg', 'http://photos-f.ak.fbcdn.net/hphotos-ak-snc7/311116_1900411761464_1576770095_31510401_6457353_s.jpg', '', 1900411761464, NULL, 1, '2012-02-27 23:20:53', '2011-08-27 19:40:47', '2012-02-27 23:20:54', NULL, 21, NULL, NULL, NULL, NULL, NULL);
INSERT INTO `engine_photo` VALUES(76, 'http://sphotos.xx.fbcdn.net/hphotos-snc7/s720x720/311116_1900411761464_1576770095_31510401_6457353_n.jpg', 'http://sphotos.xx.fbcdn.net/hphotos-snc7/s720x720/311116_1900411761464_1576770095_31510401_6457353_n.jpg', '', 1900411761464, 75, 0, '2012-02-27 23:20:53', '2011-08-27 19:40:47', '2012-05-19 20:57:15', NULL, 21, NULL, 2, 11, 27, NULL);
INSERT INTO `engine_photo` VALUES(77, 'http://photos-d.ak.fbcdn.net/hphotos-ak-ash4/308589_1900411521458_1576770095_31510400_6893250_s.jpg', 'http://photos-d.ak.fbcdn.net/hphotos-ak-ash4/308589_1900411521458_1576770095_31510400_6893250_s.jpg', '', 1900411521458, NULL, 1, '2012-02-27 23:20:57', '2011-08-27 19:40:43', '2012-02-27 23:20:57', NULL, 21, NULL, NULL, NULL, NULL, NULL);
INSERT INTO `engine_photo` VALUES(78, 'http://a4.sphotos.ak.fbcdn.net/hphotos-ak-ash4/s720x720/308589_1900411521458_1576770095_31510400_6893250_n.jpg', 'http://a4.sphotos.ak.fbcdn.net/hphotos-ak-ash4/s720x720/308589_1900411521458_1576770095_31510400_6893250_n.jpg', '', 1900411521458, 77, 0, '2012-02-27 23:20:57', '2011-08-27 19:40:43', '2012-05-19 20:57:15', NULL, 21, NULL, 2, 11, 28, NULL);
INSERT INTO `engine_photo` VALUES(79, 'http://photos-d.ak.fbcdn.net/hphotos-ak-ash4/315412_1900411241451_1576770095_31510399_7300209_s.jpg', 'http://photos-d.ak.fbcdn.net/hphotos-ak-ash4/315412_1900411241451_1576770095_31510399_7300209_s.jpg', '', 1900411241451, NULL, 1, '2012-02-27 23:21:01', '2011-08-27 19:40:39', '2012-02-27 23:21:01', NULL, 21, NULL, NULL, NULL, NULL, NULL);
INSERT INTO `engine_photo` VALUES(80, 'http://a4.sphotos.ak.fbcdn.net/hphotos-ak-ash4/s720x720/315412_1900411241451_1576770095_31510399_7300209_n.jpg', 'http://a4.sphotos.ak.fbcdn.net/hphotos-ak-ash4/s720x720/315412_1900411241451_1576770095_31510399_7300209_n.jpg', '', 1900411241451, 79, 0, '2012-02-27 23:21:01', '2011-08-27 19:40:39', '2012-05-19 20:57:15', NULL, 21, NULL, 2, 11, 29, NULL);
INSERT INTO `engine_photo` VALUES(81, 'http://photos-h.ak.fbcdn.net/hphotos-ak-ash4/263551_1806901223759_1576770095_31401295_6580533_s.jpg', 'http://photos-h.ak.fbcdn.net/hphotos-ak-ash4/263551_1806901223759_1576770095_31401295_6580533_s.jpg', '', 1806901223759, NULL, 1, '2012-02-27 23:21:05', '2011-07-09 13:56:19', '2012-02-27 23:21:05', NULL, 21, NULL, NULL, NULL, NULL, NULL);
INSERT INTO `engine_photo` VALUES(82, 'http://a8.sphotos.ak.fbcdn.net/hphotos-ak-ash4/263551_1806901223759_1576770095_31401295_6580533_n.jpg', 'http://a8.sphotos.ak.fbcdn.net/hphotos-ak-ash4/263551_1806901223759_1576770095_31401295_6580533_n.jpg', '', 1806901223759, 81, 0, '2012-02-27 23:21:05', '2011-07-09 13:56:19', '2012-05-19 20:57:15', NULL, 21, NULL, 2, 11, 30, NULL);
INSERT INTO `engine_photo` VALUES(83, 'http://photos-b.ak.fbcdn.net/hphotos-ak-snc6/269813_1806900583743_1576770095_31401294_1405779_s.jpg', 'http://photos-b.ak.fbcdn.net/hphotos-ak-snc6/269813_1806900583743_1576770095_31401294_1405779_s.jpg', '', 1806900583743, NULL, 1, '2012-02-27 23:22:54', '2011-07-09 13:56:12', '2012-02-27 23:22:54', NULL, 21, NULL, NULL, NULL, NULL, NULL);
INSERT INTO `engine_photo` VALUES(84, 'http://a2.sphotos.ak.fbcdn.net/hphotos-ak-snc6/269813_1806900583743_1576770095_31401294_1405779_n.jpg', 'http://a2.sphotos.ak.fbcdn.net/hphotos-ak-snc6/269813_1806900583743_1576770095_31401294_1405779_n.jpg', '', 1806900583743, 83, 0, '2012-02-27 23:22:54', '2011-07-09 13:56:12', '2012-05-19 20:57:15', NULL, 21, NULL, 2, 11, 31, NULL);
INSERT INTO `engine_photo` VALUES(85, 'http://photos-c.ak.fbcdn.net/hphotos-ak-snc6/263939_1806900023729_1576770095_31401293_5116551_s.jpg', 'http://photos-c.ak.fbcdn.net/hphotos-ak-snc6/263939_1806900023729_1576770095_31401293_5116551_s.jpg', '', 1806900023729, NULL, 1, '2012-02-27 23:22:57', '2011-07-09 13:56:05', '2012-02-27 23:22:58', NULL, 21, NULL, NULL, NULL, NULL, NULL);
INSERT INTO `engine_photo` VALUES(86, 'http://sphotos.xx.fbcdn.net/hphotos-snc6/263939_1806900023729_1576770095_31401293_5116551_n.jpg', 'http://sphotos.xx.fbcdn.net/hphotos-snc6/263939_1806900023729_1576770095_31401293_5116551_n.jpg', '', 1806900023729, 85, 0, '2012-02-27 23:22:58', '2011-07-09 13:56:05', '2012-05-19 20:57:15', NULL, 21, NULL, 2, 11, 32, NULL);
INSERT INTO `engine_photo` VALUES(87, 'http://photos-e.ak.fbcdn.net/hphotos-ak-snc6/268691_1806899863725_1576770095_31401292_3826802_s.jpg', 'http://photos-e.ak.fbcdn.net/hphotos-ak-snc6/268691_1806899863725_1576770095_31401292_3826802_s.jpg', '', 1806899863725, NULL, 1, '2012-02-27 23:23:01', '2011-07-09 13:56:01', '2012-02-27 23:23:02', NULL, 21, NULL, NULL, NULL, NULL, NULL);
INSERT INTO `engine_photo` VALUES(88, 'http://sphotos.xx.fbcdn.net/hphotos-snc6/268691_1806899863725_1576770095_31401292_3826802_n.jpg', 'http://sphotos.xx.fbcdn.net/hphotos-snc6/268691_1806899863725_1576770095_31401292_3826802_n.jpg', '', 1806899863725, 87, 0, '2012-02-27 23:23:02', '2011-07-09 13:56:01', '2012-05-19 20:57:15', NULL, 21, NULL, 2, 11, 33, NULL);
INSERT INTO `engine_photo` VALUES(89, 'http://photos-d.ak.fbcdn.net/hphotos-ak-snc6/264597_1800296978657_1576770095_31392523_4404360_s.jpg', 'http://photos-d.ak.fbcdn.net/hphotos-ak-snc6/264597_1800296978657_1576770095_31392523_4404360_s.jpg', '', 1800296978657, NULL, 1, '2012-02-27 23:23:05', '2011-07-05 18:45:16', '2012-02-27 23:23:06', NULL, 21, NULL, NULL, NULL, NULL, NULL);
INSERT INTO `engine_photo` VALUES(90, 'http://sphotos.xx.fbcdn.net/hphotos-snc6/264597_1800296978657_1576770095_31392523_4404360_n.jpg', 'http://sphotos.xx.fbcdn.net/hphotos-snc6/264597_1800296978657_1576770095_31392523_4404360_n.jpg', '', 1800296978657, 89, 0, '2012-02-27 23:23:06', '2011-07-05 18:45:16', '2012-05-19 20:57:15', NULL, 21, NULL, 2, 11, 34, NULL);
INSERT INTO `engine_photo` VALUES(91, 'http://photos-h.ak.fbcdn.net/hphotos-ak-ash4/267627_1800296418643_1576770095_31392521_6958346_s.jpg', 'http://photos-h.ak.fbcdn.net/hphotos-ak-ash4/267627_1800296418643_1576770095_31392521_6958346_s.jpg', '', 1800296418643, NULL, 1, '2012-02-27 23:23:09', '2011-07-05 18:45:07', '2012-02-27 23:23:10', NULL, 21, NULL, NULL, NULL, NULL, NULL);
INSERT INTO `engine_photo` VALUES(92, 'http://a8.sphotos.ak.fbcdn.net/hphotos-ak-ash4/267627_1800296418643_1576770095_31392521_6958346_n.jpg', 'http://a8.sphotos.ak.fbcdn.net/hphotos-ak-ash4/267627_1800296418643_1576770095_31392521_6958346_n.jpg', '', 1800296418643, 91, 0, '2012-02-27 23:23:10', '2011-07-05 18:45:07', '2012-05-19 20:57:15', NULL, 21, NULL, 2, 11, 35, NULL);
INSERT INTO `engine_photo` VALUES(93, 'http://photos-b.ak.fbcdn.net/hphotos-ak-ash4/271017_1800296138636_1576770095_31392520_1596565_s.jpg', 'http://photos-b.ak.fbcdn.net/hphotos-ak-ash4/271017_1800296138636_1576770095_31392520_1596565_s.jpg', '', 1800296138636, NULL, 1, '2012-02-27 23:24:26', '2011-07-05 18:45:03', '2012-02-27 23:24:26', NULL, 21, NULL, NULL, NULL, NULL, NULL);
INSERT INTO `engine_photo` VALUES(94, 'http://a2.sphotos.ak.fbcdn.net/hphotos-ak-ash4/271017_1800296138636_1576770095_31392520_1596565_n.jpg', 'http://a2.sphotos.ak.fbcdn.net/hphotos-ak-ash4/271017_1800296138636_1576770095_31392520_1596565_n.jpg', '', 1800296138636, 93, 0, '2012-02-27 23:24:26', '2011-07-05 18:45:03', '2012-05-19 20:57:15', NULL, 21, NULL, 2, 11, 36, NULL);
INSERT INTO `engine_photo` VALUES(95, 'http://photos-g.ak.fbcdn.net/hphotos-ak-snc6/261707_1800296018633_1576770095_31392519_2532806_s.jpg', 'http://photos-g.ak.fbcdn.net/hphotos-ak-snc6/261707_1800296018633_1576770095_31392519_2532806_s.jpg', '', 1800296018633, NULL, 1, '2012-02-27 23:24:29', '2011-07-05 18:45:00', '2012-02-27 23:24:31', NULL, 21, NULL, NULL, NULL, NULL, NULL);
INSERT INTO `engine_photo` VALUES(96, 'http://sphotos.xx.fbcdn.net/hphotos-snc6/261707_1800296018633_1576770095_31392519_2532806_n.jpg', 'http://sphotos.xx.fbcdn.net/hphotos-snc6/261707_1800296018633_1576770095_31392519_2532806_n.jpg', '', 1800296018633, 95, 0, '2012-02-27 23:24:30', '2011-07-05 18:45:00', '2012-05-19 20:57:15', NULL, 21, NULL, 2, 11, 37, NULL);
INSERT INTO `engine_photo` VALUES(97, 'http://photos-f.ak.fbcdn.net/hphotos-ak-ash4/227491_10150184751025868_565080867_7270205_7121186_s.jpg', 'http://photos-f.ak.fbcdn.net/hphotos-ak-ash4/227491_10150184751025868_565080867_7270205_7121186_s.jpg', '', 10150184751025868, NULL, 1, '2012-02-27 23:24:34', '2011-05-21 00:53:23', '2012-02-27 23:24:35', NULL, 21, NULL, NULL, NULL, NULL, NULL);
INSERT INTO `engine_photo` VALUES(98, 'http://a6.sphotos.ak.fbcdn.net/hphotos-ak-ash4/227491_10150184751025868_565080867_7270205_7121186_n.jpg', 'http://a6.sphotos.ak.fbcdn.net/hphotos-ak-ash4/227491_10150184751025868_565080867_7270205_7121186_n.jpg', '', 10150184751025868, 97, 0, '2012-02-27 23:24:34', '2011-05-21 00:53:23', '2012-05-19 20:57:15', NULL, 21, NULL, 2, 11, 38, NULL);
INSERT INTO `engine_photo` VALUES(99, 'http://photos-g.ak.fbcdn.net/hphotos-ak-ash4/206247_1609477288284_1576770095_31181140_5932195_s.jpg', 'http://photos-g.ak.fbcdn.net/hphotos-ak-ash4/206247_1609477288284_1576770095_31181140_5932195_s.jpg', '', 1609477288284, NULL, 1, '2012-02-27 23:24:38', '2011-03-30 12:03:30', '2012-02-27 23:24:39', NULL, 21, NULL, NULL, NULL, NULL, NULL);
INSERT INTO `engine_photo` VALUES(100, 'http://a7.sphotos.ak.fbcdn.net/hphotos-ak-ash4/206247_1609477288284_1576770095_31181140_5932195_n.jpg', 'http://a7.sphotos.ak.fbcdn.net/hphotos-ak-ash4/206247_1609477288284_1576770095_31181140_5932195_n.jpg', '', 1609477288284, 99, 0, '2012-02-27 23:24:38', '2011-03-30 12:03:30', '2012-05-19 20:57:15', NULL, 21, NULL, 2, 11, 39, NULL);
INSERT INTO `engine_photo` VALUES(101, 'http://photos-g.ak.fbcdn.net/hphotos-ak-snc6/182206_1572437514765_1350330133_31279109_6357934_s.jpg', 'http://photos-g.ak.fbcdn.net/hphotos-ak-snc6/182206_1572437514765_1350330133_31279109_6357934_s.jpg', '', 1572437514765, NULL, 1, '2012-02-27 23:24:43', '2011-02-13 20:19:18', '2012-02-27 23:24:44', NULL, 21, NULL, NULL, NULL, NULL, NULL);
INSERT INTO `engine_photo` VALUES(102, 'http://a7.sphotos.ak.fbcdn.net/hphotos-ak-snc6/182206_1572437514765_1350330133_31279109_6357934_n.jpg', 'http://a7.sphotos.ak.fbcdn.net/hphotos-ak-snc6/182206_1572437514765_1350330133_31279109_6357934_n.jpg', '', 1572437514765, 101, 0, '2012-02-27 23:24:44', '2011-02-13 20:19:18', '2012-05-19 20:57:15', NULL, 21, NULL, 2, 11, 40, NULL);
INSERT INTO `engine_photo` VALUES(103, 'http://photos-b.ak.fbcdn.net/hphotos-ak-snc6/181629_1572429634568_1350330133_31279063_12374_s.jpg', 'http://photos-b.ak.fbcdn.net/hphotos-ak-snc6/181629_1572429634568_1350330133_31279063_12374_s.jpg', '', 1572429634568, NULL, 1, '2012-02-27 23:27:15', '2011-02-13 20:16:56', '2012-02-27 23:27:16', NULL, 21, NULL, NULL, NULL, NULL, NULL);
INSERT INTO `engine_photo` VALUES(104, 'http://a2.sphotos.ak.fbcdn.net/hphotos-ak-snc6/181629_1572429634568_1350330133_31279063_12374_n.jpg', 'http://a2.sphotos.ak.fbcdn.net/hphotos-ak-snc6/181629_1572429634568_1350330133_31279063_12374_n.jpg', '', 1572429634568, 103, 0, '2012-02-27 23:27:15', '2011-02-13 20:16:56', '2012-05-19 20:57:15', NULL, 21, NULL, 2, 11, 41, NULL);
INSERT INTO `engine_photo` VALUES(105, 'http://photos-f.ak.fbcdn.net/hphotos-ak-snc6/168038_1505231842213_1576770095_31032770_1562337_s.jpg', 'http://photos-f.ak.fbcdn.net/hphotos-ak-snc6/168038_1505231842213_1576770095_31032770_1562337_s.jpg', '', 1505231842213, NULL, 1, '2012-02-27 23:27:18', '2011-01-11 23:52:27', '2012-02-27 23:27:19', NULL, 21, NULL, NULL, NULL, NULL, NULL);
INSERT INTO `engine_photo` VALUES(106, 'http://sphotos.xx.fbcdn.net/hphotos-snc6/168038_1505231842213_1576770095_31032770_1562337_n.jpg', 'http://sphotos.xx.fbcdn.net/hphotos-snc6/168038_1505231842213_1576770095_31032770_1562337_n.jpg', '', 1505231842213, 105, 0, '2012-02-27 23:27:19', '2011-01-11 23:52:27', '2012-05-19 20:57:15', NULL, 21, NULL, 2, 11, 42, NULL);
INSERT INTO `engine_photo` VALUES(107, 'http://photos-c.ak.fbcdn.net/hphotos-ak-ash2/166389_1505229722160_1576770095_31032756_1294753_s.jpg', 'http://photos-c.ak.fbcdn.net/hphotos-ak-ash2/166389_1505229722160_1576770095_31032756_1294753_s.jpg', '', 1505229722160, NULL, 1, '2012-02-27 23:27:22', '2011-01-11 23:48:36', '2012-02-27 23:27:23', NULL, 21, NULL, NULL, NULL, NULL, NULL);
INSERT INTO `engine_photo` VALUES(108, 'http://a3.sphotos.ak.fbcdn.net/hphotos-ak-ash2/166389_1505229722160_1576770095_31032756_1294753_n.jpg', 'http://a3.sphotos.ak.fbcdn.net/hphotos-ak-ash2/166389_1505229722160_1576770095_31032756_1294753_n.jpg', '', 1505229722160, 107, 0, '2012-02-27 23:27:23', '2011-01-11 23:48:36', '2012-05-19 20:57:15', NULL, 21, NULL, 2, 11, 43, NULL);
INSERT INTO `engine_photo` VALUES(109, 'http://photos-c.ak.fbcdn.net/hphotos-ak-snc6/167763_1505227602107_1576770095_31032742_1862298_s.jpg', 'http://photos-c.ak.fbcdn.net/hphotos-ak-snc6/167763_1505227602107_1576770095_31032742_1862298_s.jpg', '', 1505227602107, NULL, 1, '2012-02-27 23:27:26', '2011-01-11 23:44:49', '2012-02-27 23:27:27', NULL, 21, NULL, NULL, NULL, NULL, NULL);
INSERT INTO `engine_photo` VALUES(110, 'http://sphotos.xx.fbcdn.net/hphotos-snc6/167763_1505227602107_1576770095_31032742_1862298_n.jpg', 'http://sphotos.xx.fbcdn.net/hphotos-snc6/167763_1505227602107_1576770095_31032742_1862298_n.jpg', '', 1505227602107, 109, 0, '2012-02-27 23:27:27', '2011-01-11 23:44:49', '2012-05-19 20:57:15', NULL, 21, NULL, 2, 11, 44, NULL);
INSERT INTO `engine_photo` VALUES(111, 'http://photos-a.ak.fbcdn.net/hphotos-ak-snc6/163156_1505225882064_1576770095_31032734_4301913_s.jpg', 'http://photos-a.ak.fbcdn.net/hphotos-ak-snc6/163156_1505225882064_1576770095_31032734_4301913_s.jpg', '', 1505225882064, NULL, 1, '2012-02-27 23:27:30', '2011-01-11 23:43:11', '2012-02-27 23:27:31', NULL, 21, NULL, NULL, NULL, NULL, NULL);
INSERT INTO `engine_photo` VALUES(112, 'http://sphotos.xx.fbcdn.net/hphotos-snc6/163156_1505225882064_1576770095_31032734_4301913_n.jpg', 'http://sphotos.xx.fbcdn.net/hphotos-snc6/163156_1505225882064_1576770095_31032734_4301913_n.jpg', '', 1505225882064, 111, 0, '2012-02-27 23:27:31', '2011-01-11 23:43:11', '2012-05-19 20:57:15', NULL, 21, NULL, 2, 11, 45, NULL);
INSERT INTO `engine_photo` VALUES(113, 'http://photos-d.ak.fbcdn.net/hphotos-ak-ash2/163623_1505225682059_1576770095_31032733_1144264_s.jpg', 'http://photos-d.ak.fbcdn.net/hphotos-ak-ash2/163623_1505225682059_1576770095_31032733_1144264_s.jpg', '', 1505225682059, NULL, 1, '2012-02-27 23:34:58', '2011-01-11 23:42:54', '2012-02-27 23:34:58', NULL, 21, NULL, NULL, NULL, NULL, NULL);
INSERT INTO `engine_photo` VALUES(114, 'http://a4.sphotos.ak.fbcdn.net/hphotos-ak-ash2/163623_1505225682059_1576770095_31032733_1144264_n.jpg', 'http://a4.sphotos.ak.fbcdn.net/hphotos-ak-ash2/163623_1505225682059_1576770095_31032733_1144264_n.jpg', '', 1505225682059, 113, 0, '2012-02-27 23:34:58', '2011-01-11 23:42:54', '2012-05-19 20:57:15', 'test comment1', 21, NULL, 2, 11, 46, NULL);
INSERT INTO `engine_photo` VALUES(115, 'http://photos-f.ak.fbcdn.net/hphotos-ak-snc6/167818_1505225442053_1576770095_31032732_6062833_s.jpg', 'http://photos-f.ak.fbcdn.net/hphotos-ak-snc6/167818_1505225442053_1576770095_31032732_6062833_s.jpg', '', 1505225442053, NULL, 1, '2012-02-27 23:35:01', '2011-01-11 23:42:38', '2012-02-27 23:35:02', NULL, 21, NULL, NULL, NULL, NULL, NULL);
INSERT INTO `engine_photo` VALUES(116, 'http://a6.sphotos.ak.fbcdn.net/hphotos-ak-snc6/167818_1505225442053_1576770095_31032732_6062833_n.jpg', 'http://a6.sphotos.ak.fbcdn.net/hphotos-ak-snc6/167818_1505225442053_1576770095_31032732_6062833_n.jpg', '', 1505225442053, 115, 0, '2012-02-27 23:35:01', '2011-01-11 23:42:38', '2012-05-19 20:57:15', NULL, 21, NULL, 2, 11, 47, NULL);
INSERT INTO `engine_photo` VALUES(117, 'http://photos-h.ak.fbcdn.net/hphotos-ak-snc6/167713_1505225322050_1576770095_31032731_729971_s.jpg', 'http://photos-h.ak.fbcdn.net/hphotos-ak-snc6/167713_1505225322050_1576770095_31032731_729971_s.jpg', '', 1505225322050, NULL, 1, '2012-02-27 23:35:07', '2011-01-11 23:42:21', '2012-02-27 23:35:08', NULL, 21, NULL, NULL, NULL, NULL, NULL);
INSERT INTO `engine_photo` VALUES(118, 'http://sphotos.xx.fbcdn.net/hphotos-snc6/167713_1505225322050_1576770095_31032731_729971_n.jpg', 'http://sphotos.xx.fbcdn.net/hphotos-snc6/167713_1505225322050_1576770095_31032731_729971_n.jpg', '', 1505225322050, 117, 0, '2012-02-27 23:35:08', '2011-01-11 23:42:21', '2012-05-19 20:57:15', 'troolol lololo', 21, NULL, 2, 11, 48, NULL);
INSERT INTO `engine_photo` VALUES(119, 'http://photos-b.ak.fbcdn.net/hphotos-ak-snc7/162631_1505225122045_1576770095_31032730_1025763_s.jpg', 'http://photos-b.ak.fbcdn.net/hphotos-ak-snc7/162631_1505225122045_1576770095_31032730_1025763_s.jpg', '', 1505225122045, NULL, 1, '2012-02-27 23:35:11', '2011-01-11 23:42:04', '2012-02-27 23:35:12', NULL, 21, NULL, NULL, NULL, NULL, NULL);
INSERT INTO `engine_photo` VALUES(120, 'http://sphotos.xx.fbcdn.net/hphotos-snc7/162631_1505225122045_1576770095_31032730_1025763_n.jpg', 'http://sphotos.xx.fbcdn.net/hphotos-snc7/162631_1505225122045_1576770095_31032730_1025763_n.jpg', '', 1505225122045, 119, 0, '2012-02-27 23:35:12', '2011-01-11 23:42:04', '2012-05-19 20:57:15', NULL, 21, NULL, 2, 11, 49, NULL);
INSERT INTO `engine_photo` VALUES(121, 'http://photos-b.ak.fbcdn.net/hphotos-ak-snc7/162631_1505225122045_1576770095_31032730_1025763_s.jpg', 'http://photos-b.ak.fbcdn.net/hphotos-ak-snc7/162631_1505225122045_1576770095_31032730_1025763_s.jpg', '', 1505225122045, NULL, 1, '2012-02-27 23:35:18', '2011-01-11 23:42:04', '2012-02-27 23:35:18', NULL, 21, NULL, NULL, NULL, NULL, NULL);
INSERT INTO `engine_photo` VALUES(122, 'http://sphotos.xx.fbcdn.net/hphotos-snc7/162631_1505225122045_1576770095_31032730_1025763_n.jpg', 'http://sphotos.xx.fbcdn.net/hphotos-snc7/162631_1505225122045_1576770095_31032730_1025763_n.jpg', '', 1505225122045, 121, 0, '2012-02-27 23:35:18', '2011-01-11 23:42:04', '2012-05-19 20:57:15', NULL, 21, NULL, 2, 11, 50, NULL);
INSERT INTO `engine_photo` VALUES(123, 'http://photos-e.ak.fbcdn.net/hphotos-ak-snc6/167146_1505224842038_1576770095_31032729_3979561_s.jpg', 'http://photos-e.ak.fbcdn.net/hphotos-ak-snc6/167146_1505224842038_1576770095_31032729_3979561_s.jpg', '', 1505224842038, NULL, 1, '2012-02-28 00:39:21', '2011-01-11 23:41:47', '2012-02-28 00:39:21', NULL, 21, NULL, NULL, NULL, NULL, NULL);
INSERT INTO `engine_photo` VALUES(124, 'http://sphotos.xx.fbcdn.net/hphotos-snc6/167146_1505224842038_1576770095_31032729_3979561_n.jpg', 'http://sphotos.xx.fbcdn.net/hphotos-snc6/167146_1505224842038_1576770095_31032729_3979561_n.jpg', '', 1505224842038, 123, 0, '2012-02-28 00:39:21', '2011-01-11 23:41:47', '2012-05-19 20:57:15', NULL, 21, NULL, 2, 11, 51, NULL);
INSERT INTO `engine_photo` VALUES(125, 'http://photos-c.ak.fbcdn.net/hphotos-ak-ash2/163277_1505224602032_1576770095_31032728_5119346_s.jpg', 'http://photos-c.ak.fbcdn.net/hphotos-ak-ash2/163277_1505224602032_1576770095_31032728_5119346_s.jpg', '', 1505224602032, NULL, 1, '2012-02-28 00:39:25', '2011-01-11 23:41:31', '2012-02-28 00:39:25', NULL, 21, NULL, NULL, NULL, NULL, NULL);
INSERT INTO `engine_photo` VALUES(126, 'http://a3.sphotos.ak.fbcdn.net/hphotos-ak-ash2/163277_1505224602032_1576770095_31032728_5119346_n.jpg', 'http://a3.sphotos.ak.fbcdn.net/hphotos-ak-ash2/163277_1505224602032_1576770095_31032728_5119346_n.jpg', '', 1505224602032, 125, 0, '2012-02-28 00:39:25', '2011-01-11 23:41:31', '2012-05-19 20:57:15', NULL, 21, NULL, 2, 11, 52, NULL);
INSERT INTO `engine_photo` VALUES(127, 'http://photos-d.ak.fbcdn.net/hphotos-ak-ash2/166885_1505224282024_1576770095_31032727_3264048_s.jpg', 'http://photos-d.ak.fbcdn.net/hphotos-ak-ash2/166885_1505224282024_1576770095_31032727_3264048_s.jpg', '', 1505224282024, NULL, 1, '2012-02-28 00:39:28', '2011-01-11 23:41:15', '2012-02-28 00:39:29', NULL, 21, NULL, NULL, NULL, NULL, NULL);
INSERT INTO `engine_photo` VALUES(128, 'http://a4.sphotos.ak.fbcdn.net/hphotos-ak-ash2/166885_1505224282024_1576770095_31032727_3264048_n.jpg', 'http://a4.sphotos.ak.fbcdn.net/hphotos-ak-ash2/166885_1505224282024_1576770095_31032727_3264048_n.jpg', '', 1505224282024, 127, 0, '2012-02-28 00:39:29', '2011-01-11 23:41:15', '2012-05-19 20:57:15', NULL, 21, NULL, 2, 11, 53, NULL);
INSERT INTO `engine_photo` VALUES(129, 'http://photos-f.ak.fbcdn.net/hphotos-ak-ash2/168112_1505224042018_1576770095_31032726_4426627_s.jpg', 'http://photos-f.ak.fbcdn.net/hphotos-ak-ash2/168112_1505224042018_1576770095_31032726_4426627_s.jpg', '', 1505224042018, NULL, 1, '2012-02-28 00:39:32', '2011-01-11 23:40:58', '2012-02-28 00:39:35', NULL, 21, NULL, NULL, NULL, NULL, NULL);
INSERT INTO `engine_photo` VALUES(130, 'http://a6.sphotos.ak.fbcdn.net/hphotos-ak-ash2/168112_1505224042018_1576770095_31032726_4426627_n.jpg', 'http://a6.sphotos.ak.fbcdn.net/hphotos-ak-ash2/168112_1505224042018_1576770095_31032726_4426627_n.jpg', '', 1505224042018, 129, 0, '2012-02-28 00:39:33', '2011-01-11 23:40:58', '2012-05-19 20:57:15', NULL, 21, NULL, 2, 11, 54, NULL);
INSERT INTO `engine_photo` VALUES(131, 'http://photos-h.ak.fbcdn.net/hphotos-ak-snc6/168621_1505223882014_1576770095_31032725_7397673_s.jpg', 'http://photos-h.ak.fbcdn.net/hphotos-ak-snc6/168621_1505223882014_1576770095_31032725_7397673_s.jpg', '', 1505223882014, NULL, 1, '2012-02-28 00:39:38', '2011-01-11 23:40:42', '2012-02-28 00:39:39', NULL, 21, NULL, NULL, NULL, NULL, NULL);
INSERT INTO `engine_photo` VALUES(132, 'http://a8.sphotos.ak.fbcdn.net/hphotos-ak-snc6/168621_1505223882014_1576770095_31032725_7397673_n.jpg', 'http://a8.sphotos.ak.fbcdn.net/hphotos-ak-snc6/168621_1505223882014_1576770095_31032725_7397673_n.jpg', '', 1505223882014, 131, 0, '2012-02-28 00:39:38', '2011-01-11 23:40:42', '2012-05-19 20:57:15', NULL, 21, NULL, 2, 11, 55, NULL);
INSERT INTO `engine_photo` VALUES(133, 'http://photos-b.ak.fbcdn.net/hphotos-ak-snc7/163435_1505223722010_1576770095_31032724_2039529_s.jpg', 'http://photos-b.ak.fbcdn.net/hphotos-ak-snc7/163435_1505223722010_1576770095_31032724_2039529_s.jpg', '', 1505223722010, NULL, 1, '2012-02-28 01:02:45', '2011-01-11 23:40:26', '2012-02-28 01:02:46', NULL, 21, NULL, NULL, NULL, NULL, NULL);
INSERT INTO `engine_photo` VALUES(134, 'http://a2.sphotos.ak.fbcdn.net/hphotos-ak-snc7/163435_1505223722010_1576770095_31032724_2039529_n.jpg', 'http://a2.sphotos.ak.fbcdn.net/hphotos-ak-snc7/163435_1505223722010_1576770095_31032724_2039529_n.jpg', '', 1505223722010, 133, 0, '2012-02-28 01:02:45', '2011-01-11 23:40:26', '2012-05-19 20:57:15', '', 21, NULL, 2, 11, 56, NULL);
INSERT INTO `engine_photo` VALUES(135, 'http://photos-c.ak.fbcdn.net/hphotos-ak-snc6/166388_1505223322000_1576770095_31032723_3411140_s.jpg', 'http://photos-c.ak.fbcdn.net/hphotos-ak-snc6/166388_1505223322000_1576770095_31032723_3411140_s.jpg', '', 1505223322000, NULL, 1, '2012-02-28 01:02:49', '2011-01-11 23:40:08', '2012-02-28 01:02:49', NULL, 21, NULL, NULL, NULL, NULL, NULL);
INSERT INTO `engine_photo` VALUES(136, 'http://sphotos.xx.fbcdn.net/hphotos-snc6/166388_1505223322000_1576770095_31032723_3411140_n.jpg', 'http://sphotos.xx.fbcdn.net/hphotos-snc6/166388_1505223322000_1576770095_31032723_3411140_n.jpg', '', 1505223322000, 135, 0, '2012-02-28 01:02:49', '2011-01-11 23:40:08', '2012-05-19 20:57:15', '', 21, NULL, 2, 11, 57, NULL);
INSERT INTO `engine_photo` VALUES(137, 'http://photos-e.ak.fbcdn.net/hphotos-ak-snc6/165558_1505223161996_1576770095_31032722_7539228_s.jpg', 'http://photos-e.ak.fbcdn.net/hphotos-ak-snc6/165558_1505223161996_1576770095_31032722_7539228_s.jpg', '', 1505223161996, NULL, 1, '2012-02-28 01:02:52', '2011-01-11 23:39:52', '2012-02-28 01:02:53', NULL, 21, NULL, NULL, NULL, NULL, NULL);
INSERT INTO `engine_photo` VALUES(138, 'http://a5.sphotos.ak.fbcdn.net/hphotos-ak-snc6/165558_1505223161996_1576770095_31032722_7539228_n.jpg', 'http://a5.sphotos.ak.fbcdn.net/hphotos-ak-snc6/165558_1505223161996_1576770095_31032722_7539228_n.jpg', '', 1505223161996, 137, 0, '2012-02-28 01:02:53', '2011-01-11 23:39:52', '2012-05-19 20:57:15', '', 21, NULL, 2, 11, 58, NULL);
INSERT INTO `engine_photo` VALUES(139, 'http://photos-c.ak.fbcdn.net/hphotos-ak-snc6/166676_1505221601957_1576770095_31032714_227212_s.jpg', 'http://photos-c.ak.fbcdn.net/hphotos-ak-snc6/166676_1505221601957_1576770095_31032714_227212_s.jpg', '', 1505221601957, NULL, 1, '2012-02-28 01:02:56', '2011-01-11 23:37:46', '2012-02-28 01:02:57', NULL, 21, NULL, NULL, NULL, NULL, NULL);
INSERT INTO `engine_photo` VALUES(140, 'http://a3.sphotos.ak.fbcdn.net/hphotos-ak-snc6/166676_1505221601957_1576770095_31032714_227212_n.jpg', 'http://a3.sphotos.ak.fbcdn.net/hphotos-ak-snc6/166676_1505221601957_1576770095_31032714_227212_n.jpg', '', 1505221601957, 139, 0, '2012-02-28 01:02:57', '2011-01-11 23:37:46', '2012-05-19 20:57:16', '', 21, NULL, 2, 11, 59, NULL);
INSERT INTO `engine_photo` VALUES(141, 'http://photos-b.ak.fbcdn.net/hphotos-ak-snc7/163731_1505221441953_1576770095_31032713_2098102_s.jpg', 'http://photos-b.ak.fbcdn.net/hphotos-ak-snc7/163731_1505221441953_1576770095_31032713_2098102_s.jpg', '', 1505221441953, NULL, 1, '2012-02-28 01:03:00', '2011-01-11 23:37:32', '2012-02-28 01:03:01', NULL, 21, NULL, NULL, NULL, NULL, NULL);
INSERT INTO `engine_photo` VALUES(142, 'http://sphotos.xx.fbcdn.net/hphotos-snc7/163731_1505221441953_1576770095_31032713_2098102_n.jpg', 'http://sphotos.xx.fbcdn.net/hphotos-snc7/163731_1505221441953_1576770095_31032713_2098102_n.jpg', '', 1505221441953, 141, 0, '2012-02-28 01:03:01', '2011-01-11 23:37:32', '2012-05-19 20:57:16', '', 21, NULL, 2, 11, 60, NULL);
INSERT INTO `engine_photo` VALUES(143, 'http://photos-h.ak.fbcdn.net/hphotos-ak-snc6/166245_1505221281949_1576770095_31032712_8191065_s.jpg', 'http://photos-h.ak.fbcdn.net/hphotos-ak-snc6/166245_1505221281949_1576770095_31032712_8191065_s.jpg', '', 1505221281949, NULL, 1, '2012-02-28 01:03:28', '2011-01-11 23:37:18', '2012-02-28 01:03:28', NULL, 21, NULL, NULL, NULL, NULL, NULL);
INSERT INTO `engine_photo` VALUES(144, 'http://sphotos.xx.fbcdn.net/hphotos-snc6/166245_1505221281949_1576770095_31032712_8191065_n.jpg', 'http://sphotos.xx.fbcdn.net/hphotos-snc6/166245_1505221281949_1576770095_31032712_8191065_n.jpg', '', 1505221281949, 143, 0, '2012-02-28 01:03:28', '2011-01-11 23:37:18', '2012-05-19 20:57:16', '', 21, NULL, 2, 11, 61, NULL);
INSERT INTO `engine_photo` VALUES(145, 'http://photos-d.ak.fbcdn.net/hphotos-ak-ash2/165726_1505220921940_1576770095_31032710_160677_s.jpg', 'http://photos-d.ak.fbcdn.net/hphotos-ak-ash2/165726_1505220921940_1576770095_31032710_160677_s.jpg', '', 1505220921940, NULL, 1, '2012-02-28 01:03:31', '2011-01-11 23:36:50', '2012-02-28 01:03:32', NULL, 21, NULL, NULL, NULL, NULL, NULL);
INSERT INTO `engine_photo` VALUES(146, 'http://sphotos.xx.fbcdn.net/hphotos-ash2/165726_1505220921940_1576770095_31032710_160677_n.jpg', 'http://sphotos.xx.fbcdn.net/hphotos-ash2/165726_1505220921940_1576770095_31032710_160677_n.jpg', '', 1505220921940, 145, 0, '2012-02-28 01:03:32', '2011-01-11 23:36:50', '2012-05-19 20:57:16', '', 21, NULL, 2, 11, 62, NULL);
INSERT INTO `engine_photo` VALUES(147, 'http://photos-g.ak.fbcdn.net/hphotos-ak-snc6/166834_1505220761936_1576770095_31032709_1359080_s.jpg', 'http://photos-g.ak.fbcdn.net/hphotos-ak-snc6/166834_1505220761936_1576770095_31032709_1359080_s.jpg', '', 1505220761936, NULL, 1, '2012-02-28 01:03:37', '2011-01-11 23:36:36', '2012-02-28 01:03:38', NULL, 21, NULL, NULL, NULL, NULL, NULL);
INSERT INTO `engine_photo` VALUES(148, 'http://sphotos.xx.fbcdn.net/hphotos-snc6/166834_1505220761936_1576770095_31032709_1359080_n.jpg', 'http://sphotos.xx.fbcdn.net/hphotos-snc6/166834_1505220761936_1576770095_31032709_1359080_n.jpg', '', 1505220761936, 147, 0, '2012-02-28 01:03:37', '2011-01-11 23:36:36', '2012-05-19 20:57:16', '', 21, NULL, 2, 11, 63, NULL);
INSERT INTO `engine_photo` VALUES(149, 'http://photos-a.ak.fbcdn.net/hphotos-ak-ash2/168494_1505220441928_1576770095_31032708_6786827_s.jpg', 'http://photos-a.ak.fbcdn.net/hphotos-ak-ash2/168494_1505220441928_1576770095_31032708_6786827_s.jpg', '', 1505220441928, NULL, 1, '2012-02-28 01:03:41', '2011-01-11 23:36:23', '2012-02-28 01:03:42', NULL, 21, NULL, NULL, NULL, NULL, NULL);
INSERT INTO `engine_photo` VALUES(150, 'http://sphotos.xx.fbcdn.net/hphotos-ash2/168494_1505220441928_1576770095_31032708_6786827_n.jpg', 'http://sphotos.xx.fbcdn.net/hphotos-ash2/168494_1505220441928_1576770095_31032708_6786827_n.jpg', '', 1505220441928, 149, 0, '2012-02-28 01:03:41', '2011-01-11 23:36:23', '2012-05-19 20:57:16', '', 21, NULL, 2, 11, 64, NULL);
INSERT INTO `engine_photo` VALUES(151, 'http://photos-b.ak.fbcdn.net/hphotos-ak-ash2/166609_1505220201922_1576770095_31032707_7153439_s.jpg', 'http://photos-b.ak.fbcdn.net/hphotos-ak-ash2/166609_1505220201922_1576770095_31032707_7153439_s.jpg', '', 1505220201922, NULL, 1, '2012-02-28 01:03:45', '2011-01-11 23:36:10', '2012-02-28 01:03:46', NULL, 21, NULL, NULL, NULL, NULL, NULL);
INSERT INTO `engine_photo` VALUES(152, 'http://a2.sphotos.ak.fbcdn.net/hphotos-ak-ash2/166609_1505220201922_1576770095_31032707_7153439_n.jpg', 'http://a2.sphotos.ak.fbcdn.net/hphotos-ak-ash2/166609_1505220201922_1576770095_31032707_7153439_n.jpg', '', 1505220201922, 151, 0, '2012-02-28 01:03:45', '2011-01-11 23:36:10', '2012-05-19 20:57:16', '', 21, NULL, 2, 11, 65, NULL);
INSERT INTO `engine_photo` VALUES(153, 'http://photos-h.ak.fbcdn.net/hphotos-ak-ash2/166176_1505220081919_1576770095_31032706_6576231_s.jpg', 'http://photos-h.ak.fbcdn.net/hphotos-ak-ash2/166176_1505220081919_1576770095_31032706_6576231_s.jpg', '', 1505220081919, NULL, 1, '2012-02-28 01:05:11', '2011-01-11 23:35:57', '2012-02-28 01:05:12', NULL, 21, NULL, NULL, NULL, NULL, NULL);
INSERT INTO `engine_photo` VALUES(154, 'http://a8.sphotos.ak.fbcdn.net/hphotos-ak-ash2/166176_1505220081919_1576770095_31032706_6576231_n.jpg', 'http://a8.sphotos.ak.fbcdn.net/hphotos-ak-ash2/166176_1505220081919_1576770095_31032706_6576231_n.jpg', '', 1505220081919, 153, 0, '2012-02-28 01:05:12', '2011-01-11 23:35:57', '2012-05-19 20:57:16', '', 21, NULL, 2, 11, 66, NULL);
INSERT INTO `engine_photo` VALUES(155, 'http://photos-c.ak.fbcdn.net/hphotos-ak-snc6/163223_1505219041893_1576770095_31032700_7302317_s.jpg', 'http://photos-c.ak.fbcdn.net/hphotos-ak-snc6/163223_1505219041893_1576770095_31032700_7302317_s.jpg', '', 1505219041893, NULL, 1, '2012-02-28 01:05:15', '2011-01-11 23:34:34', '2012-02-28 01:05:16', NULL, 21, NULL, NULL, NULL, NULL, NULL);
INSERT INTO `engine_photo` VALUES(156, 'http://a3.sphotos.ak.fbcdn.net/hphotos-ak-snc6/163223_1505219041893_1576770095_31032700_7302317_n.jpg', 'http://a3.sphotos.ak.fbcdn.net/hphotos-ak-snc6/163223_1505219041893_1576770095_31032700_7302317_n.jpg', '', 1505219041893, 155, 0, '2012-02-28 01:05:15', '2011-01-11 23:34:34', '2012-05-19 20:57:16', '', 21, NULL, 2, 11, 67, NULL);
INSERT INTO `engine_photo` VALUES(157, 'http://photos-d.ak.fbcdn.net/hphotos-ak-snc7/164384_1500297958869_1576770095_31024215_4380172_s.jpg', 'http://photos-d.ak.fbcdn.net/hphotos-ak-snc7/164384_1500297958869_1576770095_31024215_4380172_s.jpg', '', 1500297958869, NULL, 1, '2012-02-28 01:05:20', '2011-01-08 00:29:02', '2012-02-28 01:05:21', NULL, 21, NULL, NULL, NULL, NULL, NULL);
INSERT INTO `engine_photo` VALUES(158, 'http://sphotos.xx.fbcdn.net/hphotos-snc7/164384_1500297958869_1576770095_31024215_4380172_n.jpg', 'http://sphotos.xx.fbcdn.net/hphotos-snc7/164384_1500297958869_1576770095_31024215_4380172_n.jpg', '', 1500297958869, 157, 0, '2012-02-28 01:05:21', '2011-01-08 00:29:02', '2012-05-19 20:57:16', 'test comment', 21, NULL, 2, 11, 68, NULL);
INSERT INTO `engine_photo` VALUES(159, 'http://photos-f.ak.fbcdn.net/hphotos-ak-ash2/167846_1500297638861_1576770095_31024214_1410555_s.jpg', 'http://photos-f.ak.fbcdn.net/hphotos-ak-ash2/167846_1500297638861_1576770095_31024214_1410555_s.jpg', '', 1500297638861, NULL, 1, '2012-02-28 01:05:24', '2011-01-08 00:28:51', '2012-02-28 01:05:25', NULL, 21, NULL, NULL, NULL, NULL, NULL);
INSERT INTO `engine_photo` VALUES(160, 'http://a6.sphotos.ak.fbcdn.net/hphotos-ak-ash2/167846_1500297638861_1576770095_31024214_1410555_n.jpg', 'http://a6.sphotos.ak.fbcdn.net/hphotos-ak-ash2/167846_1500297638861_1576770095_31024214_1410555_n.jpg', '', 1500297638861, 159, 0, '2012-02-28 01:05:24', '2011-01-08 00:28:51', '2012-05-19 20:57:16', 'test comment2', 21, NULL, 2, 11, 69, NULL);
INSERT INTO `engine_photo` VALUES(161, 'http://photos-g.ak.fbcdn.net/hphotos-ak-snc6/163067_1500297398855_1576770095_31024213_1835452_s.jpg', 'http://photos-g.ak.fbcdn.net/hphotos-ak-snc6/163067_1500297398855_1576770095_31024213_1835452_s.jpg', '', 1500297398855, NULL, 1, '2012-02-28 01:05:27', '2011-01-08 00:28:48', '2012-02-28 01:05:28', NULL, 21, NULL, NULL, NULL, NULL, NULL);
INSERT INTO `engine_photo` VALUES(162, 'http://a7.sphotos.ak.fbcdn.net/hphotos-ak-snc6/163067_1500297398855_1576770095_31024213_1835452_n.jpg', 'http://a7.sphotos.ak.fbcdn.net/hphotos-ak-snc6/163067_1500297398855_1576770095_31024213_1835452_n.jpg', '', 1500297398855, 161, 0, '2012-02-28 01:05:28', '2011-01-08 00:28:48', '2012-05-19 20:57:16', '', 21, NULL, 2, 11, 70, NULL);
INSERT INTO `engine_photo` VALUES(163, 'http://photos-b.ak.fbcdn.net/hphotos-ak-snc7/154618_469677975867_565080867_6139529_2423876_s.jpg', 'http://photos-b.ak.fbcdn.net/hphotos-ak-snc7/154618_469677975867_565080867_6139529_2423876_s.jpg', '', 469677975867, NULL, 1, '2012-02-28 01:06:54', '2010-12-13 23:18:44', '2012-02-28 01:06:55', NULL, 21, NULL, NULL, NULL, NULL, NULL);
INSERT INTO `engine_photo` VALUES(164, 'http://a2.sphotos.ak.fbcdn.net/hphotos-ak-snc7/154618_469677975867_565080867_6139529_2423876_n.jpg', 'http://a2.sphotos.ak.fbcdn.net/hphotos-ak-snc7/154618_469677975867_565080867_6139529_2423876_n.jpg', '', 469677975867, 163, 0, '2012-02-28 01:06:55', '2010-12-13 23:18:44', '2012-05-19 20:57:16', '', 21, NULL, 2, 11, 71, NULL);
INSERT INTO `engine_photo` VALUES(165, 'http://photos-a.ak.fbcdn.net/hphotos-ak-snc6/65752_1578077456230_1364430403_31542203_3165080_s.jpg', 'http://photos-a.ak.fbcdn.net/hphotos-ak-snc6/65752_1578077456230_1364430403_31542203_3165080_s.jpg', '', 1578077456230, NULL, 1, '2012-02-28 01:06:59', '2010-12-13 16:59:25', '2012-02-28 01:06:59', NULL, 21, NULL, NULL, NULL, NULL, NULL);
INSERT INTO `engine_photo` VALUES(166, 'http://a1.sphotos.ak.fbcdn.net/hphotos-ak-snc6/65752_1578077456230_1364430403_31542203_3165080_n.jpg', 'http://a1.sphotos.ak.fbcdn.net/hphotos-ak-snc6/65752_1578077456230_1364430403_31542203_3165080_n.jpg', '', 1578077456230, 165, 0, '2012-02-28 01:06:59', '2010-12-13 16:59:25', '2012-05-19 20:57:16', '', 21, NULL, 2, 11, 72, NULL);
INSERT INTO `engine_photo` VALUES(167, 'http://photos-e.ak.fbcdn.net/hphotos-ak-snc6/155703_473169526136_502231136_5610811_154161_s.jpg', 'http://photos-e.ak.fbcdn.net/hphotos-ak-snc6/155703_473169526136_502231136_5610811_154161_s.jpg', '', 473169526136, NULL, 1, '2012-02-28 01:07:03', '2010-11-20 22:59:46', '2012-02-28 01:07:03', NULL, 21, NULL, NULL, NULL, NULL, NULL);
INSERT INTO `engine_photo` VALUES(168, 'http://sphotos.xx.fbcdn.net/hphotos-snc6/155703_473169526136_502231136_5610811_154161_n.jpg', 'http://sphotos.xx.fbcdn.net/hphotos-snc6/155703_473169526136_502231136_5610811_154161_n.jpg', '', 473169526136, 167, 0, '2012-02-28 01:07:03', '2010-11-20 22:59:46', '2012-05-19 20:57:16', '', 21, NULL, 2, 11, 73, NULL);
INSERT INTO `engine_photo` VALUES(169, 'http://photos-c.ak.fbcdn.net/hphotos-ak-snc6/76442_473169311136_502231136_5610804_3801198_s.jpg', 'http://photos-c.ak.fbcdn.net/hphotos-ak-snc6/76442_473169311136_502231136_5610804_3801198_s.jpg', '', 473169311136, NULL, 1, '2012-02-28 01:07:06', '2010-11-20 22:59:02', '2012-02-28 01:07:07', NULL, 21, NULL, NULL, NULL, NULL, NULL);
INSERT INTO `engine_photo` VALUES(170, 'http://sphotos.xx.fbcdn.net/hphotos-snc6/76442_473169311136_502231136_5610804_3801198_n.jpg', 'http://sphotos.xx.fbcdn.net/hphotos-snc6/76442_473169311136_502231136_5610804_3801198_n.jpg', '', 473169311136, 169, 0, '2012-02-28 01:07:07', '2010-11-20 22:59:02', '2012-05-19 20:57:16', '', 21, NULL, 2, 11, 74, NULL);
INSERT INTO `engine_photo` VALUES(171, 'http://photos-c.ak.fbcdn.net/hphotos-ak-snc6/76442_473169311136_502231136_5610804_3801198_s.jpg', 'http://photos-c.ak.fbcdn.net/hphotos-ak-snc6/76442_473169311136_502231136_5610804_3801198_s.jpg', '', 473169311136, NULL, 1, '2012-02-28 01:07:10', '2010-11-20 22:59:02', '2012-02-28 01:07:11', NULL, 21, NULL, NULL, NULL, NULL, NULL);
INSERT INTO `engine_photo` VALUES(172, 'http://sphotos.xx.fbcdn.net/hphotos-snc6/76442_473169311136_502231136_5610804_3801198_n.jpg', 'http://sphotos.xx.fbcdn.net/hphotos-snc6/76442_473169311136_502231136_5610804_3801198_n.jpg', '', 473169311136, 171, 0, '2012-02-28 01:07:11', '2010-11-20 22:59:02', '2012-05-19 20:57:16', '', 21, NULL, 2, 11, 75, NULL);
INSERT INTO `engine_photo` VALUES(173, 'http://media.getchute.com/media/25qiejq/200x200', 'http://media.getchute.com/media/25qiejq/200x200', '', NULL, NULL, 1, '2012-03-02 18:39:33', '2012-03-02 18:39:33', '2012-03-02 18:39:33', NULL, NULL, 8024, NULL, NULL, NULL, NULL);
INSERT INTO `engine_photo` VALUES(174, 'http://media.getchute.com/media/25qiejq', 'http://media.getchute.com/media/25qiejq', '', NULL, 173, 0, '2012-03-02 18:39:33', '2012-03-02 18:39:33', '2012-05-19 20:57:16', 'cap1', 21, 8024, 2, 11, 76, NULL);
INSERT INTO `engine_photo` VALUES(175, 'http://media.getchute.com/media/25rphgk/200x200', 'http://media.getchute.com/media/25rphgk/200x200', '', NULL, NULL, 1, '2012-03-02 18:39:36', '2012-03-02 18:39:36', '2012-03-02 18:39:36', NULL, NULL, 8025, NULL, NULL, NULL, NULL);
INSERT INTO `engine_photo` VALUES(176, 'http://media.getchute.com/media/25rphgk', 'http://media.getchute.com/media/25rphgk', '', NULL, 175, 0, '2012-03-02 18:39:36', '2012-03-02 18:39:36', '2012-05-19 20:57:16', 'cap2', 21, 8025, 2, 11, 77, NULL);
INSERT INTO `engine_photo` VALUES(177, 'http://media.getchute.com/media/25sdtqh/200x200', 'http://media.getchute.com/media/25sdtqh/200x200', '', NULL, NULL, 1, '2012-03-02 18:54:25', '2012-03-02 18:54:25', '2012-03-02 18:54:25', NULL, NULL, 8026, NULL, NULL, NULL, NULL);
INSERT INTO `engine_photo` VALUES(178, 'http://media.getchute.com/media/25sdtqh', 'http://media.getchute.com/media/25sdtqh', '', NULL, 177, 0, '2012-03-02 18:54:25', '2012-03-02 18:54:25', '2012-05-19 20:57:16', 'cap2', 21, 8026, 2, 11, 78, NULL);
INSERT INTO `engine_photo` VALUES(179, 'http://media.getchute.com/media/25tbyot/200x200', 'http://media.getchute.com/media/25tbyot/200x200', '', NULL, NULL, 1, '2012-03-02 19:03:14', '2012-03-02 19:03:14', '2012-03-02 19:03:14', NULL, NULL, 8027, NULL, NULL, NULL, NULL);
INSERT INTO `engine_photo` VALUES(180, 'http://media.getchute.com/media/25tbyot', 'http://media.getchute.com/media/25tbyot', '', NULL, 179, 0, '2012-03-02 19:03:14', '2012-03-02 19:03:14', '2012-05-19 20:57:16', 'THIS IS A TEST long long comment on a photo long long description test test test. Even longer, how are you all doing today? good i hope. thanks.', 21, 8027, 2, 11, 79, NULL);
INSERT INTO `engine_photo` VALUES(181, 'http://media.getchute.com/media/25Aszdf/200x200', 'http://media.getchute.com/media/25Aszdf/200x200', '', NULL, NULL, 1, '2012-03-02 20:57:08', '2012-03-02 20:57:08', '2012-03-02 20:57:08', NULL, NULL, 8034, NULL, NULL, NULL, NULL);
INSERT INTO `engine_photo` VALUES(182, 'http://media.getchute.com/media/25Aszdf', 'http://media.getchute.com/media/25Aszdf', '', NULL, 181, 0, '2012-03-02 20:57:08', '2012-03-02 20:57:08', '2012-05-19 20:57:16', 'Charlotte', 21, 8034, 2, 11, 80, NULL);
INSERT INTO `engine_photo` VALUES(183, 'http://media.getchute.com/media/25Ggksd/200x200', 'http://media.getchute.com/media/25Ggksd/200x200', '', NULL, NULL, 1, '2012-03-03 02:12:29', '2012-03-03 02:12:29', '2012-03-03 02:12:29', NULL, NULL, 8040, NULL, NULL, NULL, NULL);
INSERT INTO `engine_photo` VALUES(184, 'http://media.getchute.com/media/25Ggksd', 'http://media.getchute.com/media/25Ggksd', '', NULL, 183, 0, '2012-03-03 02:12:29', '2012-03-03 02:12:29', '2012-05-19 20:57:16', 'marrakech', 71, 8040, 7, 16, 81, NULL);
INSERT INTO `engine_photo` VALUES(185, 'http://media.getchute.com/media/25Iyirc/200x200', 'http://media.getchute.com/media/25Iyirc/200x200', '', NULL, NULL, 1, '2012-03-03 02:55:39', '2012-03-03 02:55:39', '2012-03-03 02:55:39', NULL, NULL, 8042, NULL, NULL, NULL, NULL);
INSERT INTO `engine_photo` VALUES(186, 'http://media.getchute.com/media/25Iyirc', 'http://media.getchute.com/media/25Iyirc', '', NULL, 185, 0, '2012-03-03 02:55:39', '2012-03-03 02:55:39', '2012-05-19 20:57:16', '', 71, 8042, 7, 16, 82, NULL);
INSERT INTO `engine_photo` VALUES(187, 'http://photos-h.ak.fbcdn.net/hphotos-ak-snc7/74245_10150334919180235_856015234_15988781_3155929_s.jpg', 'http://photos-h.ak.fbcdn.net/hphotos-ak-snc7/74245_10150334919180235_856015234_15988781_3155929_s.jpg', '', 10150334919180235, NULL, 1, '2012-03-03 04:05:37', '2010-11-17 10:04:47', '2012-03-03 04:05:38', NULL, 21, NULL, NULL, NULL, NULL, NULL);
INSERT INTO `engine_photo` VALUES(188, 'http://sphotos.xx.fbcdn.net/hphotos-snc7/74245_10150334919180235_856015234_15988781_3155929_n.jpg', 'http://sphotos.xx.fbcdn.net/hphotos-snc7/74245_10150334919180235_856015234_15988781_3155929_n.jpg', '', 10150334919180235, 187, 0, '2012-03-03 04:05:38', '2010-11-17 10:04:47', '2012-05-19 20:57:16', '', 21, NULL, 2, 11, 83, NULL);
INSERT INTO `engine_photo` VALUES(189, 'http://photos-e.ak.fbcdn.net/hphotos-ak-snc6/76267_464687946136_502231136_5505690_3491224_s.jpg', 'http://photos-e.ak.fbcdn.net/hphotos-ak-snc6/76267_464687946136_502231136_5505690_3491224_s.jpg', '', 464687946136, NULL, 1, '2012-03-03 04:05:41', '2010-11-06 09:11:44', '2012-03-03 04:05:42', NULL, 21, NULL, NULL, NULL, NULL, NULL);
INSERT INTO `engine_photo` VALUES(190, 'http://sphotos.xx.fbcdn.net/hphotos-snc6/76267_464687946136_502231136_5505690_3491224_n.jpg', 'http://sphotos.xx.fbcdn.net/hphotos-snc6/76267_464687946136_502231136_5505690_3491224_n.jpg', '', 464687946136, 189, 0, '2012-03-03 04:05:41', '2010-11-06 09:11:44', '2012-05-19 20:57:16', '', 21, NULL, 2, 11, 84, NULL);
INSERT INTO `engine_photo` VALUES(191, 'http://photos-f.ak.fbcdn.net/hphotos-ak-snc7/73896_1543086211692_1071060114_31303059_7749750_s.jpg', 'http://photos-f.ak.fbcdn.net/hphotos-ak-snc7/73896_1543086211692_1071060114_31303059_7749750_s.jpg', '', 1543086211692, NULL, 1, '2012-03-03 04:05:44', '2010-11-05 22:41:07', '2012-03-03 04:05:45', NULL, 21, NULL, NULL, NULL, NULL, NULL);
INSERT INTO `engine_photo` VALUES(192, 'http://sphotos.xx.fbcdn.net/hphotos-snc7/73896_1543086211692_1071060114_31303059_7749750_n.jpg', 'http://sphotos.xx.fbcdn.net/hphotos-snc7/73896_1543086211692_1071060114_31303059_7749750_n.jpg', '', 1543086211692, 191, 0, '2012-03-03 04:05:45', '2010-11-05 22:41:07', '2012-05-19 20:57:16', '', 21, NULL, 2, 11, 85, NULL);
INSERT INTO `engine_photo` VALUES(193, 'http://photos-d.ak.fbcdn.net/hphotos-ak-snc7/149990_1543086091689_1071060114_31303058_8339741_s.jpg', 'http://photos-d.ak.fbcdn.net/hphotos-ak-snc7/149990_1543086091689_1071060114_31303058_8339741_s.jpg', '', 1543086091689, NULL, 1, '2012-03-03 04:05:48', '2010-11-05 22:41:05', '2012-03-03 04:05:49', NULL, 21, NULL, NULL, NULL, NULL, NULL);
INSERT INTO `engine_photo` VALUES(194, 'http://a4.sphotos.ak.fbcdn.net/hphotos-ak-snc7/149990_1543086091689_1071060114_31303058_8339741_n.jpg', 'http://a4.sphotos.ak.fbcdn.net/hphotos-ak-snc7/149990_1543086091689_1071060114_31303058_8339741_n.jpg', '', 1543086091689, 193, 0, '2012-03-03 04:05:48', '2010-11-05 22:41:05', '2012-05-19 20:57:16', '', 21, NULL, 2, 11, 86, NULL);
INSERT INTO `engine_photo` VALUES(195, 'http://photos-g.ak.fbcdn.net/hphotos-ak-snc6/73877_1543085851683_1071060114_31303055_7478961_s.jpg', 'http://photos-g.ak.fbcdn.net/hphotos-ak-snc6/73877_1543085851683_1071060114_31303055_7478961_s.jpg', '', 1543085851683, NULL, 1, '2012-03-03 04:05:51', '2010-11-05 22:40:58', '2012-03-03 04:05:52', NULL, 21, NULL, NULL, NULL, NULL, NULL);
INSERT INTO `engine_photo` VALUES(196, 'http://sphotos.xx.fbcdn.net/hphotos-snc6/73877_1543085851683_1071060114_31303055_7478961_n.jpg', 'http://sphotos.xx.fbcdn.net/hphotos-snc6/73877_1543085851683_1071060114_31303055_7478961_n.jpg', '', 1543085851683, 195, 0, '2012-03-03 04:05:52', '2010-11-05 22:40:58', '2012-05-19 20:57:16', '', 21, NULL, 2, 11, 87, NULL);
INSERT INTO `engine_photo` VALUES(197, 'http://media.getchute.com/media/25Mpknv/200x200', 'http://media.getchute.com/media/25Mpknv/200x200', '', NULL, NULL, 1, '2012-03-03 04:06:11', '2012-03-03 04:06:11', '2012-03-03 04:06:11', NULL, NULL, 8046, NULL, NULL, NULL, NULL);
INSERT INTO `engine_photo` VALUES(198, 'http://media.getchute.com/media/25Mpknv', 'http://media.getchute.com/media/25Mpknv', '', NULL, 197, 0, '2012-03-03 04:06:12', '2012-03-03 04:06:12', '2012-05-19 20:57:16', '', 21, 8046, 2, 11, 88, NULL);
INSERT INTO `engine_photo` VALUES(199, 'http://media.getchute.com/media/25Nychi/200x200', 'http://media.getchute.com/media/25Nychi/200x200', '', NULL, NULL, 1, '2012-03-03 04:06:14', '2012-03-03 04:06:14', '2012-03-03 04:06:14', NULL, NULL, 8047, NULL, NULL, NULL, NULL);
INSERT INTO `engine_photo` VALUES(200, 'http://media.getchute.com/media/25Nychi', 'http://media.getchute.com/media/25Nychi', '', NULL, 199, 0, '2012-03-03 04:06:14', '2012-03-03 04:06:14', '2012-05-19 20:57:16', '', 21, 8047, 2, 11, 89, NULL);
INSERT INTO `engine_photo` VALUES(201, 'http://media.getchute.com/media/25Oitcu/200x200', 'http://media.getchute.com/media/25Oitcu/200x200', '', NULL, NULL, 1, '2012-03-03 04:14:34', '2012-03-03 04:14:34', '2012-03-03 04:14:34', NULL, NULL, 8048, NULL, NULL, NULL, NULL);
INSERT INTO `engine_photo` VALUES(202, 'http://media.getchute.com/media/25Oitcu', 'http://media.getchute.com/media/25Oitcu', '', NULL, 201, 0, '2012-03-03 04:14:35', '2012-03-03 04:14:35', '2012-05-19 20:57:16', 'moo', 21, 8048, 2, 11, 90, NULL);
INSERT INTO `engine_photo` VALUES(203, 'http://media.getchute.com/media/25Pfpyo/200x200', 'http://media.getchute.com/media/25Pfpyo/200x200', '', NULL, NULL, 1, '2012-03-03 04:14:37', '2012-03-03 04:14:37', '2012-03-03 04:14:37', NULL, NULL, 8049, NULL, NULL, NULL, NULL);
INSERT INTO `engine_photo` VALUES(204, 'http://media.getchute.com/media/25Pfpyo', 'http://media.getchute.com/media/25Pfpyo', '', NULL, 203, 0, '2012-03-03 04:14:37', '2012-03-03 04:14:37', '2012-05-19 20:57:16', 'moo2', 21, 8049, 2, 11, 91, NULL);
INSERT INTO `engine_photo` VALUES(205, 'http://media.getchute.com/media/25Quoce/200x200', 'http://media.getchute.com/media/25Quoce/200x200', '', NULL, NULL, 1, '2012-03-03 04:14:39', '2012-03-03 04:14:39', '2012-03-03 04:14:39', NULL, NULL, 8050, NULL, NULL, NULL, NULL);
INSERT INTO `engine_photo` VALUES(206, 'http://media.getchute.com/media/25Quoce', 'http://media.getchute.com/media/25Quoce', '', NULL, 205, 0, '2012-03-03 04:14:40', '2012-03-03 04:14:40', '2012-05-19 20:57:16', 'moo4', 21, 8050, 2, 11, 92, NULL);
INSERT INTO `engine_photo` VALUES(207, 'http://media.getchute.com/media/25Ugdhr/200x200', 'http://media.getchute.com/media/25Ugdhr/200x200', '', NULL, NULL, 1, '2012-03-03 04:21:03', '2012-03-03 04:21:03', '2012-03-03 04:21:03', NULL, NULL, 8054, NULL, NULL, NULL, NULL);
INSERT INTO `engine_photo` VALUES(208, 'http://media.getchute.com/media/25Ugdhr', 'http://media.getchute.com/media/25Ugdhr', '', NULL, 207, 0, '2012-03-03 04:21:03', '2012-03-03 04:21:03', '2012-05-19 20:57:16', '', 21, 8054, 2, 11, 93, NULL);
INSERT INTO `engine_photo` VALUES(209, 'http://media.getchute.com/media/25Vyive/200x200', 'http://media.getchute.com/media/25Vyive/200x200', '', NULL, NULL, 1, '2012-03-03 04:21:06', '2012-03-03 04:21:06', '2012-03-03 04:21:06', NULL, NULL, 8055, NULL, NULL, NULL, NULL);
INSERT INTO `engine_photo` VALUES(210, 'http://media.getchute.com/media/25Vyive', 'http://media.getchute.com/media/25Vyive', '', NULL, 209, 0, '2012-03-03 04:21:06', '2012-03-03 04:21:06', '2012-05-19 20:57:16', '', 21, 8055, 2, 11, 94, NULL);
INSERT INTO `engine_photo` VALUES(211, 'http://media.getchute.com/media/25Xdgzl/200x200', 'http://media.getchute.com/media/25Xdgzl/200x200', '', NULL, NULL, 1, '2012-03-03 04:32:47', '2012-03-03 04:32:47', '2012-03-03 04:32:47', NULL, NULL, 8057, NULL, NULL, NULL, NULL);
INSERT INTO `engine_photo` VALUES(212, 'http://media.getchute.com/media/25Xdgzl', 'http://media.getchute.com/media/25Xdgzl', '', NULL, 211, 0, '2012-03-03 04:32:47', '2012-03-03 04:32:47', '2012-05-19 20:57:16', '', 21, 8057, 2, 11, 95, NULL);
INSERT INTO `engine_photo` VALUES(213, 'http://media.getchute.com/media/aOahaot/200x200', 'http://media.getchute.com/media/aOahaot/200x200', '', NULL, NULL, 1, '2012-03-08 03:16:38', '2012-03-08 03:16:38', '2012-03-08 03:16:38', NULL, NULL, 41550, NULL, NULL, NULL, NULL);
INSERT INTO `engine_photo` VALUES(214, 'http://media.getchute.com/media/aOahaot', 'http://media.getchute.com/media/aOahaot', '', NULL, 213, 0, '2012-03-08 03:16:39', '2012-03-08 03:16:39', '2012-05-19 20:57:16', '', 89, 41550, 9, 18, 96, NULL);
INSERT INTO `engine_photo` VALUES(215, 'http://media.getchute.com/media/aObbdgw/200x200', 'http://media.getchute.com/media/aObbdgw/200x200', '', NULL, NULL, 1, '2012-03-08 03:16:41', '2012-03-08 03:16:41', '2012-03-08 03:16:41', NULL, NULL, 41551, NULL, NULL, NULL, NULL);
INSERT INTO `engine_photo` VALUES(216, 'http://media.getchute.com/media/aObbdgw', 'http://media.getchute.com/media/aObbdgw', '', NULL, 215, 0, '2012-03-08 03:16:41', '2012-03-08 03:16:41', '2012-05-19 20:57:16', '', 89, 41551, 9, 18, 97, NULL);
INSERT INTO `engine_photo` VALUES(217, 'http://media.getchute.com/media/aOcackr/200x200', 'http://media.getchute.com/media/aOcackr/200x200', '', NULL, NULL, 1, '2012-03-08 03:16:43', '2012-03-08 03:16:43', '2012-03-08 03:16:43', NULL, NULL, 41552, NULL, NULL, NULL, NULL);
INSERT INTO `engine_photo` VALUES(218, 'http://media.getchute.com/media/aOcackr', 'http://media.getchute.com/media/aOcackr', '', NULL, 217, 0, '2012-03-08 03:16:43', '2012-03-08 03:16:43', '2012-05-19 20:57:16', '', 89, 41552, 9, 18, 98, NULL);
INSERT INTO `engine_photo` VALUES(219, 'http://media.getchute.com/media/aOdpoca/200x200', 'http://media.getchute.com/media/aOdpoca/200x200', '', NULL, NULL, 1, '2012-03-08 03:16:45', '2012-03-08 03:16:45', '2012-03-08 03:16:45', NULL, NULL, 41553, NULL, NULL, NULL, NULL);
INSERT INTO `engine_photo` VALUES(221, 'http://media.getchute.com/media/aOempge/200x200', 'http://media.getchute.com/media/aOempge/200x200', '', NULL, NULL, 1, '2012-03-08 03:16:47', '2012-03-08 03:16:47', '2012-03-08 03:16:47', NULL, NULL, 41554, NULL, NULL, NULL, NULL);
INSERT INTO `engine_photo` VALUES(222, 'http://media.getchute.com/media/aOempge', 'http://media.getchute.com/media/aOempge', '', NULL, 221, 0, '2012-03-08 03:16:47', '2012-03-08 03:16:47', '2012-05-19 20:57:16', '', 89, 41554, 9, 18, 99, NULL);
INSERT INTO `engine_photo` VALUES(223, 'http://media.getchute.com/media/aOfxakp/200x200', 'http://media.getchute.com/media/aOfxakp/200x200', '', NULL, NULL, 1, '2012-03-08 03:16:49', '2012-03-08 03:16:49', '2012-03-08 03:16:49', NULL, NULL, 41555, NULL, NULL, NULL, NULL);
INSERT INTO `engine_photo` VALUES(224, 'http://media.getchute.com/media/aOfxakp', 'http://media.getchute.com/media/aOfxakp', '', NULL, 223, 0, '2012-03-08 03:16:49', '2012-03-08 03:16:49', '2012-05-19 20:57:16', '', 89, 41555, 9, 18, 100, NULL);
INSERT INTO `engine_photo` VALUES(225, 'http://media.getchute.com/media/aTSdbxe/200x200', 'http://media.getchute.com/media/aTSdbxe/200x200', '', NULL, NULL, 1, '2012-03-08 03:48:59', '2012-03-08 03:48:59', '2012-03-08 03:48:59', NULL, NULL, 41904, NULL, NULL, NULL, NULL);
INSERT INTO `engine_photo` VALUES(226, 'http://media.getchute.com/media/aTSdbxe', 'http://media.getchute.com/media/aTSdbxe', '', NULL, 225, 0, '2012-03-08 03:48:59', '2012-03-08 03:48:59', '2012-05-19 20:57:16', '', 71, 41904, 7, 16, 101, NULL);
INSERT INTO `engine_photo` VALUES(227, 'http://media.getchute.com/media/aTTavhq/200x200', 'http://media.getchute.com/media/aTTavhq/200x200', '', NULL, NULL, 1, '2012-03-08 03:49:02', '2012-03-08 03:49:02', '2012-03-08 03:49:02', NULL, NULL, 41905, NULL, NULL, NULL, NULL);
INSERT INTO `engine_photo` VALUES(228, 'http://media.getchute.com/media/aTTavhq', 'http://media.getchute.com/media/aTTavhq', '', NULL, 227, 0, '2012-03-08 03:49:02', '2012-03-08 03:49:02', '2012-05-19 20:57:16', '', 71, 41905, 7, 16, 102, NULL);
INSERT INTO `engine_photo` VALUES(229, 'http://media.getchute.com/media/aTUpzuf/200x200', 'http://media.getchute.com/media/aTUpzuf/200x200', '', NULL, NULL, 1, '2012-03-08 03:49:04', '2012-03-08 03:49:04', '2012-03-08 03:49:04', NULL, NULL, 41906, NULL, NULL, NULL, NULL);
INSERT INTO `engine_photo` VALUES(230, 'http://media.getchute.com/media/aTUpzuf', 'http://media.getchute.com/media/aTUpzuf', '', NULL, 229, 0, '2012-03-08 03:49:04', '2012-03-08 03:49:04', '2012-05-19 20:57:16', '', 71, 41906, 7, 16, 103, NULL);
INSERT INTO `engine_photo` VALUES(231, 'http://media.getchute.com/media/aTVcowf/200x200', 'http://media.getchute.com/media/aTVcowf/200x200', '', NULL, NULL, 1, '2012-03-08 03:49:07', '2012-03-08 03:49:07', '2012-03-08 03:49:07', NULL, NULL, 41907, NULL, NULL, NULL, NULL);
INSERT INTO `engine_photo` VALUES(232, 'http://media.getchute.com/media/aTVcowf', 'http://media.getchute.com/media/aTVcowf', '', NULL, 231, 0, '2012-03-08 03:49:07', '2012-03-08 03:49:07', '2012-05-19 20:57:16', '', 71, 41907, 7, 16, 104, NULL);
INSERT INTO `engine_photo` VALUES(233, 'http://media.getchute.com/media/aTWerjm/200x200', 'http://media.getchute.com/media/aTWerjm/200x200', '', NULL, NULL, 1, '2012-03-08 03:49:09', '2012-03-08 03:49:09', '2012-03-08 03:49:09', NULL, NULL, 41908, NULL, NULL, NULL, NULL);
INSERT INTO `engine_photo` VALUES(234, 'http://media.getchute.com/media/aTWerjm', 'http://media.getchute.com/media/aTWerjm', '', NULL, 233, 0, '2012-03-08 03:49:10', '2012-03-08 03:49:10', '2012-05-19 20:57:16', '', 71, 41908, 7, 16, 105, NULL);
INSERT INTO `engine_photo` VALUES(235, 'http://media.getchute.com/media/aTXajqr/200x200', 'http://media.getchute.com/media/aTXajqr/200x200', '', NULL, NULL, 1, '2012-03-08 03:49:12', '2012-03-08 03:49:12', '2012-03-08 03:49:12', NULL, NULL, 41909, NULL, NULL, NULL, NULL);
INSERT INTO `engine_photo` VALUES(236, 'http://media.getchute.com/media/aTXajqr', 'http://media.getchute.com/media/aTXajqr', '', NULL, 235, 0, '2012-03-08 03:49:12', '2012-03-08 03:49:12', '2012-05-19 20:57:16', 'At the tanneries in Marrakech. The city has a rich history of chillin with leather. leather leather leather. ', 71, 41909, 7, 16, 106, NULL);
INSERT INTO `engine_photo` VALUES(237, 'http://media.getchute.com/media/aTYeqkr/200x200', 'http://media.getchute.com/media/aTYeqkr/200x200', '', NULL, NULL, 1, '2012-03-08 03:49:14', '2012-03-08 03:49:14', '2012-03-08 03:49:14', NULL, NULL, 41910, NULL, NULL, NULL, NULL);
INSERT INTO `engine_photo` VALUES(238, 'http://media.getchute.com/media/aTYeqkr', 'http://media.getchute.com/media/aTYeqkr', '', NULL, 237, 0, '2012-03-08 03:49:15', '2012-03-08 03:49:15', '2012-05-19 20:57:16', 'Here''s a cat just chillin. ', 71, 41910, 7, 16, 107, NULL);
INSERT INTO `engine_photo` VALUES(239, 'http://sphotos.xx.fbcdn.net/hphotos-snc6/71635_460998491136_502231136_5435725_5020313_a.jpg', 'http://sphotos.xx.fbcdn.net/hphotos-snc6/71635_460998491136_502231136_5435725_5020313_a.jpg', '', 460998491136, NULL, 1, '2012-03-08 04:48:41', '2010-10-29 11:05:24', '2012-03-08 04:48:42', NULL, 21, NULL, NULL, NULL, NULL, NULL);
INSERT INTO `engine_photo` VALUES(240, 'http://sphotos.xx.fbcdn.net/hphotos-snc6/71635_460998491136_502231136_5435725_5020313_n.jpg', 'http://sphotos.xx.fbcdn.net/hphotos-snc6/71635_460998491136_502231136_5435725_5020313_n.jpg', '', 460998491136, 239, 0, '2012-03-08 04:48:41', '2010-10-29 11:05:24', '2012-05-19 20:57:16', '', 21, NULL, 2, 11, 108, NULL);
INSERT INTO `engine_photo` VALUES(241, 'http://sphotos.xx.fbcdn.net/hphotos-snc7/69413_460998376136_502231136_5435722_7223254_a.jpg', 'http://sphotos.xx.fbcdn.net/hphotos-snc7/69413_460998376136_502231136_5435722_7223254_a.jpg', '', 460998376136, NULL, 1, '2012-03-08 04:48:44', '2010-10-29 11:04:59', '2012-03-08 04:48:45', NULL, 21, NULL, NULL, NULL, NULL, NULL);
INSERT INTO `engine_photo` VALUES(242, 'http://sphotos.xx.fbcdn.net/hphotos-snc7/69413_460998376136_502231136_5435722_7223254_n.jpg', 'http://sphotos.xx.fbcdn.net/hphotos-snc7/69413_460998376136_502231136_5435722_7223254_n.jpg', '', 460998376136, 241, 0, '2012-03-08 04:48:45', '2010-10-29 11:04:59', '2012-05-19 20:57:16', '', 21, NULL, 2, 11, 109, NULL);
INSERT INTO `engine_photo` VALUES(243, 'http://sphotos.xx.fbcdn.net/hphotos-snc6/73056_1525785663346_1195775610_31322156_6903696_a.jpg', 'http://sphotos.xx.fbcdn.net/hphotos-snc6/73056_1525785663346_1195775610_31322156_6903696_a.jpg', '', 1525785663346, NULL, 1, '2012-03-08 04:48:48', '2010-10-24 13:15:08', '2012-03-08 04:48:48', NULL, 21, NULL, NULL, NULL, NULL, NULL);
INSERT INTO `engine_photo` VALUES(244, 'http://sphotos.xx.fbcdn.net/hphotos-snc6/73056_1525785663346_1195775610_31322156_6903696_n.jpg', 'http://sphotos.xx.fbcdn.net/hphotos-snc6/73056_1525785663346_1195775610_31322156_6903696_n.jpg', '', 1525785663346, 243, 0, '2012-03-08 04:48:48', '2010-10-24 13:15:08', '2012-05-19 20:57:16', '', 21, NULL, 2, 11, 110, NULL);
INSERT INTO `engine_photo` VALUES(245, 'http://sphotos.xx.fbcdn.net/hphotos-snc7/69026_1525782063256_1195775610_31322131_1393926_a.jpg', 'http://sphotos.xx.fbcdn.net/hphotos-snc7/69026_1525782063256_1195775610_31322131_1393926_a.jpg', '', 1525782063256, NULL, 1, '2012-03-08 04:48:51', '2010-10-24 13:14:12', '2012-03-08 04:48:52', NULL, 21, NULL, NULL, NULL, NULL, NULL);
INSERT INTO `engine_photo` VALUES(246, 'http://sphotos.xx.fbcdn.net/hphotos-snc7/69026_1525782063256_1195775610_31322131_1393926_n.jpg', 'http://sphotos.xx.fbcdn.net/hphotos-snc7/69026_1525782063256_1195775610_31322131_1393926_n.jpg', '', 1525782063256, 245, 0, '2012-03-08 04:48:52', '2010-10-24 13:14:12', '2012-05-19 20:57:16', '', 21, NULL, 2, 11, 111, NULL);
INSERT INTO `engine_photo` VALUES(247, 'http://sphotos.xx.fbcdn.net/hphotos-snc7/72744_1525780343213_1195775610_31322119_5184381_a.jpg', 'http://sphotos.xx.fbcdn.net/hphotos-snc7/72744_1525780343213_1195775610_31322119_5184381_a.jpg', '', 1525780343213, NULL, 1, '2012-03-08 04:48:55', '2010-10-24 13:13:31', '2012-03-08 04:48:55', NULL, 21, NULL, NULL, NULL, NULL, NULL);
INSERT INTO `engine_photo` VALUES(248, 'http://sphotos.xx.fbcdn.net/hphotos-snc7/72744_1525780343213_1195775610_31322119_5184381_n.jpg', 'http://sphotos.xx.fbcdn.net/hphotos-snc7/72744_1525780343213_1195775610_31322119_5184381_n.jpg', '', 1525780343213, 247, 0, '2012-03-08 04:48:55', '2010-10-24 13:13:31', '2012-05-19 20:57:16', '', 21, NULL, 2, 11, 112, NULL);
INSERT INTO `engine_photo` VALUES(250, 'profile_50_thumb_200x200.jpg', 'uploads/profile_50_thumb_200x200.jpg', '', NULL, NULL, 1, '2012-03-08 17:24:24', '2012-03-08 17:24:24', '2012-03-08 17:24:24', NULL, NULL, NULL, NULL, NULL, NULL, NULL);
INSERT INTO `engine_photo` VALUES(252, 'roster_logo_thumb_200x200.png', 'uploads/roster_logo_thumb_200x200.png', '', NULL, NULL, 1, '2012-03-08 17:27:06', '2012-03-08 17:27:06', '2012-03-08 17:27:06', NULL, NULL, NULL, NULL, NULL, NULL, NULL);
INSERT INTO `engine_photo` VALUES(254, 'profile_50_1_thumb_200x200.jpg', 'uploads/profile_50_1_thumb_200x200.jpg', '', NULL, NULL, 1, '2012-03-08 17:28:43', '2012-03-08 17:28:43', '2012-03-08 17:28:43', NULL, NULL, NULL, NULL, NULL, NULL, NULL);
INSERT INTO `engine_photo` VALUES(256, 'profile_50_2_thumb_200x200.jpg', 'uploads/profile_50_2_thumb_200x200.jpg', '', NULL, NULL, 1, '2012-03-08 17:36:02', '2012-03-08 17:36:02', '2012-03-08 17:36:02', NULL, NULL, NULL, NULL, NULL, NULL, NULL);
INSERT INTO `engine_photo` VALUES(258, 'meme2_thumb_200x200.png', 'uploads/meme2_thumb_200x200.png', '', NULL, NULL, 1, '2012-03-08 17:36:57', '2012-03-08 17:36:57', '2012-03-08 17:36:57', NULL, NULL, NULL, NULL, NULL, NULL, NULL);
INSERT INTO `engine_photo` VALUES(260, 'profile_50_3_thumb_200x200.jpg', 'uploads/profile_50_3_thumb_200x200.jpg', '', NULL, NULL, 1, '2012-03-08 17:39:42', '2012-03-08 17:39:42', '2012-03-08 17:39:42', NULL, NULL, NULL, NULL, NULL, NULL, NULL);
INSERT INTO `engine_photo` VALUES(262, 'meme2_1_thumb_200x200.png', 'uploads/meme2_1_thumb_200x200.png', '', NULL, NULL, 1, '2012-03-08 17:41:46', '2012-03-08 17:41:46', '2012-03-08 17:41:46', NULL, NULL, NULL, NULL, NULL, NULL, NULL);
INSERT INTO `engine_photo` VALUES(264, 'charlotte_facebook_thumb_200x200.jpg', 'uploads/charlotte_facebook_thumb_200x200.jpg', '', NULL, NULL, 1, '2012-03-08 17:43:04', '2012-03-08 17:43:04', '2012-03-08 17:43:04', NULL, NULL, NULL, NULL, NULL, NULL, NULL);
INSERT INTO `engine_photo` VALUES(267, 'http://media.getchute.com/media/GmFtuwy/200x200', 'http://media.getchute.com/media/GmFtuwy/200x200', '', NULL, NULL, 1, '2012-03-12 03:14:22', '2012-03-12 03:14:22', '2012-03-12 03:14:22', NULL, NULL, 162853, NULL, NULL, NULL, NULL);
INSERT INTO `engine_photo` VALUES(269, 'http://media.getchute.com/media/GpUdoja/200x200', 'http://media.getchute.com/media/GpUdoja/200x200', '', NULL, NULL, 1, '2012-03-12 03:30:47', '2012-03-12 03:30:47', '2012-03-12 03:30:47', NULL, NULL, 163054, NULL, NULL, NULL, NULL);
INSERT INTO `engine_photo` VALUES(271, 'http://media.getchute.com/media/O7kjoyb/200x200', 'http://media.getchute.com/media/O7kjoyb/200x200', '', NULL, NULL, 1, '2012-03-14 15:55:09', '2012-03-14 15:55:09', '2012-03-14 15:55:09', NULL, NULL, 192654, NULL, NULL, NULL, NULL);
INSERT INTO `engine_photo` VALUES(272, 'http://media.getchute.com/media/O7kjoyb', 'http://media.getchute.com/media/O7kjoyb', '', NULL, 271, 0, '2012-03-14 15:55:10', '2012-03-14 15:55:10', '2012-05-19 20:57:16', '', 19, 192654, 1, 9, 113, NULL);
INSERT INTO `engine_photo` VALUES(273, 'http://media.getchute.com/media/O98fpci/200x200', 'http://media.getchute.com/media/O98fpci/200x200', '', NULL, NULL, 1, '2012-03-14 15:58:38', '2012-03-14 15:58:38', '2012-03-14 15:58:38', NULL, NULL, 192766, NULL, NULL, NULL, NULL);
INSERT INTO `engine_photo` VALUES(274, 'http://media.getchute.com/media/O98fpci', 'http://media.getchute.com/media/O98fpci', '', NULL, 273, 0, '2012-03-14 15:58:38', '2012-03-14 15:58:38', '2012-05-19 20:57:16', '', 19, 192766, 2, 11, 114, NULL);
INSERT INTO `engine_photo` VALUES(275, 'http://media.getchute.com/media/142bizsb/200x200', 'http://media.getchute.com/media/142bizsb/200x200', '', NULL, NULL, 1, '2012-03-18 18:10:12', '2012-03-18 18:10:12', '2012-03-18 18:10:12', NULL, NULL, 253839, NULL, NULL, NULL, NULL);
INSERT INTO `engine_photo` VALUES(276, 'http://media.getchute.com/media/142bizsb', 'http://media.getchute.com/media/142bizsb', '', NULL, 275, 0, '2012-03-18 18:10:12', '2012-03-18 18:10:12', '2012-05-19 20:57:16', '', 19, 253839, 1, 9, 115, NULL);
INSERT INTO `engine_photo` VALUES(277, 'http://media.getchute.com/media/144Mhovt/200x200', 'http://media.getchute.com/media/144Mhovt/200x200', '', NULL, NULL, 1, '2012-03-18 18:33:13', '2012-03-18 18:33:13', '2012-03-18 18:33:13', NULL, NULL, 254000, NULL, NULL, NULL, NULL);
INSERT INTO `engine_photo` VALUES(278, 'http://media.getchute.com/media/144Mhovt', 'http://media.getchute.com/media/144Mhovt', '', NULL, 277, 0, '2012-03-18 18:33:14', '2012-03-18 18:33:14', '2012-05-19 20:57:16', '', 121, 254000, 13, 25, 116, NULL);
INSERT INTO `engine_photo` VALUES(279, 'http://media.getchute.com/media/15V1cyiz/200x200', 'http://media.getchute.com/media/15V1cyiz/200x200', '', NULL, NULL, 1, '2012-03-20 01:57:01', '2012-03-20 01:57:01', '2012-03-20 01:57:01', NULL, NULL, 261083, NULL, NULL, NULL, NULL);
INSERT INTO `engine_photo` VALUES(280, 'http://media.getchute.com/media/15V1cyiz', 'http://media.getchute.com/media/15V1cyiz', '', NULL, 279, 0, '2012-03-20 01:57:01', '2012-03-20 01:57:01', '2012-05-19 20:57:16', '', 19, 261083, 1, 9, 117, NULL);
INSERT INTO `engine_photo` VALUES(281, 'http://media.getchute.com/media/15V2xdmo/200x200', 'http://media.getchute.com/media/15V2xdmo/200x200', '', NULL, NULL, 1, '2012-03-20 01:57:02', '2012-03-20 01:57:02', '2012-03-20 01:57:02', NULL, NULL, 261084, NULL, NULL, NULL, NULL);
INSERT INTO `engine_photo` VALUES(282, 'http://media.getchute.com/media/15V2xdmo', 'http://media.getchute.com/media/15V2xdmo', '', NULL, 281, 0, '2012-03-20 01:57:02', '2012-03-20 01:57:02', '2012-05-19 20:57:16', '', 19, 261084, 1, 9, 118, NULL);
INSERT INTO `engine_photo` VALUES(283, 'http://media.getchute.com/media/15VBokhq/200x200', 'http://media.getchute.com/media/15VBokhq/200x200', '', NULL, NULL, 1, '2012-03-20 02:15:58', '2012-03-20 02:15:58', '2012-03-20 02:15:58', NULL, NULL, 261119, NULL, NULL, NULL, NULL);
INSERT INTO `engine_photo` VALUES(284, 'http://media.getchute.com/media/15VBokhq', 'http://media.getchute.com/media/15VBokhq', '', NULL, 283, 0, '2012-03-20 02:15:58', '2012-03-20 02:15:58', '2012-05-19 20:57:16', '', 21, 261119, 14, 36, 119, NULL);
INSERT INTO `engine_photo` VALUES(285, 'Twitpic_wesleyzhao.jpg', 'uploads/Twitpic_wesleyzhao.jpg', '', NULL, NULL, 0, '2012-03-20 03:23:43', '2012-03-20 03:23:43', '2012-03-20 03:23:43', NULL, 21, NULL, NULL, NULL, NULL, NULL);
INSERT INTO `engine_photo` VALUES(286, 'Twitpic_wesleyzhao_1.jpg', 'uploads/Twitpic_wesleyzhao_1.jpg', '', NULL, NULL, 0, '2012-03-20 03:30:32', '2012-03-20 03:30:32', '2012-03-20 03:30:32', NULL, 21, NULL, NULL, NULL, NULL, NULL);
INSERT INTO `engine_photo` VALUES(287, 'Twitpic_wesleyzhao_2.jpg', 'uploads/Twitpic_wesleyzhao_2.jpg', '', NULL, 288, 0, '2012-03-20 03:39:45', '2012-03-20 03:39:45', '2012-03-20 03:39:46', NULL, 21, NULL, NULL, NULL, NULL, NULL);
INSERT INTO `engine_photo` VALUES(288, 'Twitpic_wesleyzhao_2_thumb_200x200.jpg', 'uploads/Twitpic_wesleyzhao_2_thumb_200x200.jpg', '', NULL, NULL, 1, '2012-03-20 03:39:46', '2012-03-20 03:39:46', '2012-03-20 03:39:46', NULL, NULL, NULL, NULL, NULL, NULL, NULL);
INSERT INTO `engine_photo` VALUES(289, 'http://media.getchute.com/media/17Hllshc/200x200', 'http://media.getchute.com/media/17Hllshc/200x200', '', NULL, NULL, 1, '2012-03-21 11:01:36', '2012-03-21 11:01:36', '2012-03-21 11:01:36', NULL, NULL, 267923, NULL, NULL, NULL, NULL);
INSERT INTO `engine_photo` VALUES(290, 'http://media.getchute.com/media/17Hllshc', 'http://media.getchute.com/media/17Hllshc', '', NULL, 289, 0, '2012-03-21 11:01:36', '2012-03-21 11:01:36', '2012-05-19 20:57:16', 'Me', 135, 267923, 16, 39, 120, NULL);
INSERT INTO `engine_photo` VALUES(291, 'http://media.getchute.com/media/17HXbjnx/200x200', 'http://media.getchute.com/media/17HXbjnx/200x200', '', NULL, NULL, 1, '2012-03-21 11:10:37', '2012-03-21 11:10:37', '2012-03-21 11:10:37', NULL, NULL, 267961, NULL, NULL, NULL, NULL);
INSERT INTO `engine_photo` VALUES(292, 'http://media.getchute.com/media/17HXbjnx', 'http://media.getchute.com/media/17HXbjnx', '', NULL, 291, 0, '2012-03-21 11:10:37', '2012-03-21 11:10:37', '2012-05-19 20:57:16', '', 135, 267961, 16, 39, 121, NULL);
INSERT INTO `engine_photo` VALUES(293, 'http://media.getchute.com/media/1cDVgcbr/200x200', 'http://media.getchute.com/media/1cDVgcbr/200x200', '', NULL, NULL, 1, '2012-03-23 03:44:30', '2012-03-23 03:44:30', '2012-03-23 03:44:30', NULL, NULL, 286931, NULL, NULL, NULL, NULL);
INSERT INTO `engine_photo` VALUES(294, 'http://media.getchute.com/media/1cDVgcbr', 'http://media.getchute.com/media/1cDVgcbr', '', NULL, 293, 0, '2012-03-23 03:44:31', '2012-03-23 03:44:31', '2012-05-19 20:57:16', 'gay', 136, 286931, 17, 40, 122, NULL);
INSERT INTO `engine_photo` VALUES(295, 'http://media.getchute.com/media/1cDWzvlp/200x200', 'http://media.getchute.com/media/1cDWzvlp/200x200', '', NULL, NULL, 1, '2012-03-23 03:44:33', '2012-03-23 03:44:33', '2012-03-23 03:44:33', NULL, NULL, 286932, NULL, NULL, NULL, NULL);
INSERT INTO `engine_photo` VALUES(296, 'http://media.getchute.com/media/1cDWzvlp', 'http://media.getchute.com/media/1cDWzvlp', '', NULL, 295, 0, '2012-03-23 03:44:33', '2012-03-23 03:44:33', '2012-05-19 20:57:16', 'jpg', 136, 286932, 17, 40, 123, NULL);
INSERT INTO `engine_photo` VALUES(297, 'http://media.getchute.com/media/1cEZtayu/200x200', 'http://media.getchute.com/media/1cEZtayu/200x200', '', NULL, NULL, 1, '2012-03-23 03:49:52', '2012-03-23 03:49:52', '2012-03-23 03:49:52', NULL, NULL, 286997, NULL, NULL, NULL, NULL);
INSERT INTO `engine_photo` VALUES(298, 'http://media.getchute.com/media/1cEZtayu', 'http://media.getchute.com/media/1cEZtayu', '', NULL, 297, 0, '2012-03-23 03:49:53', '2012-03-23 03:49:53', '2012-05-19 20:57:16', 'HUGE', 136, 286997, 17, 40, 124, NULL);
INSERT INTO `engine_photo` VALUES(299, 'http://media.getchute.com/media/1hiNfhij/200x200', 'http://media.getchute.com/media/1hiNfhij/200x200', '', NULL, NULL, 1, '2012-03-23 23:50:48', '2012-03-23 23:50:48', '2012-03-23 23:50:48', NULL, NULL, 304841, NULL, NULL, NULL, NULL);
INSERT INTO `engine_photo` VALUES(300, 'http://media.getchute.com/media/1hiNfhij', 'http://media.getchute.com/media/1hiNfhij', '', NULL, 299, 0, '2012-03-23 23:50:48', '2012-03-23 23:50:48', '2012-05-19 20:57:16', 'test $.json', 21, 304841, 2, 11, 125, NULL);
INSERT INTO `engine_photo` VALUES(301, 'ohgod.png', 'uploads/ohgod.png', '', NULL, NULL, 0, '2012-03-23 23:54:03', '2012-03-23 23:54:03', '2012-03-23 23:54:03', NULL, 21, NULL, NULL, NULL, NULL, NULL);
INSERT INTO `engine_photo` VALUES(302, 'http://media.getchute.com/media/1UKcnzyv/200x200', 'http://media.getchute.com/media/1UKcnzyv/200x200', '', NULL, NULL, 1, '2012-03-30 21:03:00', '2012-03-30 21:03:00', '2012-03-30 21:03:00', NULL, NULL, 456456, NULL, NULL, NULL, NULL);
INSERT INTO `engine_photo` VALUES(303, 'http://media.getchute.com/media/1UKcnzyv', 'http://media.getchute.com/media/1UKcnzyv', '', NULL, 302, 0, '2012-03-30 21:03:00', '2012-03-30 21:03:00', '2012-05-19 20:57:16', '', 139, 456456, 20, 43, 126, NULL);
INSERT INTO `engine_photo` VALUES(304, 'http://media.getchute.com/media/1Vefmwod/200x200', 'http://media.getchute.com/media/1Vefmwod/200x200', '', NULL, NULL, 1, '2012-03-30 23:36:28', '2012-03-30 23:36:28', '2012-03-30 23:36:28', NULL, NULL, 458319, NULL, NULL, NULL, NULL);
INSERT INTO `engine_photo` VALUES(305, 'http://media.getchute.com/media/1Vefmwod', 'http://media.getchute.com/media/1Vefmwod', '', NULL, 304, 0, '2012-03-30 23:36:29', '2012-03-30 23:36:29', '2012-05-19 20:57:16', '', 139, 458319, 21, 44, 127, NULL);
INSERT INTO `engine_photo` VALUES(306, 'http://media.getchute.com/media/1Vegguta/200x200', 'http://media.getchute.com/media/1Vegguta/200x200', '', NULL, NULL, 1, '2012-03-30 23:36:30', '2012-03-30 23:36:30', '2012-03-30 23:36:30', NULL, NULL, 458320, NULL, NULL, NULL, NULL);
INSERT INTO `engine_photo` VALUES(307, 'http://media.getchute.com/media/1Vegguta', 'http://media.getchute.com/media/1Vegguta', '', NULL, 306, 0, '2012-03-30 23:36:31', '2012-03-30 23:36:31', '2012-05-19 20:57:16', '', 139, 458320, 21, 44, 128, NULL);
INSERT INTO `engine_photo` VALUES(308, 'http://media.getchute.com/media/1Vehjtki/200x200', 'http://media.getchute.com/media/1Vehjtki/200x200', '', NULL, NULL, 1, '2012-03-30 23:36:33', '2012-03-30 23:36:33', '2012-03-30 23:36:33', NULL, NULL, 458321, NULL, NULL, NULL, NULL);
INSERT INTO `engine_photo` VALUES(309, 'http://media.getchute.com/media/1Vehjtki', 'http://media.getchute.com/media/1Vehjtki', '', NULL, 308, 0, '2012-03-30 23:36:33', '2012-03-30 23:36:33', '2012-05-19 20:57:16', '', 139, 458321, 21, 44, 129, NULL);
INSERT INTO `engine_photo` VALUES(310, 'http://media.getchute.com/media/1VlGzxnu/200x200', 'http://media.getchute.com/media/1VlGzxnu/200x200', '', NULL, NULL, 1, '2012-03-31 00:16:27', '2012-03-31 00:16:27', '2012-03-31 00:16:27', NULL, NULL, 458780, NULL, NULL, NULL, NULL);
INSERT INTO `engine_photo` VALUES(311, 'http://media.getchute.com/media/1VlGzxnu', 'http://media.getchute.com/media/1VlGzxnu', '', NULL, 310, 0, '2012-03-31 00:16:28', '2012-03-31 00:16:28', '2012-05-19 20:57:16', '', 139, 458780, 21, 44, 130, NULL);
INSERT INTO `engine_photo` VALUES(312, 'http://media.getchute.com/media/1VlHnwzg/200x200', 'http://media.getchute.com/media/1VlHnwzg/200x200', '', NULL, NULL, 1, '2012-03-31 00:16:30', '2012-03-31 00:16:30', '2012-03-31 00:16:30', NULL, NULL, 458781, NULL, NULL, NULL, NULL);
INSERT INTO `engine_photo` VALUES(313, 'http://media.getchute.com/media/1VlHnwzg', 'http://media.getchute.com/media/1VlHnwzg', '', NULL, 312, 0, '2012-03-31 00:16:30', '2012-03-31 00:16:30', '2012-05-19 20:57:16', '', 139, 458781, 21, 44, 131, NULL);
INSERT INTO `engine_photo` VALUES(314, 'http://media.getchute.com/media/1VlIpbuv/200x200', 'http://media.getchute.com/media/1VlIpbuv/200x200', '', NULL, NULL, 1, '2012-03-31 00:16:32', '2012-03-31 00:16:32', '2012-03-31 00:16:32', NULL, NULL, 458782, NULL, NULL, NULL, NULL);
INSERT INTO `engine_photo` VALUES(315, 'http://media.getchute.com/media/1VlIpbuv', 'http://media.getchute.com/media/1VlIpbuv', '', NULL, 314, 0, '2012-03-31 00:16:32', '2012-03-31 00:16:32', '2012-05-19 20:57:16', '', 139, 458782, 21, 44, 132, NULL);
INSERT INTO `engine_photo` VALUES(316, 'http://media.getchute.com/media/1VlJbwgh/200x200', 'http://media.getchute.com/media/1VlJbwgh/200x200', '', NULL, NULL, 1, '2012-03-31 00:16:34', '2012-03-31 00:16:34', '2012-03-31 00:16:34', NULL, NULL, 458783, NULL, NULL, NULL, NULL);
INSERT INTO `engine_photo` VALUES(317, 'http://media.getchute.com/media/1VlJbwgh', 'http://media.getchute.com/media/1VlJbwgh', '', NULL, 316, 0, '2012-03-31 00:16:35', '2012-03-31 00:16:35', '2012-05-19 20:57:16', '', 139, 458783, 21, 44, 133, NULL);
INSERT INTO `engine_photo` VALUES(318, 'http://media.getchute.com/media/3lT3xzpt/200x200', 'http://media.getchute.com/media/3lT3xzpt/200x200', '', NULL, NULL, 1, '2012-04-14 17:09:38', '2012-04-14 17:09:38', '2012-04-14 17:09:38', NULL, NULL, 799121, NULL, NULL, NULL, NULL);
INSERT INTO `engine_photo` VALUES(319, 'http://media.getchute.com/media/3lT3xzpt', 'http://media.getchute.com/media/3lT3xzpt', '', NULL, 318, 0, '2012-04-14 17:09:39', '2012-04-14 17:09:39', '2012-05-19 20:57:16', '', 121, 799121, 13, 25, 134, NULL);
INSERT INTO `engine_photo` VALUES(320, 'http://media.getchute.com/media/3vLwhmex/200x200', 'http://media.getchute.com/media/3vLwhmex/200x200', '', NULL, NULL, 1, '2012-04-15 13:47:42', '2012-04-15 13:47:42', '2012-04-15 13:47:42', NULL, NULL, 837094, NULL, NULL, NULL, NULL);
INSERT INTO `engine_photo` VALUES(321, 'http://media.getchute.com/media/3vLwhmex', 'http://media.getchute.com/media/3vLwhmex', '', NULL, 320, 0, '2012-04-15 13:47:42', '2012-04-15 13:47:42', '2012-05-19 20:57:16', '', 21, 837094, 2, 11, 135, NULL);
INSERT INTO `engine_photo` VALUES(322, 'http://media.getchute.com/media/9YW1pcrf/200x200', 'http://media.getchute.com/media/9YW1pcrf/200x200', '', NULL, NULL, 1, '2012-04-30 12:36:05', '2012-04-30 12:36:05', '2012-04-30 12:36:05', NULL, NULL, 2379189, NULL, NULL, NULL, NULL);
INSERT INTO `engine_photo` VALUES(324, 'http://media.getchute.com/media/9YW2txji/200x200', 'http://media.getchute.com/media/9YW2txji/200x200', '', NULL, NULL, 1, '2012-04-30 12:36:07', '2012-04-30 12:36:07', '2012-04-30 12:36:07', NULL, NULL, 2379190, NULL, NULL, NULL, NULL);
INSERT INTO `engine_photo` VALUES(326, 'http://media.getchute.com/media/9YW3nfog/200x200', 'http://media.getchute.com/media/9YW3nfog/200x200', '', NULL, NULL, 1, '2012-04-30 12:36:08', '2012-04-30 12:36:08', '2012-04-30 12:36:08', NULL, NULL, 2379191, NULL, NULL, NULL, NULL);
INSERT INTO `engine_photo` VALUES(328, 'http://media.getchute.com/media/9YW4jdgb/200x200', 'http://media.getchute.com/media/9YW4jdgb/200x200', '', NULL, NULL, 1, '2012-04-30 12:36:10', '2012-04-30 12:36:10', '2012-04-30 12:36:10', NULL, NULL, 2379192, NULL, NULL, NULL, NULL);
INSERT INTO `engine_photo` VALUES(330, 'http://sphotos.xx.fbcdn.net/hphotos-ash4/s720x720/425730_2592471662529_1576770095_31844977_1592589352_n.jpg', 'http://sphotos.xx.fbcdn.net/hphotos-ash4/s720x720/425730_2592471662529_1576770095_31844977_1592589352_n.jpg', '', 2592471662529, 23, 0, '2012-05-19 20:57:12', '2012-05-19 20:57:12', '2012-05-19 20:57:16', NULL, 21, NULL, 5, 14, 140, NULL);
INSERT INTO `engine_photo` VALUES(331, 'http://a4.sphotos.ak.fbcdn.net/hphotos-ak-snc7/s720x720/424130_2592470982512_1576770095_31844976_382210447_n.jpg', 'http://a4.sphotos.ak.fbcdn.net/hphotos-ak-snc7/s720x720/424130_2592470982512_1576770095_31844976_382210447_n.jpg', '', 2592470982512, 25, 0, '2012-05-19 20:57:12', '2012-05-19 20:57:12', '2012-05-19 20:57:16', NULL, 21, NULL, 5, 14, 141, NULL);
INSERT INTO `engine_photo` VALUES(332, 'http://a2.sphotos.ak.fbcdn.net/hphotos-ak-ash4/s720x720/416870_2592470262494_1576770095_31844975_1542281930_n.jpg', 'http://a2.sphotos.ak.fbcdn.net/hphotos-ak-ash4/s720x720/416870_2592470262494_1576770095_31844975_1542281930_n.jpg', '', 2592470262494, 27, 0, '2012-05-19 20:57:12', '2012-05-19 20:57:12', '2012-05-19 20:57:16', NULL, 21, NULL, 5, 14, 142, NULL);
INSERT INTO `engine_photo` VALUES(333, 'http://sphotos.xx.fbcdn.net/hphotos-ash4/s720x720/425141_2592469822483_1576770095_31844974_871891817_n.jpg', 'http://sphotos.xx.fbcdn.net/hphotos-ash4/s720x720/425141_2592469822483_1576770095_31844974_871891817_n.jpg', '', 2592469822483, 29, 0, '2012-05-19 20:57:12', '2012-05-19 20:57:12', '2012-05-19 20:57:16', NULL, 21, NULL, 5, 14, 143, NULL);
INSERT INTO `engine_photo` VALUES(334, 'http://a5.sphotos.ak.fbcdn.net/hphotos-ak-ash4/s720x720/431122_2592469102465_1576770095_31844973_1268732944_n.jpg', 'http://a5.sphotos.ak.fbcdn.net/hphotos-ak-ash4/s720x720/431122_2592469102465_1576770095_31844973_1268732944_n.jpg', '', 2592469102465, 31, 0, '2012-05-19 20:57:12', '2012-05-19 20:57:12', '2012-05-19 20:57:16', NULL, 21, NULL, 5, 14, 144, NULL);
INSERT INTO `engine_photo` VALUES(335, 'http://a3.sphotos.ak.fbcdn.net/hphotos-ak-snc7/s720x720/426741_2592468782457_1576770095_31844972_1171958236_n.jpg', 'http://a3.sphotos.ak.fbcdn.net/hphotos-ak-snc7/s720x720/426741_2592468782457_1576770095_31844972_1171958236_n.jpg', '', 2592468782457, 33, 0, '2012-05-19 20:57:12', '2012-05-19 20:57:12', '2012-05-19 20:57:16', NULL, 21, NULL, 5, 14, 145, NULL);
INSERT INTO `engine_photo` VALUES(336, 'http://a1.sphotos.ak.fbcdn.net/hphotos-ak-ash4/s720x720/429449_2592468222443_1576770095_31844971_1959715833_n.jpg', 'http://a1.sphotos.ak.fbcdn.net/hphotos-ak-ash4/s720x720/429449_2592468222443_1576770095_31844971_1959715833_n.jpg', '', 2592468222443, 35, 0, '2012-05-19 20:57:12', '2012-05-19 20:57:12', '2012-05-19 20:57:16', NULL, 21, NULL, 5, 14, 146, NULL);
INSERT INTO `engine_photo` VALUES(337, 'http://sphotos.xx.fbcdn.net/hphotos-ash4/s720x720/424733_2592467462424_1576770095_31844970_1119623914_n.jpg', 'http://sphotos.xx.fbcdn.net/hphotos-ash4/s720x720/424733_2592467462424_1576770095_31844970_1119623914_n.jpg', '', 2592467462424, 37, 0, '2012-05-19 20:57:12', '2012-05-19 20:57:12', '2012-05-19 20:57:16', NULL, 21, NULL, 5, 14, 147, NULL);
INSERT INTO `engine_photo` VALUES(338, 'http://a6.sphotos.ak.fbcdn.net/hphotos-ak-snc7/s720x720/407954_2592467022413_1576770095_31844968_821042859_n.jpg', 'http://a6.sphotos.ak.fbcdn.net/hphotos-ak-snc7/s720x720/407954_2592467022413_1576770095_31844968_821042859_n.jpg', '', 2592467022413, 39, 0, '2012-05-19 20:57:12', '2012-05-19 20:57:12', '2012-05-19 20:57:16', NULL, 21, NULL, 5, 14, 148, NULL);
INSERT INTO `engine_photo` VALUES(339, 'http://a5.sphotos.ak.fbcdn.net/hphotos-ak-snc7/s720x720/420704_2592466782407_1576770095_31844967_706439035_n.jpg', 'http://a5.sphotos.ak.fbcdn.net/hphotos-ak-snc7/s720x720/420704_2592466782407_1576770095_31844967_706439035_n.jpg', '', 2592466782407, 41, 0, '2012-05-19 20:57:12', '2012-05-19 20:57:12', '2012-05-19 20:57:16', NULL, 21, NULL, 5, 14, 149, NULL);
INSERT INTO `engine_photo` VALUES(340, 'http://sphotos.xx.fbcdn.net/hphotos-ash4/s720x720/417708_2592466102390_1576770095_31844966_1662499532_n.jpg', 'http://sphotos.xx.fbcdn.net/hphotos-ash4/s720x720/417708_2592466102390_1576770095_31844966_1662499532_n.jpg', '', 2592466102390, 43, 0, '2012-05-19 20:57:12', '2012-05-19 20:57:12', '2012-05-19 20:57:16', NULL, 21, NULL, 5, 14, 150, NULL);
INSERT INTO `engine_photo` VALUES(341, 'http://sphotos.xx.fbcdn.net/hphotos-snc7/s720x720/420937_2592465782382_1576770095_31844965_1638547351_n.jpg', 'http://sphotos.xx.fbcdn.net/hphotos-snc7/s720x720/420937_2592465782382_1576770095_31844965_1638547351_n.jpg', '', 2592465782382, 45, 0, '2012-05-19 20:57:12', '2012-05-19 20:57:12', '2012-05-19 20:57:16', NULL, 21, NULL, 5, 14, 151, NULL);
INSERT INTO `engine_photo` VALUES(342, 'http://sphotos.xx.fbcdn.net/hphotos-ash4/s720x720/423688_2592465542376_1576770095_31844964_817283430_n.jpg', 'http://sphotos.xx.fbcdn.net/hphotos-ash4/s720x720/423688_2592465542376_1576770095_31844964_817283430_n.jpg', '', 2592465542376, 47, 0, '2012-05-19 20:57:12', '2012-05-19 20:57:12', '2012-05-19 20:57:16', NULL, 21, NULL, 5, 14, 152, NULL);
INSERT INTO `engine_photo` VALUES(343, 'http://a4.sphotos.ak.fbcdn.net/hphotos-ak-ash4/s720x720/407465_10150513212759576_681534575_9051220_442179362_n.jpg', 'http://a4.sphotos.ak.fbcdn.net/hphotos-ak-ash4/s720x720/407465_10150513212759576_681534575_9051220_442179362_n.jpg', '', 10150513212759576, 49, 0, '2012-05-19 20:57:12', '2012-05-19 20:57:12', '2012-05-19 20:57:16', NULL, 21, NULL, 5, 14, 153, NULL);
INSERT INTO `engine_photo` VALUES(344, 'http://sphotos.xx.fbcdn.net/hphotos-ash4/s720x720/396485_10150513212684576_681534575_9051219_1429112047_n.jpg', 'http://sphotos.xx.fbcdn.net/hphotos-ash4/s720x720/396485_10150513212684576_681534575_9051219_1429112047_n.jpg', '', 10150513212684576, 51, 0, '2012-05-19 20:57:12', '2012-05-19 20:57:12', '2012-05-19 20:57:16', NULL, 21, NULL, 5, 14, 154, NULL);
INSERT INTO `engine_photo` VALUES(345, 'http://sphotos.xx.fbcdn.net/hphotos-ash4/s720x720/383167_2213006976149_1576770095_31698646_234764500_n.jpg', 'http://sphotos.xx.fbcdn.net/hphotos-ash4/s720x720/383167_2213006976149_1576770095_31698646_234764500_n.jpg', '', 2213006976149, 53, 0, '2012-05-19 20:57:12', '2012-05-19 20:57:12', '2012-05-19 20:57:16', NULL, 21, NULL, 5, 14, 155, NULL);
INSERT INTO `engine_photo` VALUES(346, 'http://sphotos.xx.fbcdn.net/hphotos-ash4/s720x720/376234_2213006336133_1576770095_31698642_2040780538_n.jpg', 'http://sphotos.xx.fbcdn.net/hphotos-ash4/s720x720/376234_2213006336133_1576770095_31698642_2040780538_n.jpg', '', 2213006336133, 55, 0, '2012-05-19 20:57:12', '2012-05-19 20:57:12', '2012-05-19 20:57:16', NULL, 21, NULL, 5, 14, 156, NULL);
INSERT INTO `engine_photo` VALUES(347, 'http://sphotos.xx.fbcdn.net/hphotos-ash4/s720x720/374838_2213005576114_1576770095_31698638_1912106204_n.jpg', 'http://sphotos.xx.fbcdn.net/hphotos-ash4/s720x720/374838_2213005576114_1576770095_31698638_1912106204_n.jpg', '', 2213005576114, 57, 0, '2012-05-19 20:57:12', '2012-05-19 20:57:12', '2012-05-19 20:57:16', NULL, 21, NULL, 5, 14, 157, NULL);
INSERT INTO `engine_photo` VALUES(348, 'http://a6.sphotos.ak.fbcdn.net/hphotos-ak-ash4/s720x720/387654_2213005336108_1576770095_31698637_760279699_n.jpg', 'http://a6.sphotos.ak.fbcdn.net/hphotos-ak-ash4/s720x720/387654_2213005336108_1576770095_31698637_760279699_n.jpg', '', 2213005336108, 59, 0, '2012-05-19 20:57:12', '2012-05-19 20:57:12', '2012-05-19 20:57:16', NULL, 21, NULL, 5, 14, 158, NULL);
INSERT INTO `engine_photo` VALUES(349, 'http://sphotos.xx.fbcdn.net/hphotos-snc7/s720x720/385439_2213005136103_1576770095_31698636_545456002_n.jpg', 'http://sphotos.xx.fbcdn.net/hphotos-snc7/s720x720/385439_2213005136103_1576770095_31698636_545456002_n.jpg', '', 2213005136103, 61, 0, '2012-05-19 20:57:12', '2012-05-19 20:57:12', '2012-05-19 20:57:16', NULL, 21, NULL, 5, 14, 159, NULL);
INSERT INTO `engine_photo` VALUES(350, 'http://a3.sphotos.ak.fbcdn.net/hphotos-ak-snc7/s720x720/387368_2213003976074_1576770095_31698632_753406341_n.jpg', 'http://a3.sphotos.ak.fbcdn.net/hphotos-ak-snc7/s720x720/387368_2213003976074_1576770095_31698632_753406341_n.jpg', '', 2213003976074, 63, 0, '2012-05-19 20:57:12', '2012-05-19 20:57:12', '2012-05-19 20:57:16', NULL, 21, NULL, 5, 14, 160, NULL);
INSERT INTO `engine_photo` VALUES(351, 'http://a2.sphotos.ak.fbcdn.net/hphotos-ak-snc7/s720x720/378133_2213001856021_1576770095_31698621_773412083_n.jpg', 'http://a2.sphotos.ak.fbcdn.net/hphotos-ak-snc7/s720x720/378133_2213001856021_1576770095_31698621_773412083_n.jpg', '', 2213001856021, 65, 0, '2012-05-19 20:57:12', '2012-05-19 20:57:12', '2012-05-19 20:57:16', NULL, 21, NULL, 5, 14, 161, NULL);
INSERT INTO `engine_photo` VALUES(352, 'http://a8.sphotos.ak.fbcdn.net/hphotos-ak-snc7/s720x720/378684_2213001656016_1576770095_31698620_1340817583_n.jpg', 'http://a8.sphotos.ak.fbcdn.net/hphotos-ak-snc7/s720x720/378684_2213001656016_1576770095_31698620_1340817583_n.jpg', '', 2213001656016, 67, 0, '2012-05-19 20:57:12', '2012-05-19 20:57:12', '2012-05-19 20:57:16', NULL, 21, NULL, 5, 14, 162, NULL);
INSERT INTO `engine_photo` VALUES(353, 'http://sphotos.xx.fbcdn.net/hphotos-snc7/379079_10150383847556137_502231136_8362081_1307772363_n.jpg', 'http://sphotos.xx.fbcdn.net/hphotos-snc7/379079_10150383847556137_502231136_8362081_1307772363_n.jpg', '', 10150383847556137, 69, 0, '2012-05-19 20:57:12', '2012-05-19 20:57:12', '2012-05-19 20:57:16', NULL, 21, NULL, 5, 14, 163, NULL);
INSERT INTO `engine_photo` VALUES(354, 'http://sphotos.xx.fbcdn.net/hphotos-ash4/s720x720/379516_10150363329284103_553734102_8278545_616293978_n.jpg', 'http://sphotos.xx.fbcdn.net/hphotos-ash4/s720x720/379516_10150363329284103_553734102_8278545_616293978_n.jpg', '', 10150363329284103, 71, 0, '2012-05-19 20:57:12', '2012-05-19 20:57:12', '2012-05-19 20:57:16', NULL, 21, NULL, 5, 14, 164, NULL);
INSERT INTO `engine_photo` VALUES(355, 'http://sphotos.xx.fbcdn.net/hphotos-snc7/s720x720/320026_1900411961469_1576770095_31510402_3515724_n.jpg', 'http://sphotos.xx.fbcdn.net/hphotos-snc7/s720x720/320026_1900411961469_1576770095_31510402_3515724_n.jpg', '', 1900411961469, 73, 0, '2012-05-19 20:57:12', '2012-05-19 20:57:12', '2012-05-19 20:57:16', NULL, 21, NULL, 5, 14, 165, NULL);
INSERT INTO `engine_photo` VALUES(356, 'http://sphotos.xx.fbcdn.net/hphotos-snc7/s720x720/311116_1900411761464_1576770095_31510401_6457353_n.jpg', 'http://sphotos.xx.fbcdn.net/hphotos-snc7/s720x720/311116_1900411761464_1576770095_31510401_6457353_n.jpg', '', 1900411761464, 75, 0, '2012-05-19 20:57:12', '2012-05-19 20:57:12', '2012-05-19 20:57:16', NULL, 21, NULL, 5, 14, 166, NULL);
INSERT INTO `engine_photo` VALUES(357, 'http://a4.sphotos.ak.fbcdn.net/hphotos-ak-ash4/s720x720/308589_1900411521458_1576770095_31510400_6893250_n.jpg', 'http://a4.sphotos.ak.fbcdn.net/hphotos-ak-ash4/s720x720/308589_1900411521458_1576770095_31510400_6893250_n.jpg', '', 1900411521458, 77, 0, '2012-05-19 20:57:12', '2012-05-19 20:57:12', '2012-05-19 20:57:16', NULL, 21, NULL, 5, 14, 167, NULL);
INSERT INTO `engine_photo` VALUES(358, 'http://a4.sphotos.ak.fbcdn.net/hphotos-ak-ash4/s720x720/315412_1900411241451_1576770095_31510399_7300209_n.jpg', 'http://a4.sphotos.ak.fbcdn.net/hphotos-ak-ash4/s720x720/315412_1900411241451_1576770095_31510399_7300209_n.jpg', '', 1900411241451, 79, 0, '2012-05-19 20:57:12', '2012-05-19 20:57:12', '2012-05-19 20:57:16', NULL, 21, NULL, 5, 14, 168, NULL);
INSERT INTO `engine_photo` VALUES(359, 'http://a8.sphotos.ak.fbcdn.net/hphotos-ak-ash4/263551_1806901223759_1576770095_31401295_6580533_n.jpg', 'http://a8.sphotos.ak.fbcdn.net/hphotos-ak-ash4/263551_1806901223759_1576770095_31401295_6580533_n.jpg', '', 1806901223759, 81, 0, '2012-05-19 20:57:12', '2012-05-19 20:57:12', '2012-05-19 20:57:16', NULL, 21, NULL, 5, 14, 169, NULL);
INSERT INTO `engine_photo` VALUES(360, 'http://a2.sphotos.ak.fbcdn.net/hphotos-ak-snc6/269813_1806900583743_1576770095_31401294_1405779_n.jpg', 'http://a2.sphotos.ak.fbcdn.net/hphotos-ak-snc6/269813_1806900583743_1576770095_31401294_1405779_n.jpg', '', 1806900583743, 83, 0, '2012-05-19 20:57:12', '2012-05-19 20:57:12', '2012-05-19 20:57:16', NULL, 21, NULL, 5, 14, 170, NULL);
INSERT INTO `engine_photo` VALUES(361, 'http://sphotos.xx.fbcdn.net/hphotos-snc6/263939_1806900023729_1576770095_31401293_5116551_n.jpg', 'http://sphotos.xx.fbcdn.net/hphotos-snc6/263939_1806900023729_1576770095_31401293_5116551_n.jpg', '', 1806900023729, 85, 0, '2012-05-19 20:57:12', '2012-05-19 20:57:12', '2012-05-19 20:57:16', NULL, 21, NULL, 5, 14, 171, NULL);
INSERT INTO `engine_photo` VALUES(362, 'http://sphotos.xx.fbcdn.net/hphotos-snc6/268691_1806899863725_1576770095_31401292_3826802_n.jpg', 'http://sphotos.xx.fbcdn.net/hphotos-snc6/268691_1806899863725_1576770095_31401292_3826802_n.jpg', '', 1806899863725, 87, 0, '2012-05-19 20:57:12', '2012-05-19 20:57:12', '2012-05-19 20:57:16', NULL, 21, NULL, 5, 14, 172, NULL);
INSERT INTO `engine_photo` VALUES(363, 'http://sphotos.xx.fbcdn.net/hphotos-snc6/264597_1800296978657_1576770095_31392523_4404360_n.jpg', 'http://sphotos.xx.fbcdn.net/hphotos-snc6/264597_1800296978657_1576770095_31392523_4404360_n.jpg', '', 1800296978657, 89, 0, '2012-05-19 20:57:12', '2012-05-19 20:57:12', '2012-05-19 20:57:16', NULL, 21, NULL, 5, 14, 173, NULL);
INSERT INTO `engine_photo` VALUES(364, 'http://a8.sphotos.ak.fbcdn.net/hphotos-ak-ash4/267627_1800296418643_1576770095_31392521_6958346_n.jpg', 'http://a8.sphotos.ak.fbcdn.net/hphotos-ak-ash4/267627_1800296418643_1576770095_31392521_6958346_n.jpg', '', 1800296418643, 91, 0, '2012-05-19 20:57:12', '2012-05-19 20:57:12', '2012-05-19 20:57:16', NULL, 21, NULL, 5, 14, 174, NULL);
INSERT INTO `engine_photo` VALUES(365, 'http://a2.sphotos.ak.fbcdn.net/hphotos-ak-ash4/271017_1800296138636_1576770095_31392520_1596565_n.jpg', 'http://a2.sphotos.ak.fbcdn.net/hphotos-ak-ash4/271017_1800296138636_1576770095_31392520_1596565_n.jpg', '', 1800296138636, 93, 0, '2012-05-19 20:57:12', '2012-05-19 20:57:12', '2012-05-19 20:57:16', NULL, 21, NULL, 5, 14, 175, NULL);
INSERT INTO `engine_photo` VALUES(366, 'http://sphotos.xx.fbcdn.net/hphotos-snc6/261707_1800296018633_1576770095_31392519_2532806_n.jpg', 'http://sphotos.xx.fbcdn.net/hphotos-snc6/261707_1800296018633_1576770095_31392519_2532806_n.jpg', '', 1800296018633, 95, 0, '2012-05-19 20:57:12', '2012-05-19 20:57:12', '2012-05-19 20:57:16', NULL, 21, NULL, 5, 14, 176, NULL);
INSERT INTO `engine_photo` VALUES(367, 'http://a6.sphotos.ak.fbcdn.net/hphotos-ak-ash4/227491_10150184751025868_565080867_7270205_7121186_n.jpg', 'http://a6.sphotos.ak.fbcdn.net/hphotos-ak-ash4/227491_10150184751025868_565080867_7270205_7121186_n.jpg', '', 10150184751025868, 97, 0, '2012-05-19 20:57:12', '2012-05-19 20:57:12', '2012-05-19 20:57:16', NULL, 21, NULL, 5, 14, 177, NULL);
INSERT INTO `engine_photo` VALUES(368, 'http://a7.sphotos.ak.fbcdn.net/hphotos-ak-ash4/206247_1609477288284_1576770095_31181140_5932195_n.jpg', 'http://a7.sphotos.ak.fbcdn.net/hphotos-ak-ash4/206247_1609477288284_1576770095_31181140_5932195_n.jpg', '', 1609477288284, 99, 0, '2012-05-19 20:57:12', '2012-05-19 20:57:12', '2012-05-19 20:57:16', NULL, 21, NULL, 5, 14, 178, NULL);
INSERT INTO `engine_photo` VALUES(369, 'http://a7.sphotos.ak.fbcdn.net/hphotos-ak-snc6/182206_1572437514765_1350330133_31279109_6357934_n.jpg', 'http://a7.sphotos.ak.fbcdn.net/hphotos-ak-snc6/182206_1572437514765_1350330133_31279109_6357934_n.jpg', '', 1572437514765, 101, 0, '2012-05-19 20:57:12', '2012-05-19 20:57:12', '2012-05-19 20:57:16', NULL, 21, NULL, 5, 14, 179, NULL);
INSERT INTO `engine_photo` VALUES(370, 'http://a2.sphotos.ak.fbcdn.net/hphotos-ak-snc6/181629_1572429634568_1350330133_31279063_12374_n.jpg', 'http://a2.sphotos.ak.fbcdn.net/hphotos-ak-snc6/181629_1572429634568_1350330133_31279063_12374_n.jpg', '', 1572429634568, 103, 0, '2012-05-19 20:57:12', '2012-05-19 20:57:12', '2012-05-19 20:57:16', NULL, 21, NULL, 5, 14, 180, NULL);
INSERT INTO `engine_photo` VALUES(371, 'http://sphotos.xx.fbcdn.net/hphotos-snc6/168038_1505231842213_1576770095_31032770_1562337_n.jpg', 'http://sphotos.xx.fbcdn.net/hphotos-snc6/168038_1505231842213_1576770095_31032770_1562337_n.jpg', '', 1505231842213, 105, 0, '2012-05-19 20:57:12', '2012-05-19 20:57:12', '2012-05-19 20:57:16', NULL, 21, NULL, 5, 14, 181, NULL);
INSERT INTO `engine_photo` VALUES(372, 'http://a3.sphotos.ak.fbcdn.net/hphotos-ak-ash2/166389_1505229722160_1576770095_31032756_1294753_n.jpg', 'http://a3.sphotos.ak.fbcdn.net/hphotos-ak-ash2/166389_1505229722160_1576770095_31032756_1294753_n.jpg', '', 1505229722160, 107, 0, '2012-05-19 20:57:12', '2012-05-19 20:57:12', '2012-05-19 20:57:16', NULL, 21, NULL, 5, 14, 182, NULL);
INSERT INTO `engine_photo` VALUES(373, 'http://sphotos.xx.fbcdn.net/hphotos-snc6/167763_1505227602107_1576770095_31032742_1862298_n.jpg', 'http://sphotos.xx.fbcdn.net/hphotos-snc6/167763_1505227602107_1576770095_31032742_1862298_n.jpg', '', 1505227602107, 109, 0, '2012-05-19 20:57:12', '2012-05-19 20:57:12', '2012-05-19 20:57:16', NULL, 21, NULL, 5, 14, 183, NULL);
INSERT INTO `engine_photo` VALUES(374, 'http://sphotos.xx.fbcdn.net/hphotos-snc6/163156_1505225882064_1576770095_31032734_4301913_n.jpg', 'http://sphotos.xx.fbcdn.net/hphotos-snc6/163156_1505225882064_1576770095_31032734_4301913_n.jpg', '', 1505225882064, 111, 0, '2012-05-19 20:57:12', '2012-05-19 20:57:12', '2012-05-19 20:57:16', NULL, 21, NULL, 5, 14, 184, NULL);
INSERT INTO `engine_photo` VALUES(375, 'http://a4.sphotos.ak.fbcdn.net/hphotos-ak-ash2/163623_1505225682059_1576770095_31032733_1144264_n.jpg', 'http://a4.sphotos.ak.fbcdn.net/hphotos-ak-ash2/163623_1505225682059_1576770095_31032733_1144264_n.jpg', '', 1505225682059, 113, 0, '2012-05-19 20:57:12', '2012-05-19 20:57:12', '2012-05-19 20:57:16', 'test comment1', 21, NULL, 5, 14, 185, NULL);
INSERT INTO `engine_photo` VALUES(376, 'http://a6.sphotos.ak.fbcdn.net/hphotos-ak-snc6/167818_1505225442053_1576770095_31032732_6062833_n.jpg', 'http://a6.sphotos.ak.fbcdn.net/hphotos-ak-snc6/167818_1505225442053_1576770095_31032732_6062833_n.jpg', '', 1505225442053, 115, 0, '2012-05-19 20:57:12', '2012-05-19 20:57:12', '2012-05-19 20:57:16', NULL, 21, NULL, 5, 14, 186, NULL);
INSERT INTO `engine_photo` VALUES(377, 'http://sphotos.xx.fbcdn.net/hphotos-snc6/167713_1505225322050_1576770095_31032731_729971_n.jpg', 'http://sphotos.xx.fbcdn.net/hphotos-snc6/167713_1505225322050_1576770095_31032731_729971_n.jpg', '', 1505225322050, 117, 0, '2012-05-19 20:57:12', '2012-05-19 20:57:12', '2012-05-19 20:57:16', 'troolol lololo', 21, NULL, 5, 14, 187, NULL);
INSERT INTO `engine_photo` VALUES(378, 'http://sphotos.xx.fbcdn.net/hphotos-snc7/162631_1505225122045_1576770095_31032730_1025763_n.jpg', 'http://sphotos.xx.fbcdn.net/hphotos-snc7/162631_1505225122045_1576770095_31032730_1025763_n.jpg', '', 1505225122045, 119, 0, '2012-05-19 20:57:12', '2012-05-19 20:57:12', '2012-05-19 20:57:16', NULL, 21, NULL, 5, 14, 188, NULL);
INSERT INTO `engine_photo` VALUES(379, 'http://sphotos.xx.fbcdn.net/hphotos-snc7/162631_1505225122045_1576770095_31032730_1025763_n.jpg', 'http://sphotos.xx.fbcdn.net/hphotos-snc7/162631_1505225122045_1576770095_31032730_1025763_n.jpg', '', 1505225122045, 121, 0, '2012-05-19 20:57:12', '2012-05-19 20:57:12', '2012-05-19 20:57:16', NULL, 21, NULL, 5, 14, 189, NULL);
INSERT INTO `engine_photo` VALUES(380, 'http://sphotos.xx.fbcdn.net/hphotos-snc6/167146_1505224842038_1576770095_31032729_3979561_n.jpg', 'http://sphotos.xx.fbcdn.net/hphotos-snc6/167146_1505224842038_1576770095_31032729_3979561_n.jpg', '', 1505224842038, 123, 0, '2012-05-19 20:57:12', '2012-05-19 20:57:12', '2012-05-19 20:57:16', NULL, 21, NULL, 5, 14, 190, NULL);
INSERT INTO `engine_photo` VALUES(381, 'http://a3.sphotos.ak.fbcdn.net/hphotos-ak-ash2/163277_1505224602032_1576770095_31032728_5119346_n.jpg', 'http://a3.sphotos.ak.fbcdn.net/hphotos-ak-ash2/163277_1505224602032_1576770095_31032728_5119346_n.jpg', '', 1505224602032, 125, 0, '2012-05-19 20:57:12', '2012-05-19 20:57:12', '2012-05-19 20:57:16', NULL, 21, NULL, 5, 14, 191, NULL);
INSERT INTO `engine_photo` VALUES(382, 'http://a4.sphotos.ak.fbcdn.net/hphotos-ak-ash2/166885_1505224282024_1576770095_31032727_3264048_n.jpg', 'http://a4.sphotos.ak.fbcdn.net/hphotos-ak-ash2/166885_1505224282024_1576770095_31032727_3264048_n.jpg', '', 1505224282024, 127, 0, '2012-05-19 20:57:12', '2012-05-19 20:57:12', '2012-05-19 20:57:16', NULL, 21, NULL, 5, 14, 192, NULL);
INSERT INTO `engine_photo` VALUES(383, 'http://a6.sphotos.ak.fbcdn.net/hphotos-ak-ash2/168112_1505224042018_1576770095_31032726_4426627_n.jpg', 'http://a6.sphotos.ak.fbcdn.net/hphotos-ak-ash2/168112_1505224042018_1576770095_31032726_4426627_n.jpg', '', 1505224042018, 129, 0, '2012-05-19 20:57:12', '2012-05-19 20:57:12', '2012-05-19 20:57:16', NULL, 21, NULL, 5, 14, 193, NULL);
INSERT INTO `engine_photo` VALUES(384, 'http://a8.sphotos.ak.fbcdn.net/hphotos-ak-snc6/168621_1505223882014_1576770095_31032725_7397673_n.jpg', 'http://a8.sphotos.ak.fbcdn.net/hphotos-ak-snc6/168621_1505223882014_1576770095_31032725_7397673_n.jpg', '', 1505223882014, 131, 0, '2012-05-19 20:57:12', '2012-05-19 20:57:12', '2012-05-19 20:57:16', NULL, 21, NULL, 5, 14, 194, NULL);
INSERT INTO `engine_photo` VALUES(385, 'http://a2.sphotos.ak.fbcdn.net/hphotos-ak-snc7/163435_1505223722010_1576770095_31032724_2039529_n.jpg', 'http://a2.sphotos.ak.fbcdn.net/hphotos-ak-snc7/163435_1505223722010_1576770095_31032724_2039529_n.jpg', '', 1505223722010, 133, 0, '2012-05-19 20:57:12', '2012-05-19 20:57:12', '2012-05-19 20:57:16', '', 21, NULL, 5, 14, 195, NULL);
INSERT INTO `engine_photo` VALUES(386, 'http://sphotos.xx.fbcdn.net/hphotos-snc6/166388_1505223322000_1576770095_31032723_3411140_n.jpg', 'http://sphotos.xx.fbcdn.net/hphotos-snc6/166388_1505223322000_1576770095_31032723_3411140_n.jpg', '', 1505223322000, 135, 0, '2012-05-19 20:57:12', '2012-05-19 20:57:12', '2012-05-19 20:57:16', '', 21, NULL, 5, 14, 196, NULL);
INSERT INTO `engine_photo` VALUES(387, 'http://a5.sphotos.ak.fbcdn.net/hphotos-ak-snc6/165558_1505223161996_1576770095_31032722_7539228_n.jpg', 'http://a5.sphotos.ak.fbcdn.net/hphotos-ak-snc6/165558_1505223161996_1576770095_31032722_7539228_n.jpg', '', 1505223161996, 137, 0, '2012-05-19 20:57:12', '2012-05-19 20:57:12', '2012-05-19 20:57:16', '', 21, NULL, 5, 14, 197, NULL);
INSERT INTO `engine_photo` VALUES(388, 'http://a3.sphotos.ak.fbcdn.net/hphotos-ak-snc6/166676_1505221601957_1576770095_31032714_227212_n.jpg', 'http://a3.sphotos.ak.fbcdn.net/hphotos-ak-snc6/166676_1505221601957_1576770095_31032714_227212_n.jpg', '', 1505221601957, 139, 0, '2012-05-19 20:57:12', '2012-05-19 20:57:12', '2012-05-19 20:57:16', '', 21, NULL, 5, 14, 198, NULL);
INSERT INTO `engine_photo` VALUES(389, 'http://sphotos.xx.fbcdn.net/hphotos-snc7/163731_1505221441953_1576770095_31032713_2098102_n.jpg', 'http://sphotos.xx.fbcdn.net/hphotos-snc7/163731_1505221441953_1576770095_31032713_2098102_n.jpg', '', 1505221441953, 141, 0, '2012-05-19 20:57:12', '2012-05-19 20:57:12', '2012-05-19 20:57:16', '', 21, NULL, 5, 14, 199, NULL);
INSERT INTO `engine_photo` VALUES(390, 'http://sphotos.xx.fbcdn.net/hphotos-snc6/166245_1505221281949_1576770095_31032712_8191065_n.jpg', 'http://sphotos.xx.fbcdn.net/hphotos-snc6/166245_1505221281949_1576770095_31032712_8191065_n.jpg', '', 1505221281949, 143, 0, '2012-05-19 20:57:12', '2012-05-19 20:57:12', '2012-05-19 20:57:16', '', 21, NULL, 5, 14, 200, NULL);
INSERT INTO `engine_photo` VALUES(391, 'http://sphotos.xx.fbcdn.net/hphotos-ash2/165726_1505220921940_1576770095_31032710_160677_n.jpg', 'http://sphotos.xx.fbcdn.net/hphotos-ash2/165726_1505220921940_1576770095_31032710_160677_n.jpg', '', 1505220921940, 145, 0, '2012-05-19 20:57:12', '2012-05-19 20:57:12', '2012-05-19 20:57:16', '', 21, NULL, 5, 14, 201, NULL);
INSERT INTO `engine_photo` VALUES(392, 'http://sphotos.xx.fbcdn.net/hphotos-snc6/166834_1505220761936_1576770095_31032709_1359080_n.jpg', 'http://sphotos.xx.fbcdn.net/hphotos-snc6/166834_1505220761936_1576770095_31032709_1359080_n.jpg', '', 1505220761936, 147, 0, '2012-05-19 20:57:12', '2012-05-19 20:57:12', '2012-05-19 20:57:16', '', 21, NULL, 5, 14, 202, NULL);
INSERT INTO `engine_photo` VALUES(393, 'http://sphotos.xx.fbcdn.net/hphotos-ash2/168494_1505220441928_1576770095_31032708_6786827_n.jpg', 'http://sphotos.xx.fbcdn.net/hphotos-ash2/168494_1505220441928_1576770095_31032708_6786827_n.jpg', '', 1505220441928, 149, 0, '2012-05-19 20:57:12', '2012-05-19 20:57:12', '2012-05-19 20:57:16', '', 21, NULL, 5, 14, 203, NULL);
INSERT INTO `engine_photo` VALUES(394, 'http://a2.sphotos.ak.fbcdn.net/hphotos-ak-ash2/166609_1505220201922_1576770095_31032707_7153439_n.jpg', 'http://a2.sphotos.ak.fbcdn.net/hphotos-ak-ash2/166609_1505220201922_1576770095_31032707_7153439_n.jpg', '', 1505220201922, 151, 0, '2012-05-19 20:57:12', '2012-05-19 20:57:12', '2012-05-19 20:57:16', '', 21, NULL, 5, 14, 204, NULL);
INSERT INTO `engine_photo` VALUES(395, 'http://a8.sphotos.ak.fbcdn.net/hphotos-ak-ash2/166176_1505220081919_1576770095_31032706_6576231_n.jpg', 'http://a8.sphotos.ak.fbcdn.net/hphotos-ak-ash2/166176_1505220081919_1576770095_31032706_6576231_n.jpg', '', 1505220081919, 153, 0, '2012-05-19 20:57:12', '2012-05-19 20:57:12', '2012-05-19 20:57:16', '', 21, NULL, 5, 14, 205, NULL);
INSERT INTO `engine_photo` VALUES(396, 'http://a3.sphotos.ak.fbcdn.net/hphotos-ak-snc6/163223_1505219041893_1576770095_31032700_7302317_n.jpg', 'http://a3.sphotos.ak.fbcdn.net/hphotos-ak-snc6/163223_1505219041893_1576770095_31032700_7302317_n.jpg', '', 1505219041893, 155, 0, '2012-05-19 20:57:12', '2012-05-19 20:57:12', '2012-05-19 20:57:16', '', 21, NULL, 5, 14, 206, NULL);
INSERT INTO `engine_photo` VALUES(397, 'http://sphotos.xx.fbcdn.net/hphotos-snc7/164384_1500297958869_1576770095_31024215_4380172_n.jpg', 'http://sphotos.xx.fbcdn.net/hphotos-snc7/164384_1500297958869_1576770095_31024215_4380172_n.jpg', '', 1500297958869, 157, 0, '2012-05-19 20:57:12', '2012-05-19 20:57:12', '2012-05-19 20:57:16', 'test comment', 21, NULL, 5, 14, 207, NULL);
INSERT INTO `engine_photo` VALUES(398, 'http://a6.sphotos.ak.fbcdn.net/hphotos-ak-ash2/167846_1500297638861_1576770095_31024214_1410555_n.jpg', 'http://a6.sphotos.ak.fbcdn.net/hphotos-ak-ash2/167846_1500297638861_1576770095_31024214_1410555_n.jpg', '', 1500297638861, 159, 0, '2012-05-19 20:57:12', '2012-05-19 20:57:12', '2012-05-19 20:57:16', 'test comment2', 21, NULL, 5, 14, 208, NULL);
INSERT INTO `engine_photo` VALUES(399, 'http://a7.sphotos.ak.fbcdn.net/hphotos-ak-snc6/163067_1500297398855_1576770095_31024213_1835452_n.jpg', 'http://a7.sphotos.ak.fbcdn.net/hphotos-ak-snc6/163067_1500297398855_1576770095_31024213_1835452_n.jpg', '', 1500297398855, 161, 0, '2012-05-19 20:57:12', '2012-05-19 20:57:12', '2012-05-19 20:57:16', '', 21, NULL, 5, 14, 209, NULL);
INSERT INTO `engine_photo` VALUES(400, 'http://a2.sphotos.ak.fbcdn.net/hphotos-ak-snc7/154618_469677975867_565080867_6139529_2423876_n.jpg', 'http://a2.sphotos.ak.fbcdn.net/hphotos-ak-snc7/154618_469677975867_565080867_6139529_2423876_n.jpg', '', 469677975867, 163, 0, '2012-05-19 20:57:12', '2012-05-19 20:57:12', '2012-05-19 20:57:16', '', 21, NULL, 5, 14, 210, NULL);
INSERT INTO `engine_photo` VALUES(401, 'http://a1.sphotos.ak.fbcdn.net/hphotos-ak-snc6/65752_1578077456230_1364430403_31542203_3165080_n.jpg', 'http://a1.sphotos.ak.fbcdn.net/hphotos-ak-snc6/65752_1578077456230_1364430403_31542203_3165080_n.jpg', '', 1578077456230, 165, 0, '2012-05-19 20:57:12', '2012-05-19 20:57:12', '2012-05-19 20:57:16', '', 21, NULL, 5, 14, 211, NULL);
INSERT INTO `engine_photo` VALUES(402, 'http://sphotos.xx.fbcdn.net/hphotos-snc6/155703_473169526136_502231136_5610811_154161_n.jpg', 'http://sphotos.xx.fbcdn.net/hphotos-snc6/155703_473169526136_502231136_5610811_154161_n.jpg', '', 473169526136, 167, 0, '2012-05-19 20:57:12', '2012-05-19 20:57:12', '2012-05-19 20:57:16', '', 21, NULL, 5, 14, 212, NULL);
INSERT INTO `engine_photo` VALUES(404, 'http://sphotos.xx.fbcdn.net/hphotos-snc6/76442_473169311136_502231136_5610804_3801198_n.jpg', 'http://sphotos.xx.fbcdn.net/hphotos-snc6/76442_473169311136_502231136_5610804_3801198_n.jpg', '', 473169311136, 171, 0, '2012-05-19 20:57:12', '2012-05-19 20:57:12', '2012-05-19 20:57:16', '', 21, NULL, 5, 14, 214, NULL);
INSERT INTO `engine_photo` VALUES(405, 'http://media.getchute.com/media/25qiejq', 'http://media.getchute.com/media/25qiejq', '', NULL, 173, 0, '2012-05-19 20:57:12', '2012-05-19 20:57:12', '2012-05-19 20:57:16', 'cap1', 21, 8024, 5, 14, 215, NULL);
INSERT INTO `engine_photo` VALUES(406, 'http://media.getchute.com/media/25rphgk', 'http://media.getchute.com/media/25rphgk', '', NULL, 175, 0, '2012-05-19 20:57:12', '2012-05-19 20:57:12', '2012-05-19 20:57:16', 'cap2', 21, 8025, 5, 14, 216, NULL);
INSERT INTO `engine_photo` VALUES(407, 'http://media.getchute.com/media/25sdtqh', 'http://media.getchute.com/media/25sdtqh', '', NULL, 177, 0, '2012-05-19 20:57:12', '2012-05-19 20:57:12', '2012-05-19 20:57:16', 'cap2', 21, 8026, 5, 14, 217, NULL);
INSERT INTO `engine_photo` VALUES(408, 'http://media.getchute.com/media/25tbyot', 'http://media.getchute.com/media/25tbyot', '', NULL, 179, 0, '2012-05-19 20:57:12', '2012-05-19 20:57:12', '2012-05-19 20:57:16', 'THIS IS A TEST long long comment on a photo long long description test test test. Even longer, how are you all doing today? good i hope. thanks.', 21, 8027, 5, 14, 218, NULL);
INSERT INTO `engine_photo` VALUES(409, 'http://media.getchute.com/media/25Aszdf', 'http://media.getchute.com/media/25Aszdf', '', NULL, 181, 0, '2012-05-19 20:57:12', '2012-05-19 20:57:12', '2012-05-19 20:57:16', 'Charlotte', 21, 8034, 5, 14, 219, NULL);
INSERT INTO `engine_photo` VALUES(410, 'http://media.getchute.com/media/25Iyirc', 'http://media.getchute.com/media/25Iyirc', '', NULL, 185, 0, '2012-05-19 20:57:12', '2012-05-19 20:57:12', '2012-05-19 20:57:16', '', 71, 8042, 8, 17, 220, NULL);
INSERT INTO `engine_photo` VALUES(411, 'http://sphotos.xx.fbcdn.net/hphotos-snc7/74245_10150334919180235_856015234_15988781_3155929_n.jpg', 'http://sphotos.xx.fbcdn.net/hphotos-snc7/74245_10150334919180235_856015234_15988781_3155929_n.jpg', '', 10150334919180235, 187, 0, '2012-05-19 20:57:12', '2012-05-19 20:57:12', '2012-05-19 20:57:16', '', 21, NULL, 5, 14, 221, NULL);
INSERT INTO `engine_photo` VALUES(412, 'http://sphotos.xx.fbcdn.net/hphotos-snc6/76267_464687946136_502231136_5505690_3491224_n.jpg', 'http://sphotos.xx.fbcdn.net/hphotos-snc6/76267_464687946136_502231136_5505690_3491224_n.jpg', '', 464687946136, 189, 0, '2012-05-19 20:57:12', '2012-05-19 20:57:12', '2012-05-19 20:57:16', '', 21, NULL, 5, 14, 222, NULL);
INSERT INTO `engine_photo` VALUES(413, 'http://sphotos.xx.fbcdn.net/hphotos-snc7/73896_1543086211692_1071060114_31303059_7749750_n.jpg', 'http://sphotos.xx.fbcdn.net/hphotos-snc7/73896_1543086211692_1071060114_31303059_7749750_n.jpg', '', 1543086211692, 191, 0, '2012-05-19 20:57:12', '2012-05-19 20:57:12', '2012-05-19 20:57:16', '', 21, NULL, 5, 14, 223, NULL);
INSERT INTO `engine_photo` VALUES(414, 'http://a4.sphotos.ak.fbcdn.net/hphotos-ak-snc7/149990_1543086091689_1071060114_31303058_8339741_n.jpg', 'http://a4.sphotos.ak.fbcdn.net/hphotos-ak-snc7/149990_1543086091689_1071060114_31303058_8339741_n.jpg', '', 1543086091689, 193, 0, '2012-05-19 20:57:12', '2012-05-19 20:57:12', '2012-05-19 20:57:16', '', 21, NULL, 5, 14, 224, NULL);
INSERT INTO `engine_photo` VALUES(415, 'http://sphotos.xx.fbcdn.net/hphotos-snc6/73877_1543085851683_1071060114_31303055_7478961_n.jpg', 'http://sphotos.xx.fbcdn.net/hphotos-snc6/73877_1543085851683_1071060114_31303055_7478961_n.jpg', '', 1543085851683, 195, 0, '2012-05-19 20:57:12', '2012-05-19 20:57:12', '2012-05-19 20:57:16', '', 21, NULL, 5, 14, 225, NULL);
INSERT INTO `engine_photo` VALUES(416, 'http://media.getchute.com/media/25Mpknv', 'http://media.getchute.com/media/25Mpknv', '', NULL, 197, 0, '2012-05-19 20:57:12', '2012-05-19 20:57:12', '2012-05-19 20:57:16', '', 21, 8046, 5, 14, 226, NULL);
INSERT INTO `engine_photo` VALUES(417, 'http://media.getchute.com/media/25Nychi', 'http://media.getchute.com/media/25Nychi', '', NULL, 199, 0, '2012-05-19 20:57:12', '2012-05-19 20:57:12', '2012-05-19 20:57:16', '', 21, 8047, 5, 14, 227, NULL);
INSERT INTO `engine_photo` VALUES(418, 'http://media.getchute.com/media/25Oitcu', 'http://media.getchute.com/media/25Oitcu', '', NULL, 201, 0, '2012-05-19 20:57:12', '2012-05-19 20:57:12', '2012-05-19 20:57:16', 'moo', 21, 8048, 5, 14, 228, NULL);
INSERT INTO `engine_photo` VALUES(419, 'http://media.getchute.com/media/25Pfpyo', 'http://media.getchute.com/media/25Pfpyo', '', NULL, 203, 0, '2012-05-19 20:57:13', '2012-05-19 20:57:13', '2012-05-19 20:57:16', 'moo2', 21, 8049, 5, 14, 229, NULL);
INSERT INTO `engine_photo` VALUES(420, 'http://media.getchute.com/media/25Quoce', 'http://media.getchute.com/media/25Quoce', '', NULL, 205, 0, '2012-05-19 20:57:13', '2012-05-19 20:57:13', '2012-05-19 20:57:16', 'moo4', 21, 8050, 5, 14, 230, NULL);
INSERT INTO `engine_photo` VALUES(421, 'http://media.getchute.com/media/25Ugdhr', 'http://media.getchute.com/media/25Ugdhr', '', NULL, 207, 0, '2012-05-19 20:57:13', '2012-05-19 20:57:13', '2012-05-19 20:57:16', '', 21, 8054, 5, 14, 231, NULL);
INSERT INTO `engine_photo` VALUES(422, 'http://media.getchute.com/media/25Vyive', 'http://media.getchute.com/media/25Vyive', '', NULL, 209, 0, '2012-05-19 20:57:13', '2012-05-19 20:57:13', '2012-05-19 20:57:16', '', 21, 8055, 5, 14, 232, NULL);
INSERT INTO `engine_photo` VALUES(423, 'http://media.getchute.com/media/25Xdgzl', 'http://media.getchute.com/media/25Xdgzl', '', NULL, 211, 0, '2012-05-19 20:57:13', '2012-05-19 20:57:13', '2012-05-19 20:57:16', '', 21, 8057, 5, 14, 233, NULL);
INSERT INTO `engine_photo` VALUES(424, 'http://media.getchute.com/media/aOahaot', 'http://media.getchute.com/media/aOahaot', '', NULL, 213, 0, '2012-05-19 20:57:13', '2012-05-19 20:57:13', '2012-05-19 20:57:16', '', 89, 41550, 11, 20, 234, NULL);
INSERT INTO `engine_photo` VALUES(425, 'http://media.getchute.com/media/aObbdgw', 'http://media.getchute.com/media/aObbdgw', '', NULL, 215, 0, '2012-05-19 20:57:13', '2012-05-19 20:57:13', '2012-05-19 20:57:17', '', 89, 41551, 11, 20, 235, NULL);
INSERT INTO `engine_photo` VALUES(426, 'http://media.getchute.com/media/aOcackr', 'http://media.getchute.com/media/aOcackr', '', NULL, 217, 0, '2012-05-19 20:57:13', '2012-05-19 20:57:13', '2012-05-19 20:57:17', '', 89, 41552, 11, 20, 236, NULL);
INSERT INTO `engine_photo` VALUES(427, 'http://media.getchute.com/media/aOempge', 'http://media.getchute.com/media/aOempge', '', NULL, 221, 0, '2012-05-19 20:57:13', '2012-05-19 20:57:13', '2012-05-19 20:57:17', '', 89, 41554, 11, 20, 237, NULL);
INSERT INTO `engine_photo` VALUES(428, 'http://media.getchute.com/media/aOfxakp', 'http://media.getchute.com/media/aOfxakp', '', NULL, 223, 0, '2012-05-19 20:57:13', '2012-05-19 20:57:13', '2012-05-19 20:57:17', '', 89, 41555, 11, 20, 238, NULL);
INSERT INTO `engine_photo` VALUES(429, 'http://media.getchute.com/media/aTSdbxe', 'http://media.getchute.com/media/aTSdbxe', '', NULL, 225, 0, '2012-05-19 20:57:13', '2012-05-19 20:57:13', '2012-05-19 20:57:17', '', 71, 41904, 8, 17, 239, NULL);
INSERT INTO `engine_photo` VALUES(430, 'http://media.getchute.com/media/aTSdbxe', 'http://media.getchute.com/media/aTSdbxe', '', NULL, 225, 0, '2012-05-19 20:57:13', '2012-05-19 20:57:13', '2012-05-19 20:57:17', '', 71, 41904, 10, 19, 240, NULL);
INSERT INTO `engine_photo` VALUES(431, 'http://media.getchute.com/media/aTTavhq', 'http://media.getchute.com/media/aTTavhq', '', NULL, 227, 0, '2012-05-19 20:57:13', '2012-05-19 20:57:13', '2012-05-19 20:57:17', '', 71, 41905, 8, 17, 241, NULL);
INSERT INTO `engine_photo` VALUES(432, 'http://media.getchute.com/media/aTTavhq', 'http://media.getchute.com/media/aTTavhq', '', NULL, 227, 0, '2012-05-19 20:57:13', '2012-05-19 20:57:13', '2012-05-19 20:57:17', '', 71, 41905, 10, 19, 242, NULL);
INSERT INTO `engine_photo` VALUES(433, 'http://media.getchute.com/media/aTUpzuf', 'http://media.getchute.com/media/aTUpzuf', '', NULL, 229, 0, '2012-05-19 20:57:13', '2012-05-19 20:57:13', '2012-05-19 20:57:17', '', 71, 41906, 8, 17, 243, NULL);
INSERT INTO `engine_photo` VALUES(434, 'http://media.getchute.com/media/aTUpzuf', 'http://media.getchute.com/media/aTUpzuf', '', NULL, 229, 0, '2012-05-19 20:57:13', '2012-05-19 20:57:13', '2012-05-19 20:57:17', '', 71, 41906, 10, 19, 244, NULL);
INSERT INTO `engine_photo` VALUES(435, 'http://media.getchute.com/media/aTVcowf', 'http://media.getchute.com/media/aTVcowf', '', NULL, 231, 0, '2012-05-19 20:57:13', '2012-05-19 20:57:13', '2012-05-19 20:57:17', '', 71, 41907, 8, 17, 245, NULL);
INSERT INTO `engine_photo` VALUES(436, 'http://media.getchute.com/media/aTVcowf', 'http://media.getchute.com/media/aTVcowf', '', NULL, 231, 0, '2012-05-19 20:57:13', '2012-05-19 20:57:13', '2012-05-19 20:57:17', '', 71, 41907, 10, 19, 246, NULL);
INSERT INTO `engine_photo` VALUES(437, 'http://media.getchute.com/media/aTWerjm', 'http://media.getchute.com/media/aTWerjm', '', NULL, 233, 0, '2012-05-19 20:57:13', '2012-05-19 20:57:13', '2012-05-19 20:57:17', '', 71, 41908, 8, 17, 247, NULL);
INSERT INTO `engine_photo` VALUES(438, 'http://media.getchute.com/media/aTWerjm', 'http://media.getchute.com/media/aTWerjm', '', NULL, 233, 0, '2012-05-19 20:57:13', '2012-05-19 20:57:13', '2012-05-19 20:57:17', '', 71, 41908, 10, 19, 248, NULL);
INSERT INTO `engine_photo` VALUES(439, 'http://media.getchute.com/media/aTXajqr', 'http://media.getchute.com/media/aTXajqr', '', NULL, 235, 0, '2012-05-19 20:57:13', '2012-05-19 20:57:13', '2012-05-19 20:57:17', 'At the tanneries in Marrakech. The city has a rich history of chillin with leather. leather leather leather. ', 71, 41909, 8, 17, 249, NULL);
INSERT INTO `engine_photo` VALUES(440, 'http://media.getchute.com/media/aTXajqr', 'http://media.getchute.com/media/aTXajqr', '', NULL, 235, 0, '2012-05-19 20:57:13', '2012-05-19 20:57:13', '2012-05-19 20:57:17', 'At the tanneries in Marrakech. The city has a rich history of chillin with leather. leather leather leather. ', 71, 41909, 10, 19, 250, NULL);
INSERT INTO `engine_photo` VALUES(441, 'http://media.getchute.com/media/aTYeqkr', 'http://media.getchute.com/media/aTYeqkr', '', NULL, 237, 0, '2012-05-19 20:57:13', '2012-05-19 20:57:13', '2012-05-19 20:57:17', 'Here''s a cat just chillin. ', 71, 41910, 8, 17, 251, NULL);
INSERT INTO `engine_photo` VALUES(442, 'http://media.getchute.com/media/aTYeqkr', 'http://media.getchute.com/media/aTYeqkr', '', NULL, 237, 0, '2012-05-19 20:57:13', '2012-05-19 20:57:13', '2012-05-19 20:57:17', 'Here''s a cat just chillin. ', 71, 41910, 10, 19, 252, NULL);
INSERT INTO `engine_photo` VALUES(443, 'http://sphotos.xx.fbcdn.net/hphotos-snc6/71635_460998491136_502231136_5435725_5020313_n.jpg', 'http://sphotos.xx.fbcdn.net/hphotos-snc6/71635_460998491136_502231136_5435725_5020313_n.jpg', '', 460998491136, 239, 0, '2012-05-19 20:57:13', '2012-05-19 20:57:13', '2012-05-19 20:57:17', '', 21, NULL, 5, 14, 253, NULL);
INSERT INTO `engine_photo` VALUES(444, 'http://sphotos.xx.fbcdn.net/hphotos-snc7/69413_460998376136_502231136_5435722_7223254_n.jpg', 'http://sphotos.xx.fbcdn.net/hphotos-snc7/69413_460998376136_502231136_5435722_7223254_n.jpg', '', 460998376136, 241, 0, '2012-05-19 20:57:13', '2012-05-19 20:57:13', '2012-05-19 20:57:17', '', 21, NULL, 5, 14, 254, NULL);
INSERT INTO `engine_photo` VALUES(445, 'http://sphotos.xx.fbcdn.net/hphotos-snc6/73056_1525785663346_1195775610_31322156_6903696_n.jpg', 'http://sphotos.xx.fbcdn.net/hphotos-snc6/73056_1525785663346_1195775610_31322156_6903696_n.jpg', '', 1525785663346, 243, 0, '2012-05-19 20:57:13', '2012-05-19 20:57:13', '2012-05-19 20:57:17', '', 21, NULL, 5, 14, 255, NULL);
INSERT INTO `engine_photo` VALUES(446, 'http://sphotos.xx.fbcdn.net/hphotos-snc7/69026_1525782063256_1195775610_31322131_1393926_n.jpg', 'http://sphotos.xx.fbcdn.net/hphotos-snc7/69026_1525782063256_1195775610_31322131_1393926_n.jpg', '', 1525782063256, 245, 0, '2012-05-19 20:57:13', '2012-05-19 20:57:13', '2012-05-19 20:57:17', '', 21, NULL, 5, 14, 256, NULL);
INSERT INTO `engine_photo` VALUES(448, 'http://media.getchute.com/media/kdwXcrxy/200x200', 'http://media.getchute.com/media/kdwXcrxy/200x200', '', NULL, NULL, 1, '2012-05-20 03:40:33', '2012-05-20 03:40:33', '2012-05-20 03:40:33', NULL, NULL, 4818575, NULL, NULL, NULL, NULL);
INSERT INTO `engine_photo` VALUES(449, 'http://media.getchute.com/media/kdwXcrxy', 'http://media.getchute.com/media/kdwXcrxy', '', NULL, 448, 0, '2012-05-20 03:40:33', '2012-05-20 03:40:33', '2012-05-20 03:40:36', 'cap', 21, 4818575, 35, 11, 258, NULL);
INSERT INTO `engine_photo` VALUES(450, 'http://media.getchute.com/media/kdwYgipc/200x200', 'http://media.getchute.com/media/kdwYgipc/200x200', '', NULL, NULL, 1, '2012-05-20 03:40:33', '2012-05-20 03:40:33', '2012-05-20 03:40:33', NULL, NULL, 4818576, NULL, NULL, NULL, NULL);
INSERT INTO `engine_photo` VALUES(451, 'http://media.getchute.com/media/kdwYgipc', 'http://media.getchute.com/media/kdwYgipc', '', NULL, 450, 0, '2012-05-20 03:40:33', '2012-05-20 03:40:33', '2012-05-20 03:40:36', 'cap2', 21, 4818576, 35, 11, 258, NULL);
INSERT INTO `engine_photo` VALUES(452, 'http://media.getchute.com/media/kdwZeqsc/200x200', 'http://media.getchute.com/media/kdwZeqsc/200x200', '', NULL, NULL, 1, '2012-05-20 03:40:33', '2012-05-20 03:40:33', '2012-05-20 03:40:33', NULL, NULL, 4818577, NULL, NULL, NULL, NULL);
INSERT INTO `engine_photo` VALUES(453, 'http://media.getchute.com/media/kdwZeqsc', 'http://media.getchute.com/media/kdwZeqsc', '', NULL, 452, 0, '2012-05-20 03:40:33', '2012-05-20 03:40:33', '2012-05-20 03:40:36', 'cap4', 21, 4818577, 35, 11, 258, NULL);
INSERT INTO `engine_photo` VALUES(454, 'http://media.getchute.com/media/kObGduyj/200x200', 'http://media.getchute.com/media/kObGduyj/200x200', '', NULL, NULL, 1, '2012-05-20 20:40:29', '2012-05-20 20:40:29', '2012-05-20 20:40:29', NULL, NULL, 4959484, NULL, NULL, NULL, NULL);
INSERT INTO `engine_photo` VALUES(455, 'http://media.getchute.com/media/kObGduyj', 'http://media.getchute.com/media/kObGduyj', '', NULL, 454, 0, '2012-05-20 20:40:29', '2012-05-20 20:40:29', '2012-05-20 20:40:31', '', 21, 4959484, 2, 11, 259, NULL);
INSERT INTO `engine_photo` VALUES(456, 'http://media.getchute.com/media/kOdQjqya/200x200', 'http://media.getchute.com/media/kOdQjqya/200x200', '', NULL, NULL, 1, '2012-05-20 20:42:49', '2012-05-20 20:42:49', '2012-05-20 20:42:49', NULL, NULL, 4959618, NULL, NULL, NULL, NULL);
INSERT INTO `engine_photo` VALUES(457, 'http://media.getchute.com/media/kOdQjqya', 'http://media.getchute.com/media/kOdQjqya', '', NULL, 456, 0, '2012-05-20 20:42:49', '2012-05-20 20:42:49', '2012-05-20 20:42:50', '', 21, 4959618, 2, 11, 260, NULL);
INSERT INTO `engine_photo` VALUES(458, 'http://media.getchute.com/media/kUgbxvks/200x200', 'http://media.getchute.com/media/kUgbxvks/200x200', '', NULL, NULL, 1, '2012-05-21 03:47:57', '2012-05-21 03:47:57', '2012-05-21 03:47:57', NULL, NULL, 4982827, NULL, NULL, NULL, NULL);
INSERT INTO `engine_photo` VALUES(459, 'http://media.getchute.com/media/kUgbxvks', 'http://media.getchute.com/media/kUgbxvks', '', NULL, 458, 0, '2012-05-21 03:47:57', '2012-05-21 03:47:57', '2012-05-21 03:48:13', '', 21, 4982827, 2, 11, 261, NULL);
INSERT INTO `engine_photo` VALUES(460, 'http://media.getchute.com/media/kUgcfslg/200x200', 'http://media.getchute.com/media/kUgcfslg/200x200', '', NULL, NULL, 1, '2012-05-21 03:47:57', '2012-05-21 03:47:57', '2012-05-21 03:47:57', NULL, NULL, 4982828, NULL, NULL, NULL, NULL);
INSERT INTO `engine_photo` VALUES(461, 'http://media.getchute.com/media/kUgcfslg', 'http://media.getchute.com/media/kUgcfslg', '', NULL, 460, 0, '2012-05-21 03:47:57', '2012-05-21 03:47:57', '2012-05-21 03:48:13', '', 21, 4982828, 2, 11, 261, NULL);
INSERT INTO `engine_photo` VALUES(462, 'http://media.getchute.com/media/lh7Wixzg/200x200', 'http://media.getchute.com/media/lh7Wixzg/200x200', '', NULL, NULL, 1, '2012-05-21 18:49:26', '2012-05-21 18:49:26', '2012-05-21 18:49:26', NULL, NULL, 5070728, NULL, NULL, NULL, NULL);
INSERT INTO `engine_photo` VALUES(463, 'http://media.getchute.com/media/lh7Wixzg', 'http://media.getchute.com/media/lh7Wixzg', '', NULL, 462, 0, '2012-05-21 18:49:26', '2012-05-21 18:49:26', '2012-05-21 18:49:28', '', 21, 5070728, 2, 11, 262, NULL);
INSERT INTO `engine_photo` VALUES(464, 'http://media.getchute.com/media/lh7Xdvrp/200x200', 'http://media.getchute.com/media/lh7Xdvrp/200x200', '', NULL, NULL, 1, '2012-05-21 18:49:26', '2012-05-21 18:49:26', '2012-05-21 18:49:26', NULL, NULL, 5070729, NULL, NULL, NULL, NULL);
INSERT INTO `engine_photo` VALUES(465, 'http://media.getchute.com/media/lh7Xdvrp', 'http://media.getchute.com/media/lh7Xdvrp', '', NULL, 464, 0, '2012-05-21 18:49:26', '2012-05-21 18:49:26', '2012-05-21 18:49:28', '', 21, 5070729, 2, 11, 262, NULL);
INSERT INTO `engine_photo` VALUES(466, 'http://media.getchute.com/media/lhA8gmay/200x200', 'http://media.getchute.com/media/lhA8gmay/200x200', '', NULL, NULL, 1, '2012-05-21 19:02:15', '2012-05-21 19:02:15', '2012-05-21 19:02:15', NULL, NULL, 5072476, NULL, NULL, NULL, NULL);
INSERT INTO `engine_photo` VALUES(467, 'http://media.getchute.com/media/lhA8gmay', 'http://media.getchute.com/media/lhA8gmay', '', NULL, 466, 0, '2012-05-21 19:02:15', '2012-05-21 19:02:15', '2012-05-21 19:02:18', '', 21, 5072476, 2, 11, 263, NULL);
INSERT INTO `engine_photo` VALUES(468, 'http://media.getchute.com/media/lhA9kgwl/200x200', 'http://media.getchute.com/media/lhA9kgwl/200x200', '', NULL, NULL, 1, '2012-05-21 19:02:15', '2012-05-21 19:02:15', '2012-05-21 19:02:15', NULL, NULL, 5072477, NULL, NULL, NULL, NULL);
INSERT INTO `engine_photo` VALUES(469, 'http://media.getchute.com/media/lhA9kgwl', 'http://media.getchute.com/media/lhA9kgwl', '', NULL, 468, 0, '2012-05-21 19:02:15', '2012-05-21 19:02:15', '2012-05-21 19:02:18', '', 21, 5072477, 2, 11, 263, NULL);
INSERT INTO `engine_photo` VALUES(470, 'http://media.getchute.com/media/lhKFvxuc/200x200', 'http://media.getchute.com/media/lhKFvxuc/200x200', '', NULL, NULL, 1, '2012-05-21 19:07:46', '2012-05-21 19:07:46', '2012-05-21 19:07:46', NULL, NULL, 5073129, NULL, NULL, NULL, NULL);
INSERT INTO `engine_photo` VALUES(471, 'http://media.getchute.com/media/lhKFvxuc', 'http://media.getchute.com/media/lhKFvxuc', '', NULL, 470, 0, '2012-05-21 19:07:46', '2012-05-21 19:07:46', '2012-05-21 19:07:48', '', 21, 5073129, 2, 11, 264, NULL);
INSERT INTO `engine_photo` VALUES(472, 'http://media.getchute.com/media/lhKGfqci/200x200', 'http://media.getchute.com/media/lhKGfqci/200x200', '', NULL, NULL, 1, '2012-05-21 19:07:46', '2012-05-21 19:07:46', '2012-05-21 19:07:46', NULL, NULL, 5073130, NULL, NULL, NULL, NULL);
INSERT INTO `engine_photo` VALUES(473, 'http://media.getchute.com/media/lhKGfqci', 'http://media.getchute.com/media/lhKGfqci', '', NULL, 472, 0, '2012-05-21 19:07:46', '2012-05-21 19:07:46', '2012-05-21 19:07:48', '', 21, 5073130, 2, 11, 264, NULL);
INSERT INTO `engine_photo` VALUES(474, 'http://media.getchute.com/media/lhQnuedt/200x200', 'http://media.getchute.com/media/lhQnuedt/200x200', '', NULL, NULL, 1, '2012-05-21 19:11:10', '2012-05-21 19:11:10', '2012-05-21 19:11:10', NULL, NULL, 5073483, NULL, NULL, NULL, NULL);
INSERT INTO `engine_photo` VALUES(475, 'http://media.getchute.com/media/lhQnuedt', 'http://media.getchute.com/media/lhQnuedt', '', NULL, 474, 0, '2012-05-21 19:11:10', '2012-05-21 19:11:10', '2012-05-21 19:11:13', '', 21, 5073483, 2, 11, 265, NULL);
INSERT INTO `engine_photo` VALUES(476, 'http://media.getchute.com/media/lhQorofw/200x200', 'http://media.getchute.com/media/lhQorofw/200x200', '', NULL, NULL, 1, '2012-05-21 19:11:11', '2012-05-21 19:11:11', '2012-05-21 19:11:11', NULL, NULL, 5073484, NULL, NULL, NULL, NULL);
INSERT INTO `engine_photo` VALUES(477, 'http://media.getchute.com/media/lhQorofw', 'http://media.getchute.com/media/lhQorofw', '', NULL, 476, 0, '2012-05-21 19:11:11', '2012-05-21 19:11:11', '2012-05-21 19:11:13', '', 21, 5073484, 2, 11, 265, NULL);
INSERT INTO `engine_photo` VALUES(478, 'http://media.getchute.com/media/lieCnlgh/200x200', 'http://media.getchute.com/media/lieCnlgh/200x200', '', NULL, NULL, 1, '2012-05-21 19:25:37', '2012-05-21 19:25:37', '2012-05-21 19:25:37', NULL, NULL, 5074986, NULL, NULL, NULL, NULL);
INSERT INTO `engine_photo` VALUES(479, 'http://media.getchute.com/media/lieCnlgh', 'http://media.getchute.com/media/lieCnlgh', '', NULL, 478, 0, '2012-05-21 19:25:37', '2012-05-21 19:25:37', '2012-05-21 19:25:41', '', 21, 5074986, 2, 11, 266, NULL);
INSERT INTO `engine_photo` VALUES(480, 'http://media.getchute.com/media/lieDjqdt/200x200', 'http://media.getchute.com/media/lieDjqdt/200x200', '', NULL, NULL, 1, '2012-05-21 19:25:37', '2012-05-21 19:25:37', '2012-05-21 19:25:37', NULL, NULL, 5074987, NULL, NULL, NULL, NULL);
INSERT INTO `engine_photo` VALUES(481, 'http://media.getchute.com/media/lieDjqdt', 'http://media.getchute.com/media/lieDjqdt', '', NULL, 480, 0, '2012-05-21 19:25:37', '2012-05-21 19:25:37', '2012-05-21 19:25:41', '', 21, 5074987, 2, 11, 266, NULL);
INSERT INTO `engine_photo` VALUES(482, 'http://media.getchute.com/media/lihcmvei/200x200', 'http://media.getchute.com/media/lihcmvei/200x200', '', NULL, NULL, 1, '2012-05-21 19:26:52', '2012-05-21 19:26:52', '2012-05-21 19:26:52', NULL, NULL, 5075146, NULL, NULL, NULL, NULL);
INSERT INTO `engine_photo` VALUES(483, 'http://media.getchute.com/media/lihcmvei', 'http://media.getchute.com/media/lihcmvei', '', NULL, 482, 0, '2012-05-21 19:26:52', '2012-05-21 19:26:52', '2012-05-21 19:26:53', '', 21, 5075146, 2, 11, 267, NULL);
INSERT INTO `engine_photo` VALUES(484, 'http://media.getchute.com/media/lihdczyt/200x200', 'http://media.getchute.com/media/lihdczyt/200x200', '', NULL, NULL, 1, '2012-05-21 19:26:52', '2012-05-21 19:26:52', '2012-05-21 19:26:52', NULL, NULL, 5075147, NULL, NULL, NULL, NULL);
INSERT INTO `engine_photo` VALUES(485, 'http://media.getchute.com/media/lihdczyt', 'http://media.getchute.com/media/lihdczyt', '', NULL, 484, 0, '2012-05-21 19:26:52', '2012-05-21 19:26:52', '2012-05-21 19:26:53', '', 21, 5075147, 2, 11, 267, NULL);
INSERT INTO `engine_photo` VALUES(486, 'http://media.getchute.com/media/linixzwh/200x200', 'http://media.getchute.com/media/linixzwh/200x200', '', NULL, NULL, 1, '2012-05-21 19:30:14', '2012-05-21 19:30:14', '2012-05-21 19:30:14', NULL, NULL, 5075524, NULL, NULL, NULL, NULL);
INSERT INTO `engine_photo` VALUES(487, 'http://media.getchute.com/media/linixzwh', 'http://media.getchute.com/media/linixzwh', '', NULL, 486, 0, '2012-05-21 19:30:14', '2012-05-21 19:30:14', '2012-05-21 19:30:20', '', 21, 5075524, 2, 11, 268, NULL);
INSERT INTO `engine_photo` VALUES(488, 'http://media.getchute.com/media/linjvysx/200x200', 'http://media.getchute.com/media/linjvysx/200x200', '', NULL, NULL, 1, '2012-05-21 19:30:14', '2012-05-21 19:30:14', '2012-05-21 19:30:14', NULL, NULL, 5075525, NULL, NULL, NULL, NULL);
INSERT INTO `engine_photo` VALUES(489, 'http://media.getchute.com/media/linjvysx', 'http://media.getchute.com/media/linjvysx', '', NULL, 488, 0, '2012-05-21 19:30:14', '2012-05-21 19:30:14', '2012-05-21 19:30:20', '', 21, 5075525, 2, 11, 268, NULL);
INSERT INTO `engine_photo` VALUES(490, 'http://media.getchute.com/media/ljgAwjia/200x200', 'http://media.getchute.com/media/ljgAwjia/200x200', '', NULL, NULL, 1, '2012-05-21 20:01:14', '2012-05-21 20:01:14', '2012-05-21 20:01:14', NULL, NULL, 5078952, NULL, NULL, NULL, NULL);
INSERT INTO `engine_photo` VALUES(491, 'http://media.getchute.com/media/ljgAwjia', 'http://media.getchute.com/media/ljgAwjia', '', NULL, 490, 0, '2012-05-21 20:01:14', '2012-05-21 20:01:14', '2012-05-21 20:01:21', '', 21, 5078952, 2, 11, 269, NULL);
INSERT INTO `engine_photo` VALUES(492, 'http://media.getchute.com/media/ljgBxljt/200x200', 'http://media.getchute.com/media/ljgBxljt/200x200', '', NULL, NULL, 1, '2012-05-21 20:01:14', '2012-05-21 20:01:14', '2012-05-21 20:01:14', NULL, NULL, 5078953, NULL, NULL, NULL, NULL);
INSERT INTO `engine_photo` VALUES(493, 'http://media.getchute.com/media/ljgBxljt', 'http://media.getchute.com/media/ljgBxljt', '', NULL, 492, 0, '2012-05-21 20:01:14', '2012-05-21 20:01:14', '2012-05-21 20:01:21', '', 21, 5078953, 2, 11, 269, NULL);
INSERT INTO `engine_photo` VALUES(494, 'http://media.getchute.com/media/ljlQkdpj/200x200', 'http://media.getchute.com/media/ljlQkdpj/200x200', '', NULL, NULL, 1, '2012-05-21 20:04:20', '2012-05-21 20:04:20', '2012-05-21 20:04:20', NULL, NULL, 5079278, NULL, NULL, NULL, NULL);
INSERT INTO `engine_photo` VALUES(495, 'http://media.getchute.com/media/ljlQkdpj', 'http://media.getchute.com/media/ljlQkdpj', '', NULL, 494, 0, '2012-05-21 20:04:20', '2012-05-21 20:04:20', '2012-05-21 20:04:23', '', 21, 5079278, 2, 11, 270, NULL);
INSERT INTO `engine_photo` VALUES(496, 'http://media.getchute.com/media/ljlRderm/200x200', 'http://media.getchute.com/media/ljlRderm/200x200', '', NULL, NULL, 1, '2012-05-21 20:04:20', '2012-05-21 20:04:20', '2012-05-21 20:04:20', NULL, NULL, 5079279, NULL, NULL, NULL, NULL);
INSERT INTO `engine_photo` VALUES(497, 'http://media.getchute.com/media/ljlRderm', 'http://media.getchute.com/media/ljlRderm', '', NULL, 496, 0, '2012-05-21 20:04:20', '2012-05-21 20:04:20', '2012-05-21 20:04:23', '', 21, 5079279, 2, 11, 270, NULL);
INSERT INTO `engine_photo` VALUES(498, 'http://media.getchute.com/media/ljBnbnlp/200x200', 'http://media.getchute.com/media/ljBnbnlp/200x200', '', NULL, NULL, 1, '2012-05-21 20:13:41', '2012-05-21 20:13:41', '2012-05-21 20:13:41', NULL, NULL, 5080241, NULL, NULL, NULL, NULL);
INSERT INTO `engine_photo` VALUES(499, 'http://media.getchute.com/media/ljBnbnlp', 'http://media.getchute.com/media/ljBnbnlp', '', NULL, 498, 0, '2012-05-21 20:13:41', '2012-05-21 20:13:41', '2012-05-21 20:13:50', '', 21, 5080241, 36, 11, 271, NULL);
INSERT INTO `engine_photo` VALUES(500, 'http://media.getchute.com/media/ljBoygnw/200x200', 'http://media.getchute.com/media/ljBoygnw/200x200', '', NULL, NULL, 1, '2012-05-21 20:13:41', '2012-05-21 20:13:41', '2012-05-21 20:13:41', NULL, NULL, 5080242, NULL, NULL, NULL, NULL);
INSERT INTO `engine_photo` VALUES(501, 'http://media.getchute.com/media/ljBoygnw', 'http://media.getchute.com/media/ljBoygnw', '', NULL, 500, 0, '2012-05-21 20:13:41', '2012-05-21 20:13:41', '2012-05-21 20:13:50', '', 21, 5080242, 36, 11, 271, NULL);
INSERT INTO `engine_photo` VALUES(502, 'http://media.getchute.com/media/ljBppxic/200x200', 'http://media.getchute.com/media/ljBppxic/200x200', '', NULL, NULL, 1, '2012-05-21 20:13:41', '2012-05-21 20:13:41', '2012-05-21 20:13:41', NULL, NULL, 5080243, NULL, NULL, NULL, NULL);
INSERT INTO `engine_photo` VALUES(503, 'http://media.getchute.com/media/ljBppxic', 'http://media.getchute.com/media/ljBppxic', '', NULL, 502, 0, '2012-05-21 20:13:41', '2012-05-21 20:13:41', '2012-05-21 20:13:50', '', 21, 5080243, 36, 11, 271, NULL);
INSERT INTO `engine_photo` VALUES(504, 'http://media.getchute.com/media/ljBqotqd/200x200', 'http://media.getchute.com/media/ljBqotqd/200x200', '', NULL, NULL, 1, '2012-05-21 20:13:41', '2012-05-21 20:13:41', '2012-05-21 20:13:41', NULL, NULL, 5080244, NULL, NULL, NULL, NULL);
INSERT INTO `engine_photo` VALUES(505, 'http://media.getchute.com/media/ljBqotqd', 'http://media.getchute.com/media/ljBqotqd', '', NULL, 504, 0, '2012-05-21 20:13:41', '2012-05-21 20:13:41', '2012-05-21 20:13:50', '', 21, 5080244, 36, 11, 271, NULL);
INSERT INTO `engine_photo` VALUES(506, 'http://media.getchute.com/media/lEoxnvyj/200x200', 'http://media.getchute.com/media/lEoxnvyj/200x200', '', NULL, NULL, 1, '2012-05-22 17:37:28', '2012-05-22 17:37:28', '2012-05-22 17:37:28', NULL, NULL, 5160169, NULL, NULL, NULL, NULL);
INSERT INTO `engine_photo` VALUES(507, 'http://media.getchute.com/media/lEoxnvyj', 'http://media.getchute.com/media/lEoxnvyj', '', NULL, 506, 0, '2012-05-22 17:37:28', '2012-05-22 17:37:28', '2012-05-22 17:37:32', '', 21, 5160169, 2, 11, 272, NULL);
INSERT INTO `engine_photo` VALUES(508, 'http://media.getchute.com/media/qp20okvm/200x200', 'http://media.getchute.com/media/qp20okvm/200x200', '', NULL, NULL, 1, '2012-05-28 17:27:03', '2012-05-28 17:27:03', '2012-05-28 17:27:03', NULL, NULL, 6292752, NULL, NULL, NULL, NULL);
INSERT INTO `engine_photo` VALUES(509, 'http://media.getchute.com/media/qp20okvm', 'http://media.getchute.com/media/qp20okvm', '', NULL, 508, 0, '2012-05-28 17:27:03', '2012-05-28 17:27:03', '2012-05-28 17:27:05', '', 21, 6292752, 2, 11, 273, NULL);
INSERT INTO `engine_photo` VALUES(510, 'http://media.getchute.com/media/qp21wikb/200x200', 'http://media.getchute.com/media/qp21wikb/200x200', '', NULL, NULL, 1, '2012-05-28 17:27:03', '2012-05-28 17:27:03', '2012-05-28 17:27:03', NULL, NULL, 6292753, NULL, NULL, NULL, NULL);
INSERT INTO `engine_photo` VALUES(511, 'http://media.getchute.com/media/qp21wikb', 'http://media.getchute.com/media/qp21wikb', '', NULL, 510, 0, '2012-05-28 17:27:03', '2012-05-28 17:27:03', '2012-05-28 17:27:05', '', 21, 6292753, 2, 11, 273, NULL);
INSERT INTO `engine_photo` VALUES(512, 'http://media.getchute.com/media/qp5cbjey/200x200', 'http://media.getchute.com/media/qp5cbjey/200x200', '', NULL, NULL, 1, '2012-05-28 17:30:03', '2012-05-28 17:30:03', '2012-05-28 17:30:03', NULL, NULL, 6292950, NULL, NULL, NULL, NULL);
INSERT INTO `engine_photo` VALUES(513, 'http://media.getchute.com/media/qp5cbjey', 'http://media.getchute.com/media/qp5cbjey', '', NULL, 512, 0, '2012-05-28 17:30:03', '2012-05-28 17:30:03', '2012-05-28 17:30:03', '', 21, 6292950, 2, 11, NULL, NULL);
INSERT INTO `engine_photo` VALUES(514, 'http://media.getchute.com/media/qp5cbjey/200x200', 'http://media.getchute.com/media/qp5cbjey/200x200', '', NULL, NULL, 1, '2012-05-28 17:30:09', '2012-05-28 17:30:09', '2012-05-28 17:30:09', NULL, NULL, 6292950, NULL, NULL, NULL, NULL);
INSERT INTO `engine_photo` VALUES(515, 'http://media.getchute.com/media/qp5cbjey', 'http://media.getchute.com/media/qp5cbjey', '', NULL, 514, 0, '2012-05-28 17:30:09', '2012-05-28 17:30:09', '2012-05-28 17:30:09', '', 21, 6292950, 2, 11, NULL, NULL);
INSERT INTO `engine_photo` VALUES(516, 'http://media.getchute.com/media/qp5Rvjlg/200x200', 'http://media.getchute.com/media/qp5Rvjlg/200x200', '', NULL, NULL, 1, '2012-05-28 17:30:44', '2012-05-28 17:30:44', '2012-05-28 17:30:44', NULL, NULL, 6292991, NULL, NULL, NULL, NULL);
INSERT INTO `engine_photo` VALUES(517, 'http://media.getchute.com/media/qp5Rvjlg', 'http://media.getchute.com/media/qp5Rvjlg', '', NULL, 516, 0, '2012-05-28 17:30:44', '2012-05-28 17:30:44', '2012-05-28 17:30:44', '', 21, 6292991, 2, 11, NULL, NULL);
INSERT INTO `engine_photo` VALUES(518, 'http://media.getchute.com/media/qq0yvtmh/200x200', 'http://media.getchute.com/media/qq0yvtmh/200x200', '', NULL, NULL, 1, '2012-05-28 18:09:55', '2012-05-28 18:09:55', '2012-05-28 18:09:55', NULL, NULL, 6296506, NULL, NULL, NULL, NULL);
INSERT INTO `engine_photo` VALUES(519, 'http://media.getchute.com/media/qq0yvtmh', 'http://media.getchute.com/media/qq0yvtmh', '', NULL, 518, 0, '2012-05-28 18:09:55', '2012-05-28 18:09:55', '2012-05-28 18:09:55', '', 21, 6296506, 2, 11, NULL, NULL);
INSERT INTO `engine_photo` VALUES(520, 'http://media.getchute.com/media/qq2Qzlnq/200x200', 'http://media.getchute.com/media/qq2Qzlnq/200x200', '', NULL, NULL, 1, '2012-05-28 18:11:40', '2012-05-28 18:11:40', '2012-05-28 18:11:40', NULL, NULL, 6296648, NULL, NULL, NULL, NULL);
INSERT INTO `engine_photo` VALUES(521, 'http://media.getchute.com/media/qq2Qzlnq', 'http://media.getchute.com/media/qq2Qzlnq', '', NULL, 520, 0, '2012-05-28 18:11:40', '2012-05-28 18:11:40', '2012-05-28 18:11:52', '', 21, 6296648, 2, 11, 274, NULL);
INSERT INTO `engine_photo` VALUES(522, 'http://media.getchute.com/media/qq7Cpavo/200x200', 'http://media.getchute.com/media/qq7Cpavo/200x200', '', NULL, NULL, 1, '2012-05-28 18:13:35', '2012-05-28 18:13:35', '2012-05-28 18:13:35', NULL, NULL, 6296944, NULL, NULL, NULL, NULL);
INSERT INTO `engine_photo` VALUES(523, 'http://media.getchute.com/media/qq7Cpavo', 'http://media.getchute.com/media/qq7Cpavo', '', NULL, 522, 0, '2012-05-28 18:13:35', '2012-05-28 18:13:35', '2012-05-28 18:14:02', '', 21, 6296944, 2, 11, 275, NULL);
INSERT INTO `engine_photo` VALUES(524, 'http://media.getchute.com/media/qqbtdcmq/200x200', 'http://media.getchute.com/media/qqbtdcmq/200x200', '', NULL, NULL, 1, '2012-05-28 18:16:44', '2012-05-28 18:16:44', '2012-05-28 18:16:44', NULL, NULL, 6297183, NULL, NULL, NULL, NULL);
INSERT INTO `engine_photo` VALUES(525, 'http://media.getchute.com/media/qqbtdcmq', 'http://media.getchute.com/media/qqbtdcmq', '', NULL, 524, 0, '2012-05-28 18:16:44', '2012-05-28 18:16:44', '2012-05-28 18:16:44', '', 21, 6297183, 2, 11, NULL, NULL);
INSERT INTO `engine_photo` VALUES(526, 'http://media.getchute.com/media/qqe7bzqk/200x200', 'http://media.getchute.com/media/qqe7bzqk/200x200', '', NULL, NULL, 1, '2012-05-28 18:18:12', '2012-05-28 18:18:12', '2012-05-28 18:18:12', NULL, NULL, 6297347, NULL, NULL, NULL, NULL);
INSERT INTO `engine_photo` VALUES(527, 'http://media.getchute.com/media/qqe7bzqk', 'http://media.getchute.com/media/qqe7bzqk', '', NULL, 526, 0, '2012-05-28 18:18:12', '2012-05-28 18:18:12', '2012-05-28 18:18:15', '', 21, 6297347, 2, 11, 276, NULL);
INSERT INTO `engine_photo` VALUES(528, 'http://media.getchute.com/media/qqirpzbq/200x200', 'http://media.getchute.com/media/qqirpzbq/200x200', '', NULL, NULL, 1, '2012-05-28 18:20:42', '2012-05-28 18:20:42', '2012-05-28 18:20:42', NULL, NULL, 6297615, NULL, NULL, NULL, NULL);
INSERT INTO `engine_photo` VALUES(529, 'http://media.getchute.com/media/qqirpzbq', 'http://media.getchute.com/media/qqirpzbq', '', NULL, 528, 0, '2012-05-28 18:20:42', '2012-05-28 18:20:42', '2012-05-28 18:20:44', '', 21, 6297615, 2, 11, 277, NULL);
INSERT INTO `engine_photo` VALUES(530, 'http://media.getchute.com/media/qqj2oxmj/200x200', 'http://media.getchute.com/media/qqj2oxmj/200x200', '', NULL, NULL, 1, '2012-05-28 18:21:17', '2012-05-28 18:21:17', '2012-05-28 18:21:17', NULL, NULL, 6297652, NULL, NULL, NULL, NULL);
INSERT INTO `engine_photo` VALUES(531, 'http://media.getchute.com/media/qqj2oxmj', 'http://media.getchute.com/media/qqj2oxmj', '', NULL, 530, 0, '2012-05-28 18:21:17', '2012-05-28 18:21:17', '2012-05-28 18:21:21', '', 21, 6297652, 2, 11, 278, NULL);
INSERT INTO `engine_photo` VALUES(532, 'http://media.getchute.com/media/qqlhbdxj/200x200', 'http://media.getchute.com/media/qqlhbdxj/200x200', '', NULL, NULL, 1, '2012-05-28 18:23:08', '2012-05-28 18:23:08', '2012-05-28 18:23:08', NULL, NULL, 6297791, NULL, NULL, NULL, NULL);
INSERT INTO `engine_photo` VALUES(533, 'http://media.getchute.com/media/qqlhbdxj', 'http://media.getchute.com/media/qqlhbdxj', '', NULL, 532, 0, '2012-05-28 18:23:08', '2012-05-28 18:23:08', '2012-05-28 18:23:52', '', 21, 6297791, 2, 11, 279, NULL);
INSERT INTO `engine_photo` VALUES(534, 'http://media.getchute.com/media/qqA1iupq/200x200', 'http://media.getchute.com/media/qqA1iupq/200x200', '', NULL, NULL, 1, '2012-05-28 18:30:16', '2012-05-28 18:30:16', '2012-05-28 18:30:16', NULL, NULL, 6298705, NULL, NULL, NULL, NULL);
INSERT INTO `engine_photo` VALUES(535, 'http://media.getchute.com/media/qqA1iupq', 'http://media.getchute.com/media/qqA1iupq', '', NULL, 534, 0, '2012-05-28 18:30:16', '2012-05-28 18:30:16', '2012-05-28 18:32:30', '', 21, 6298705, 2, 11, 280, NULL);
INSERT INTO `engine_photo` VALUES(536, 'http://media.getchute.com/media/qqDwwxct/200x200', 'http://media.getchute.com/media/qqDwwxct/200x200', '', NULL, NULL, 1, '2012-05-28 18:33:35', '2012-05-28 18:33:35', '2012-05-28 18:33:35', NULL, NULL, 6298922, NULL, NULL, NULL, NULL);
INSERT INTO `engine_photo` VALUES(537, 'http://media.getchute.com/media/qqDwwxct', 'http://media.getchute.com/media/qqDwwxct', '', NULL, 536, 0, '2012-05-28 18:33:35', '2012-05-28 18:33:35', '2012-05-28 18:33:36', '', 21, 6298922, 2, 11, 281, NULL);
INSERT INTO `engine_photo` VALUES(538, 'http://media.getchute.com/media/qrhLfvbt/200x200', 'http://media.getchute.com/media/qrhLfvbt/200x200', '', NULL, NULL, 1, '2012-05-28 19:04:27', '2012-05-28 19:04:27', '2012-05-28 19:04:27', NULL, NULL, 6301417, NULL, NULL, NULL, NULL);
INSERT INTO `engine_photo` VALUES(539, 'http://media.getchute.com/media/qrhLfvbt', 'http://media.getchute.com/media/qrhLfvbt', '', NULL, 538, 0, '2012-05-28 19:04:27', '2012-05-28 19:04:27', '2012-05-28 19:04:30', '', 21, 6301417, 2, 11, 282, NULL);
INSERT INTO `engine_photo` VALUES(540, 'http://media.getchute.com/media/qrjIpdlk/200x200', 'http://media.getchute.com/media/qrjIpdlk/200x200', '', NULL, NULL, 1, '2012-05-28 19:06:12', '2012-05-28 19:06:12', '2012-05-28 19:06:12', NULL, NULL, 6301538, NULL, NULL, NULL, NULL);
INSERT INTO `engine_photo` VALUES(541, 'http://media.getchute.com/media/qrjIpdlk', 'http://media.getchute.com/media/qrjIpdlk', '', NULL, 540, 0, '2012-05-28 19:06:12', '2012-05-28 19:06:12', '2012-05-28 19:06:13', '', 21, 6301538, 2, 11, 283, NULL);
INSERT INTO `engine_photo` VALUES(542, 'http://media.getchute.com/media/qrlgsrkw/200x200', 'http://media.getchute.com/media/qrlgsrkw/200x200', '', NULL, NULL, 1, '2012-05-28 19:07:42', '2012-05-28 19:07:42', '2012-05-28 19:07:42', NULL, NULL, 6301634, NULL, NULL, NULL, NULL);
INSERT INTO `engine_photo` VALUES(543, 'http://media.getchute.com/media/qrlgsrkw', 'http://media.getchute.com/media/qrlgsrkw', '', NULL, 542, 0, '2012-05-28 19:07:42', '2012-05-28 19:07:42', '2012-05-28 19:07:45', '', 21, 6301634, 2, 11, 284, NULL);
INSERT INTO `engine_photo` VALUES(544, 'http://media.getchute.com/media/qrlIuvom/200x200', 'http://media.getchute.com/media/qrlIuvom/200x200', '', NULL, NULL, 1, '2012-05-28 19:08:08', '2012-05-28 19:08:08', '2012-05-28 19:08:08', NULL, NULL, 6301662, NULL, NULL, NULL, NULL);
INSERT INTO `engine_photo` VALUES(545, 'http://media.getchute.com/media/qrlIuvom', 'http://media.getchute.com/media/qrlIuvom', '', NULL, 544, 0, '2012-05-28 19:08:08', '2012-05-28 19:08:08', '2012-05-28 19:08:14', '', 21, 6301662, 2, 11, 285, NULL);
INSERT INTO `engine_photo` VALUES(546, 'http://media.getchute.com/media/qrn6pofj/200x200', 'http://media.getchute.com/media/qrn6pofj/200x200', '', NULL, NULL, 1, '2012-05-28 19:09:28', '2012-05-28 19:09:28', '2012-05-28 19:09:28', NULL, NULL, 6301748, NULL, NULL, NULL, NULL);
INSERT INTO `engine_photo` VALUES(547, 'http://media.getchute.com/media/qrn6pofj', 'http://media.getchute.com/media/qrn6pofj', '', NULL, 546, 0, '2012-05-28 19:09:28', '2012-05-28 19:09:28', '2012-05-28 19:09:33', '', 21, 6301748, 2, 11, 286, NULL);
INSERT INTO `engine_photo` VALUES(548, 'http://media.getchute.com/media/qUoRudqr/200x200', 'http://media.getchute.com/media/qUoRudqr/200x200', '', NULL, NULL, 1, '2012-05-29 18:18:36', '2012-05-29 18:18:36', '2012-05-29 18:18:36', NULL, NULL, 6413333, NULL, NULL, NULL, NULL);
INSERT INTO `engine_photo` VALUES(549, 'http://media.getchute.com/media/qUoRudqr', 'http://media.getchute.com/media/qUoRudqr', '', NULL, 548, 0, '2012-05-29 18:18:36', '2012-05-29 18:18:36', '2012-05-29 18:18:43', '', 21, 6413333, 2, 11, 291, NULL);
INSERT INTO `engine_photo` VALUES(550, 'http://media.getchute.com/media/qUoSuiaf/200x200', 'http://media.getchute.com/media/qUoSuiaf/200x200', '', NULL, NULL, 1, '2012-05-29 18:18:36', '2012-05-29 18:18:36', '2012-05-29 18:18:36', NULL, NULL, 6413334, NULL, NULL, NULL, NULL);
INSERT INTO `engine_photo` VALUES(551, 'http://media.getchute.com/media/qUoSuiaf', 'http://media.getchute.com/media/qUoSuiaf', '', NULL, 550, 0, '2012-05-29 18:18:36', '2012-05-29 18:18:36', '2012-05-29 18:18:43', '', 21, 6413334, 2, 11, 291, NULL);
INSERT INTO `engine_photo` VALUES(552, 'http://media.getchute.com/media/qUq5lrfm/200x200', 'http://media.getchute.com/media/qUq5lrfm/200x200', '', NULL, NULL, 1, '2012-05-29 18:19:56', '2012-05-29 18:19:56', '2012-05-29 18:19:56', NULL, NULL, 6413409, NULL, NULL, NULL, NULL);
INSERT INTO `engine_photo` VALUES(553, 'http://media.getchute.com/media/qUq5lrfm', 'http://media.getchute.com/media/qUq5lrfm', '', NULL, 552, 0, '2012-05-29 18:19:56', '2012-05-29 18:19:56', '2012-05-29 18:20:17', '', 21, 6413409, 2, 11, 292, NULL);
INSERT INTO `engine_photo` VALUES(554, 'http://media.getchute.com/media/qUr4ndjl/200x200', 'http://media.getchute.com/media/qUr4ndjl/200x200', '', NULL, NULL, 1, '2012-05-29 18:20:52', '2012-05-29 18:20:52', '2012-05-29 18:20:52', NULL, NULL, 6413470, NULL, NULL, NULL, NULL);
INSERT INTO `engine_photo` VALUES(555, 'http://media.getchute.com/media/qUr4ndjl', 'http://media.getchute.com/media/qUr4ndjl', '', NULL, 554, 0, '2012-05-29 18:20:52', '2012-05-29 18:20:52', '2012-05-29 18:20:56', '', 21, 6413470, 2, 11, 295, NULL);
INSERT INTO `engine_photo` VALUES(556, 'http://media.getchute.com/media/qUrCgtqr/200x200', 'http://media.getchute.com/media/qUrCgtqr/200x200', '', NULL, NULL, 1, '2012-05-29 18:21:28', '2012-05-29 18:21:28', '2012-05-29 18:21:28', NULL, NULL, 6413504, NULL, NULL, NULL, NULL);
INSERT INTO `engine_photo` VALUES(557, 'http://media.getchute.com/media/qUrCgtqr', 'http://media.getchute.com/media/qUrCgtqr', '', NULL, 556, 0, '2012-05-29 18:21:28', '2012-05-29 18:21:28', '2012-05-29 18:21:35', '', 21, 6413504, 36, 11, 298, NULL);
INSERT INTO `engine_photo` VALUES(558, 'http://media.getchute.com/media/qUrDhrxo/200x200', 'http://media.getchute.com/media/qUrDhrxo/200x200', '', NULL, NULL, 1, '2012-05-29 18:21:28', '2012-05-29 18:21:28', '2012-05-29 18:21:28', NULL, NULL, 6413505, NULL, NULL, NULL, NULL);
INSERT INTO `engine_photo` VALUES(559, 'http://media.getchute.com/media/qUrDhrxo', 'http://media.getchute.com/media/qUrDhrxo', '', NULL, 558, 0, '2012-05-29 18:21:29', '2012-05-29 18:21:29', '2012-05-29 18:21:35', '', 21, 6413505, 36, 11, 298, NULL);
INSERT INTO `engine_photo` VALUES(560, 'http://media.getchute.com/media/qUrEjlnp/200x200', 'http://media.getchute.com/media/qUrEjlnp/200x200', '', NULL, NULL, 1, '2012-05-29 18:21:29', '2012-05-29 18:21:29', '2012-05-29 18:21:29', NULL, NULL, 6413506, NULL, NULL, NULL, NULL);
INSERT INTO `engine_photo` VALUES(561, 'http://media.getchute.com/media/qUrEjlnp', 'http://media.getchute.com/media/qUrEjlnp', '', NULL, 560, 0, '2012-05-29 18:21:29', '2012-05-29 18:21:29', '2012-05-29 18:21:35', '', 21, 6413506, 36, 11, 298, NULL);
INSERT INTO `engine_photo` VALUES(562, 'http://media.getchute.com/media/qUzIwati/200x200', 'http://media.getchute.com/media/qUzIwati/200x200', '', NULL, NULL, 1, '2012-05-29 18:25:54', '2012-05-29 18:25:54', '2012-05-29 18:25:54', NULL, NULL, 6414006, NULL, NULL, NULL, NULL);
INSERT INTO `engine_photo` VALUES(563, 'http://media.getchute.com/media/qUzIwati', 'http://media.getchute.com/media/qUzIwati', '', NULL, 562, 0, '2012-05-29 18:25:54', '2012-05-29 18:25:54', '2012-05-29 18:26:03', '', 21, 6414006, 2, 11, 300, NULL);
INSERT INTO `engine_photo` VALUES(564, 'http://media.getchute.com/media/qUzJqvns/200x200', 'http://media.getchute.com/media/qUzJqvns/200x200', '', NULL, NULL, 1, '2012-05-29 18:25:54', '2012-05-29 18:25:54', '2012-05-29 18:25:54', NULL, NULL, 6414007, NULL, NULL, NULL, NULL);
INSERT INTO `engine_photo` VALUES(566, 'http://media.getchute.com/media/qUA8oycu/200x200', 'http://media.getchute.com/media/qUA8oycu/200x200', '', NULL, NULL, 1, '2012-05-29 18:26:14', '2012-05-29 18:26:14', '2012-05-29 18:26:14', NULL, NULL, 6414032, NULL, NULL, NULL, NULL);
INSERT INTO `engine_photo` VALUES(567, 'http://media.getchute.com/media/qUA8oycu', 'http://media.getchute.com/media/qUA8oycu', '', NULL, 566, 0, '2012-05-29 18:26:14', '2012-05-29 18:26:14', '2012-05-29 18:26:19', '', 21, 6414032, 2, 11, 301, NULL);
INSERT INTO `engine_photo` VALUES(568, 'http://media.getchute.com/media/qUI3zpvt/200x200', 'http://media.getchute.com/media/qUI3zpvt/200x200', '', NULL, NULL, 1, '2012-05-29 18:30:42', '2012-05-29 18:30:42', '2012-05-29 18:30:42', NULL, NULL, 6414523, NULL, NULL, NULL, NULL);
INSERT INTO `engine_photo` VALUES(569, 'http://media.getchute.com/media/qUI3zpvt', 'http://media.getchute.com/media/qUI3zpvt', '', NULL, 568, 0, '2012-05-29 18:30:42', '2012-05-29 18:30:42', '2012-05-29 18:30:44', 'first photo', 21, 6414523, 2, 11, 304, NULL);
INSERT INTO `engine_photo` VALUES(570, 'http://media.getchute.com/media/qUInfcax/200x200', 'http://media.getchute.com/media/qUInfcax/200x200', '', NULL, NULL, 1, '2012-05-29 18:31:05', '2012-05-29 18:31:05', '2012-05-29 18:31:05', NULL, NULL, 6414543, NULL, NULL, NULL, NULL);
INSERT INTO `engine_photo` VALUES(571, 'http://media.getchute.com/media/qUInfcax', 'http://media.getchute.com/media/qUInfcax', '', NULL, 570, 0, '2012-05-29 18:31:05', '2012-05-29 18:31:05', '2012-05-29 18:31:05', 'second single photo', 21, 6414543, 2, 11, NULL, NULL);
INSERT INTO `engine_photo` VALUES(572, 'http://media.getchute.com/media/qUMelmaf/200x200', 'http://media.getchute.com/media/qUMelmaf/200x200', '', NULL, NULL, 1, '2012-05-29 18:34:35', '2012-05-29 18:34:35', '2012-05-29 18:34:35', NULL, NULL, 6414782, NULL, NULL, NULL, NULL);
INSERT INTO `engine_photo` VALUES(573, 'http://media.getchute.com/media/qUMelmaf', 'http://media.getchute.com/media/qUMelmaf', '', NULL, 572, 0, '2012-05-29 18:34:35', '2012-05-29 18:34:35', '2012-05-29 18:34:35', 'golddog1', 21, 6414782, 2, 11, NULL, NULL);
INSERT INTO `engine_photo` VALUES(574, 'http://media.getchute.com/media/qUPUzbik/200x200', 'http://media.getchute.com/media/qUPUzbik/200x200', '', NULL, NULL, 1, '2012-05-29 18:37:28', '2012-05-29 18:37:28', '2012-05-29 18:37:28', NULL, NULL, 6415010, NULL, NULL, NULL, NULL);
INSERT INTO `engine_photo` VALUES(575, 'http://media.getchute.com/media/qUPUzbik', 'http://media.getchute.com/media/qUPUzbik', '', NULL, 574, 0, '2012-05-29 18:37:28', '2012-05-29 18:37:28', '2012-05-29 18:37:28', 'oneleaf', 21, 6415010, 2, 11, NULL, NULL);
INSERT INTO `engine_photo` VALUES(576, 'http://media.getchute.com/media/qUVQtpms/200x200', 'http://media.getchute.com/media/qUVQtpms/200x200', '', NULL, NULL, 1, '2012-05-29 18:41:33', '2012-05-29 18:41:33', '2012-05-29 18:41:33', NULL, NULL, 6415378, NULL, NULL, NULL, NULL);
INSERT INTO `engine_photo` VALUES(577, 'http://media.getchute.com/media/qUVQtpms', 'http://media.getchute.com/media/qUVQtpms', '', NULL, 576, 0, '2012-05-29 18:41:33', '2012-05-29 18:41:33', '2012-05-29 18:41:33', 'alien1', 21, 6415378, 2, 11, NULL, NULL);
INSERT INTO `engine_photo` VALUES(578, 'http://media.getchute.com/media/qUWMsfox/200x200', 'http://media.getchute.com/media/qUWMsfox/200x200', '', NULL, NULL, 1, '2012-05-29 18:42:41', '2012-05-29 18:42:41', '2012-05-29 18:42:41', NULL, NULL, 6415436, NULL, NULL, NULL, NULL);
INSERT INTO `engine_photo` VALUES(579, 'http://media.getchute.com/media/qUWMsfox', 'http://media.getchute.com/media/qUWMsfox', '', NULL, 578, 0, '2012-05-29 18:42:41', '2012-05-29 18:42:41', '2012-05-29 18:42:52', 'just1', 21, 6415436, 2, 11, 305, NULL);
INSERT INTO `engine_photo` VALUES(580, 'http://media.getchute.com/media/qUXpswjo/200x200', 'http://media.getchute.com/media/qUXpswjo/200x200', '', NULL, NULL, 1, '2012-05-29 18:43:25', '2012-05-29 18:43:25', '2012-05-29 18:43:25', NULL, NULL, 6415475, NULL, NULL, NULL, NULL);
INSERT INTO `engine_photo` VALUES(581, 'http://media.getchute.com/media/qUXpswjo', 'http://media.getchute.com/media/qUXpswjo', '', NULL, 580, 0, '2012-05-29 18:43:25', '2012-05-29 18:43:25', '2012-05-29 18:43:28', 'just1', 21, 6415475, 2, 11, 306, NULL);
INSERT INTO `engine_photo` VALUES(582, 'http://media.getchute.com/media/qUYoypcv/200x200', 'http://media.getchute.com/media/qUYoypcv/200x200', '', NULL, NULL, 1, '2012-05-29 18:44:27', '2012-05-29 18:44:27', '2012-05-29 18:44:27', NULL, NULL, 6415536, NULL, NULL, NULL, NULL);
INSERT INTO `engine_photo` VALUES(583, 'http://media.getchute.com/media/qUYoypcv', 'http://media.getchute.com/media/qUYoypcv', '', NULL, 582, 0, '2012-05-29 18:44:27', '2012-05-29 18:44:27', '2012-05-29 18:44:27', 'anotherhn', 21, 6415536, 2, 11, NULL, NULL);
INSERT INTO `engine_photo` VALUES(584, 'http://media.getchute.com/media/qV0nfcgx/200x200', 'http://media.getchute.com/media/qV0nfcgx/200x200', '', NULL, NULL, 1, '2012-05-29 18:46:20', '2012-05-29 18:46:20', '2012-05-29 18:46:20', NULL, NULL, 6415659, NULL, NULL, NULL, NULL);
INSERT INTO `engine_photo` VALUES(585, 'http://media.getchute.com/media/qV0nfcgx', 'http://media.getchute.com/media/qV0nfcgx', '', NULL, 584, 0, '2012-05-29 18:46:20', '2012-05-29 18:46:20', '2012-05-29 18:46:20', 'test121323', 21, 6415659, 2, 11, NULL, NULL);
INSERT INTO `engine_photo` VALUES(586, 'http://media.getchute.com/media/qV1evmdn/200x200', 'http://media.getchute.com/media/qV1evmdn/200x200', '', NULL, NULL, 1, '2012-05-29 18:47:12', '2012-05-29 18:47:12', '2012-05-29 18:47:12', NULL, NULL, 6415712, NULL, NULL, NULL, NULL);
INSERT INTO `engine_photo` VALUES(587, 'http://media.getchute.com/media/qV1evmdn', 'http://media.getchute.com/media/qV1evmdn', '', NULL, 586, 0, '2012-05-29 18:47:12', '2012-05-29 18:47:12', '2012-05-29 18:47:12', 'og1', 21, 6415712, 2, 11, NULL, NULL);
INSERT INTO `engine_photo` VALUES(588, 'http://media.getchute.com/media/qV1Uhpfo/200x200', 'http://media.getchute.com/media/qV1Uhpfo/200x200', '', NULL, NULL, 1, '2012-05-29 18:47:49', '2012-05-29 18:47:49', '2012-05-29 18:47:49', NULL, NULL, 6415754, NULL, NULL, NULL, NULL);
INSERT INTO `engine_photo` VALUES(589, 'http://media.getchute.com/media/qV1Uhpfo', 'http://media.getchute.com/media/qV1Uhpfo', '', NULL, 588, 0, '2012-05-29 18:47:49', '2012-05-29 18:47:49', '2012-05-29 18:47:51', 'poopy', 21, 6415754, 2, 11, 307, NULL);
INSERT INTO `engine_photo` VALUES(590, 'http://media.getchute.com/media/qVeYeimw/200x200', 'http://media.getchute.com/media/qVeYeimw/200x200', '', NULL, NULL, 1, '2012-05-29 18:55:07', '2012-05-29 18:55:07', '2012-05-29 18:55:07', NULL, NULL, 6416564, NULL, NULL, NULL, NULL);
INSERT INTO `engine_photo` VALUES(591, 'http://media.getchute.com/media/qVeYeimw', 'http://media.getchute.com/media/qVeYeimw', '', NULL, 590, 0, '2012-05-29 18:55:07', '2012-05-29 18:55:07', '2012-05-29 18:55:10', 'logo1', 21, 6416564, 2, 11, 308, NULL);
INSERT INTO `engine_photo` VALUES(592, 'http://media.getchute.com/media/qVfptxvg/200x200', 'http://media.getchute.com/media/qVfptxvg/200x200', '', NULL, NULL, 1, '2012-05-29 18:55:31', '2012-05-29 18:55:31', '2012-05-29 18:55:31', NULL, NULL, 6416591, NULL, NULL, NULL, NULL);
INSERT INTO `engine_photo` VALUES(593, 'http://media.getchute.com/media/qVfptxvg', 'http://media.getchute.com/media/qVfptxvg', '', NULL, 592, 0, '2012-05-29 18:55:31', '2012-05-29 18:55:31', '2012-05-29 18:55:34', 'poopy1', 21, 6416591, 36, 11, 309, NULL);
INSERT INTO `engine_photo` VALUES(594, 'http://media.getchute.com/media/qVfrusht/200x200', 'http://media.getchute.com/media/qVfrusht/200x200', '', NULL, NULL, 1, '2012-05-29 18:55:31', '2012-05-29 18:55:31', '2012-05-29 18:55:31', NULL, NULL, 6416593, NULL, NULL, NULL, NULL);
INSERT INTO `engine_photo` VALUES(596, 'http://media.getchute.com/media/qVfMbmsp/200x200', 'http://media.getchute.com/media/qVfMbmsp/200x200', '', NULL, NULL, 1, '2012-05-29 18:55:50', '2012-05-29 18:55:50', '2012-05-29 18:55:50', NULL, NULL, 6416614, NULL, NULL, NULL, NULL);
INSERT INTO `engine_photo` VALUES(597, 'http://media.getchute.com/media/qVfMbmsp', 'http://media.getchute.com/media/qVfMbmsp', '', NULL, 596, 0, '2012-05-29 18:55:50', '2012-05-29 18:55:50', '2012-05-29 18:55:52', 'cap2', 21, 6416614, 2, 11, 310, NULL);
INSERT INTO `engine_photo` VALUES(598, 'http://media.getchute.com/media/qZsDxdmz/200x200', 'http://media.getchute.com/media/qZsDxdmz/200x200', '', NULL, NULL, 1, '2012-05-29 22:06:11', '2012-05-29 22:06:11', '2012-05-29 22:06:11', NULL, NULL, 6432787, NULL, NULL, NULL, NULL);
INSERT INTO `engine_photo` VALUES(599, 'http://media.getchute.com/media/qZsDxdmz', 'http://media.getchute.com/media/qZsDxdmz', '', NULL, 598, 0, '2012-05-29 22:06:11', '2012-05-29 22:06:11', '2012-05-29 22:06:16', '', 21, 6432787, 2, 11, 311, NULL);
INSERT INTO `engine_photo` VALUES(600, 'http://media.getchute.com/media/qZsEqdhp/200x200', 'http://media.getchute.com/media/qZsEqdhp/200x200', '', NULL, NULL, 1, '2012-05-29 22:06:11', '2012-05-29 22:06:11', '2012-05-29 22:06:11', NULL, NULL, 6432788, NULL, NULL, NULL, NULL);
INSERT INTO `engine_photo` VALUES(602, 'http://media.getchute.com/media/r2rdcpto/200x200', 'http://media.getchute.com/media/r2rdcpto/200x200', '', NULL, NULL, 1, '2012-05-30 00:34:17', '2012-05-30 00:34:17', '2012-05-30 00:34:17', NULL, NULL, 6444231, NULL, NULL, NULL, NULL);
INSERT INTO `engine_photo` VALUES(604, 'http://media.getchute.com/media/r2redles/200x200', 'http://media.getchute.com/media/r2redles/200x200', '', NULL, NULL, 1, '2012-05-30 00:34:17', '2012-05-30 00:34:17', '2012-05-30 00:34:17', NULL, NULL, 6444232, NULL, NULL, NULL, NULL);
INSERT INTO `engine_photo` VALUES(605, 'http://media.getchute.com/media/r2redles', 'http://media.getchute.com/media/r2redles', '', NULL, 604, 0, '2012-05-30 00:34:17', '2012-05-30 00:34:17', '2012-05-30 00:34:19', '', 21, 6444232, 2, 11, 312, NULL);
INSERT INTO `engine_photo` VALUES(606, 'http://media.getchute.com/media/r2s9gfkd/200x200', 'http://media.getchute.com/media/r2s9gfkd/200x200', '', NULL, NULL, 1, '2012-05-30 00:35:00', '2012-05-30 00:35:00', '2012-05-30 00:35:00', NULL, NULL, 6444289, NULL, NULL, NULL, NULL);
INSERT INTO `engine_photo` VALUES(607, 'http://media.getchute.com/media/r2s9gfkd', 'http://media.getchute.com/media/r2s9gfkd', '', NULL, 606, 0, '2012-05-30 00:35:00', '2012-05-30 00:35:00', '2012-05-30 00:35:02', '', 21, 6444289, 2, 11, 313, NULL);
INSERT INTO `engine_photo` VALUES(608, 'http://media.getchute.com/media/r2t5lonk/200x200', 'http://media.getchute.com/media/r2t5lonk/200x200', '', NULL, NULL, 1, '2012-05-30 00:36:03', '2012-05-30 00:36:03', '2012-05-30 00:36:03', NULL, NULL, 6444347, NULL, NULL, NULL, NULL);
INSERT INTO `engine_photo` VALUES(609, 'http://media.getchute.com/media/r2t5lonk', 'http://media.getchute.com/media/r2t5lonk', '', NULL, 608, 0, '2012-05-30 00:36:03', '2012-05-30 00:36:03', '2012-05-30 00:36:12', '', 21, 6444347, 2, 11, 314, NULL);
INSERT INTO `engine_photo` VALUES(610, 'http://media.getchute.com/media/r2t6qxni/200x200', 'http://media.getchute.com/media/r2t6qxni/200x200', '', NULL, NULL, 1, '2012-05-30 00:36:03', '2012-05-30 00:36:03', '2012-05-30 00:36:03', NULL, NULL, 6444348, NULL, NULL, NULL, NULL);
INSERT INTO `engine_photo` VALUES(612, 'http://media.getchute.com/media/r2xbfvhc/200x200', 'http://media.getchute.com/media/r2xbfvhc/200x200', '', NULL, NULL, 1, '2012-05-30 00:39:28', '2012-05-30 00:39:28', '2012-05-30 00:39:28', NULL, NULL, 6444601, NULL, NULL, NULL, NULL);
INSERT INTO `engine_photo` VALUES(613, 'http://media.getchute.com/media/r2xbfvhc', 'http://media.getchute.com/media/r2xbfvhc', '', NULL, 612, 0, '2012-05-30 00:39:28', '2012-05-30 00:39:28', '2012-05-30 00:39:31', '', 21, 6444601, 14, 36, 315, NULL);
INSERT INTO `engine_photo` VALUES(614, 'http://media.getchute.com/media/r2xcsoqy/200x200', 'http://media.getchute.com/media/r2xcsoqy/200x200', '', NULL, NULL, 1, '2012-05-30 00:39:28', '2012-05-30 00:39:28', '2012-05-30 00:39:28', NULL, NULL, 6444602, NULL, NULL, NULL, NULL);
INSERT INTO `engine_photo` VALUES(615, 'http://media.getchute.com/media/r2xcsoqy', 'http://media.getchute.com/media/r2xcsoqy', '', NULL, 614, 0, '2012-05-30 00:39:28', '2012-05-30 00:39:28', '2012-05-30 00:39:31', '', 21, 6444602, 14, 36, 315, NULL);
INSERT INTO `engine_photo` VALUES(616, 'http://media.getchute.com/media/r1Skivqb/200x200', 'http://media.getchute.com/media/r1Skivqb/200x200', '', NULL, NULL, 1, '2012-06-03 16:32:48', '2012-06-03 16:32:48', '2012-06-03 16:32:48', NULL, NULL, 6442068, NULL, NULL, NULL, NULL);
INSERT INTO `engine_photo` VALUES(618, 'http://media.getchute.com/media/tHh0tlaq/200x200', 'http://media.getchute.com/media/tHh0tlaq/200x200', '', NULL, NULL, 1, '2012-06-03 16:32:48', '2012-06-03 16:32:48', '2012-06-03 16:32:48', NULL, NULL, 7077858, NULL, NULL, NULL, NULL);
INSERT INTO `engine_photo` VALUES(619, 'http://media.getchute.com/media/tHh0tlaq', 'http://media.getchute.com/media/tHh0tlaq', '', NULL, 618, 0, '2012-06-03 16:32:48', '2012-06-03 16:32:48', '2012-06-03 16:32:50', '', 21, 7077858, 39, 11, 316, NULL);
INSERT INTO `engine_photo` VALUES(620, 'http://media.getchute.com/media/tHh1guzh/200x200', 'http://media.getchute.com/media/tHh1guzh/200x200', '', NULL, NULL, 1, '2012-06-03 16:32:48', '2012-06-03 16:32:48', '2012-06-03 16:32:48', NULL, NULL, 7077859, NULL, NULL, NULL, NULL);
INSERT INTO `engine_photo` VALUES(622, 'http://media.getchute.com/media/r1Sllegk/200x200', 'http://media.getchute.com/media/r1Sllegk/200x200', '', NULL, NULL, 1, '2012-06-03 16:32:48', '2012-06-03 16:32:48', '2012-06-03 16:32:48', NULL, NULL, 6442069, NULL, NULL, NULL, NULL);
INSERT INTO `engine_photo` VALUES(624, 'http://media.getchute.com/media/tHi1ygmu/200x200', 'http://media.getchute.com/media/tHi1ygmu/200x200', '', NULL, NULL, 1, '2012-06-03 16:33:39', '2012-06-03 16:33:39', '2012-06-03 16:33:39', NULL, NULL, 7077921, NULL, NULL, NULL, NULL);
INSERT INTO `engine_photo` VALUES(626, 'http://media.getchute.com/media/tHimmyrn/200x200', 'http://media.getchute.com/media/tHimmyrn/200x200', '', NULL, NULL, 1, '2012-06-03 16:34:06', '2012-06-03 16:34:06', '2012-06-03 16:34:06', NULL, NULL, 7077942, NULL, NULL, NULL, NULL);
INSERT INTO `engine_photo` VALUES(628, 'http://media.getchute.com/media/tHinybls/200x200', 'http://media.getchute.com/media/tHinybls/200x200', '', NULL, NULL, 1, '2012-06-03 16:34:06', '2012-06-03 16:34:06', '2012-06-03 16:34:06', NULL, NULL, 7077943, NULL, NULL, NULL, NULL);
INSERT INTO `engine_photo` VALUES(630, 'http://media.getchute.com/media/tHl0njdz/200x200', 'http://media.getchute.com/media/tHl0njdz/200x200', '', NULL, NULL, 1, '2012-06-03 16:34:34', '2012-06-03 16:34:34', '2012-06-03 16:34:34', NULL, NULL, 7078106, NULL, NULL, NULL, NULL);
INSERT INTO `engine_photo` VALUES(631, 'http://media.getchute.com/media/tHl0njdz', 'http://media.getchute.com/media/tHl0njdz', '', NULL, 630, 0, '2012-06-03 16:34:34', '2012-06-03 16:34:34', '2012-06-03 16:34:40', '', 21, 7078106, 2, 11, 319, NULL);
INSERT INTO `engine_photo` VALUES(632, 'http://media.getchute.com/media/tHmbdlxu/200x200', 'http://media.getchute.com/media/tHmbdlxu/200x200', '', NULL, NULL, 1, '2012-06-03 16:35:02', '2012-06-03 16:35:02', '2012-06-03 16:35:02', NULL, NULL, 7078179, NULL, NULL, NULL, NULL);
INSERT INTO `engine_photo` VALUES(633, 'http://media.getchute.com/media/tHmbdlxu', 'http://media.getchute.com/media/tHmbdlxu', '', NULL, 632, 0, '2012-06-03 16:35:02', '2012-06-03 16:35:02', '2012-06-09 22:23:56', 'Grandma! And me!!', 21, 7078179, 2, 11, 320, NULL);
INSERT INTO `engine_photo` VALUES(634, 'http://media.getchute.com/media/tHnbawhs/200x200', 'http://media.getchute.com/media/tHnbawhs/200x200', '', NULL, NULL, 1, '2012-06-03 16:35:34', '2012-06-03 16:35:34', '2012-06-03 16:35:34', NULL, NULL, 7078241, NULL, NULL, NULL, NULL);
INSERT INTO `engine_photo` VALUES(636, 'http://media.getchute.com/media/tHnRisvc/200x200', 'http://media.getchute.com/media/tHnRisvc/200x200', '', NULL, NULL, 1, '2012-06-03 16:35:59', '2012-06-03 16:35:59', '2012-06-03 16:35:59', NULL, NULL, 7078283, NULL, NULL, NULL, NULL);
INSERT INTO `engine_photo` VALUES(638, 'http://media.getchute.com/media/v6ZOcjbh/200x200', 'http://media.getchute.com/media/v6ZOcjbh/200x200', '', NULL, NULL, 1, '2012-06-05 16:40:12', '2012-06-05 16:40:12', '2012-06-05 16:40:12', NULL, NULL, 7415064, NULL, NULL, NULL, NULL);
INSERT INTO `engine_photo` VALUES(640, 'http://media.getchute.com/media/v70Fbxyj/200x200', 'http://media.getchute.com/media/v70Fbxyj/200x200', '', NULL, NULL, 1, '2012-06-05 16:40:40', '2012-06-05 16:40:40', '2012-06-05 16:40:40', NULL, NULL, 7415117, NULL, NULL, NULL, NULL);
INSERT INTO `engine_photo` VALUES(642, 'http://media.getchute.com/media/v70Gdvln/200x200', 'http://media.getchute.com/media/v70Gdvln/200x200', '', NULL, NULL, 1, '2012-06-05 16:40:40', '2012-06-05 16:40:40', '2012-06-05 16:40:40', NULL, NULL, 7415118, NULL, NULL, NULL, NULL);
INSERT INTO `engine_photo` VALUES(643, 'http://media.getchute.com/media/v70Gdvln', 'http://media.getchute.com/media/v70Gdvln', '', NULL, 642, 0, '2012-06-05 16:40:40', '2012-06-05 16:40:40', '2012-06-05 16:40:42', '', 21, 7415118, 2, 11, 325, NULL);
INSERT INTO `engine_photo` VALUES(644, 'nyanliu.png', 'uploads/nyanliu.png', '', NULL, NULL, 0, '2012-06-05 22:39:01', '2012-06-05 22:39:01', '2012-06-05 22:39:01', NULL, 21, NULL, NULL, NULL, NULL, NULL);
INSERT INTO `engine_photo` VALUES(645, 'nyanliu_1.png', 'uploads/nyanliu_1.png', '', NULL, 646, 0, '2012-06-05 22:52:14', '2012-06-05 22:52:14', '2012-06-05 22:52:14', NULL, 21, NULL, NULL, NULL, NULL, NULL);
INSERT INTO `engine_photo` VALUES(646, 'nyanliu_1_thumb_200x200.png', 'uploads/nyanliu_1_thumb_200x200.png', '', NULL, NULL, 1, '2012-06-05 22:52:14', '2012-06-05 22:52:14', '2012-06-05 22:52:14', NULL, NULL, NULL, NULL, NULL, NULL, NULL);
INSERT INTO `engine_photo` VALUES(647, 'nyanliu_2.png', 'uploads/nyanliu_2.png', '', NULL, 648, 0, '2012-06-05 22:54:40', '2012-06-05 22:54:40', '2012-06-05 22:54:40', NULL, 21, NULL, NULL, NULL, NULL, NULL);
INSERT INTO `engine_photo` VALUES(648, 'nyanliu_2_thumb_200x200.png', 'uploads/nyanliu_2_thumb_200x200.png', '', NULL, NULL, 1, '2012-06-05 22:54:40', '2012-06-05 22:54:40', '2012-06-05 22:54:40', NULL, NULL, NULL, NULL, NULL, NULL, NULL);
INSERT INTO `engine_photo` VALUES(649, 'hliu.jpg', 'uploads/hliu.jpg', '', NULL, 650, 0, '2012-06-05 22:54:57', '2012-06-05 22:54:57', '2012-06-05 22:54:57', NULL, 21, NULL, NULL, NULL, NULL, NULL);
INSERT INTO `engine_photo` VALUES(650, 'hliu_thumb_200x200.jpg', 'uploads/hliu_thumb_200x200.jpg', '', NULL, NULL, 1, '2012-06-05 22:54:57', '2012-06-05 22:54:57', '2012-06-05 22:54:57', NULL, NULL, NULL, NULL, NULL, NULL, NULL);
INSERT INTO `engine_photo` VALUES(651, 'photo 2.JPG', 'uploads/photo 2.JPG', '', NULL, 652, 0, '2012-06-05 23:00:11', '2012-06-05 23:00:11', '2012-06-05 23:00:12', NULL, 21, NULL, NULL, NULL, NULL, NULL);
INSERT INTO `engine_photo` VALUES(652, 'photo 2_thumb_200x200.JPG', 'uploads/photo 2_thumb_200x200.JPG', '', NULL, NULL, 1, '2012-06-05 23:00:12', '2012-06-05 23:00:12', '2012-06-05 23:00:12', NULL, NULL, NULL, NULL, NULL, NULL, NULL);
INSERT INTO `engine_photo` VALUES(653, 'nyanliu_3.png', 'uploads/nyanliu_3.png', '', NULL, 654, 0, '2012-06-05 23:00:51', '2012-06-05 23:00:51', '2012-06-05 23:00:51', NULL, 21, NULL, NULL, NULL, NULL, NULL);
INSERT INTO `engine_photo` VALUES(654, 'nyanliu_3_thumb_200x200.png', 'uploads/nyanliu_3_thumb_200x200.png', '', NULL, NULL, 1, '2012-06-05 23:00:51', '2012-06-05 23:00:51', '2012-06-05 23:00:51', NULL, NULL, NULL, NULL, NULL, NULL, NULL);
INSERT INTO `engine_photo` VALUES(655, 'nyanliu_4.png', 'uploads/nyanliu_4.png', '', NULL, 656, 0, '2012-06-05 23:11:29', '2012-06-05 23:11:29', '2012-06-05 23:11:29', NULL, 19, NULL, NULL, NULL, NULL, NULL);
INSERT INTO `engine_photo` VALUES(656, 'nyanliu_4_thumb_200x200.png', 'uploads/nyanliu_4_thumb_200x200.png', '', NULL, NULL, 1, '2012-06-05 23:11:29', '2012-06-05 23:11:29', '2012-06-05 23:11:29', NULL, NULL, NULL, NULL, NULL, NULL, NULL);
INSERT INTO `engine_photo` VALUES(657, 'nyanliu_5.png', 'uploads/nyanliu_5.png', '', NULL, 658, 0, '2012-06-05 23:12:20', '2012-06-05 23:12:20', '2012-06-05 23:12:20', NULL, 67, NULL, NULL, NULL, NULL, NULL);
INSERT INTO `engine_photo` VALUES(658, 'nyanliu_5_thumb_200x200.png', 'uploads/nyanliu_5_thumb_200x200.png', '', NULL, NULL, 1, '2012-06-05 23:12:20', '2012-06-05 23:12:20', '2012-06-05 23:12:20', NULL, NULL, NULL, NULL, NULL, NULL, NULL);
INSERT INTO `engine_photo` VALUES(659, 'nyanliu_6.png', 'uploads/nyanliu_6.png', '', NULL, 660, 0, '2012-06-05 23:12:27', '2012-06-05 23:12:27', '2012-06-05 23:12:27', NULL, 65, NULL, NULL, NULL, NULL, NULL);
INSERT INTO `engine_photo` VALUES(660, 'nyanliu_6_thumb_200x200.png', 'uploads/nyanliu_6_thumb_200x200.png', '', NULL, NULL, 1, '2012-06-05 23:12:27', '2012-06-05 23:12:27', '2012-06-05 23:12:27', NULL, NULL, NULL, NULL, NULL, NULL, NULL);
INSERT INTO `engine_photo` VALUES(661, 'nyanliu_7.png', 'uploads/nyanliu_7.png', '', NULL, 662, 0, '2012-06-05 23:12:33', '2012-06-05 23:12:33', '2012-06-05 23:12:33', NULL, 61, NULL, NULL, NULL, NULL, NULL);
INSERT INTO `engine_photo` VALUES(662, 'nyanliu_7_thumb_200x200.png', 'uploads/nyanliu_7_thumb_200x200.png', '', NULL, NULL, 1, '2012-06-05 23:12:33', '2012-06-05 23:12:33', '2012-06-05 23:12:33', NULL, NULL, NULL, NULL, NULL, NULL, NULL);
INSERT INTO `engine_photo` VALUES(663, 'http://media.getchute.com/media/vSEHqadf/200x200', 'http://media.getchute.com/media/vSEHqadf/200x200', '', NULL, NULL, 1, '2012-06-06 18:34:54', '2012-06-06 18:34:54', '2012-06-06 18:34:54', NULL, NULL, 7598267, NULL, NULL, NULL, NULL);
INSERT INTO `engine_photo` VALUES(664, 'http://media.getchute.com/media/vSEHqadf', 'http://media.getchute.com/media/vSEHqadf', '', NULL, 663, 0, '2012-06-06 18:34:54', '2012-06-06 18:34:54', '2012-06-06 18:34:55', 'hanz brix', 21, 7598267, 14, 36, 326, NULL);
INSERT INTO `engine_photo` VALUES(665, 'http://media.getchute.com/media/vSFItixj/200x200', 'http://media.getchute.com/media/vSFItixj/200x200', '', NULL, NULL, 1, '2012-06-06 18:35:38', '2012-06-06 18:35:38', '2012-06-06 18:35:38', NULL, NULL, 7598330, NULL, NULL, NULL, NULL);
INSERT INTO `engine_photo` VALUES(666, 'http://media.getchute.com/media/vSFItixj', 'http://media.getchute.com/media/vSFItixj', '', NULL, 665, 0, '2012-06-06 18:35:38', '2012-06-06 18:35:38', '2012-06-06 18:35:40', 'redo', 21, 7598330, 14, 36, 327, NULL);
INSERT INTO `engine_photo` VALUES(667, 'http://media.getchute.com/media/vSKzcktb/200x200', 'http://media.getchute.com/media/vSKzcktb/200x200', '', NULL, NULL, 1, '2012-06-06 18:37:09', '2012-06-06 18:37:09', '2012-06-06 18:37:09', NULL, NULL, 7598631, NULL, NULL, NULL, NULL);
INSERT INTO `engine_photo` VALUES(668, 'http://media.getchute.com/media/vSKzcktb', 'http://media.getchute.com/media/vSKzcktb', '', NULL, 667, 0, '2012-06-06 18:37:09', '2012-06-06 18:37:09', '2012-06-06 18:37:11', 'teatasdfsdf', 21, 7598631, 14, 36, 328, NULL);
INSERT INTO `engine_photo` VALUES(669, 'http://media.getchute.com/media/vSLqmybl/200x200', 'http://media.getchute.com/media/vSLqmybl/200x200', '', NULL, NULL, 1, '2012-06-06 18:37:37', '2012-06-06 18:37:37', '2012-06-06 18:37:37', NULL, NULL, 7598684, NULL, NULL, NULL, NULL);
INSERT INTO `engine_photo` VALUES(670, 'http://media.getchute.com/media/vSLqmybl', 'http://media.getchute.com/media/vSLqmybl', '', NULL, 669, 0, '2012-06-06 18:37:37', '2012-06-06 18:37:37', '2012-06-06 18:37:38', '', 21, 7598684, 14, 36, 329, NULL);
INSERT INTO `engine_photo` VALUES(671, 'http://media.getchute.com/media/vTNHahpu/200x200', 'http://media.getchute.com/media/vTNHahpu/200x200', '', NULL, NULL, 1, '2012-06-06 19:08:56', '2012-06-06 19:08:56', '2012-06-06 19:08:56', NULL, NULL, 7602669, NULL, NULL, NULL, NULL);
INSERT INTO `engine_photo` VALUES(672, 'http://media.getchute.com/media/vTNHahpu', 'http://media.getchute.com/media/vTNHahpu', '', NULL, 671, 0, '2012-06-06 19:08:56', '2012-06-06 19:08:56', '2012-06-06 19:08:57', '', 21, 7602669, 14, 36, 330, NULL);
INSERT INTO `engine_photo` VALUES(673, 'http://media.getchute.com/media/vTNIswmv/200x200', 'http://media.getchute.com/media/vTNIswmv/200x200', '', NULL, NULL, 1, '2012-06-06 19:08:56', '2012-06-06 19:08:56', '2012-06-06 19:08:56', NULL, NULL, 7602670, NULL, NULL, NULL, NULL);
INSERT INTO `engine_photo` VALUES(674, 'http://media.getchute.com/media/vTNIswmv', 'http://media.getchute.com/media/vTNIswmv', '', NULL, 673, 0, '2012-06-06 19:08:56', '2012-06-06 19:08:56', '2012-06-06 19:08:57', '', 21, 7602670, 14, 36, 330, NULL);
INSERT INTO `engine_photo` VALUES(675, 'http://media.getchute.com/media/vTNKwrch/200x200', 'http://media.getchute.com/media/vTNKwrch/200x200', '', NULL, NULL, 1, '2012-06-06 19:08:56', '2012-06-06 19:08:56', '2012-06-06 19:08:56', NULL, NULL, 7602672, NULL, NULL, NULL, NULL);
INSERT INTO `engine_photo` VALUES(676, 'http://media.getchute.com/media/vTNJtrjp/200x200', 'http://media.getchute.com/media/vTNJtrjp/200x200', '', NULL, NULL, 1, '2012-06-06 19:08:56', '2012-06-06 19:08:56', '2012-06-06 19:08:56', NULL, NULL, 7602671, NULL, NULL, NULL, NULL);
INSERT INTO `engine_photo` VALUES(677, 'http://media.getchute.com/media/vTNKwrch', 'http://media.getchute.com/media/vTNKwrch', '', NULL, 675, 0, '2012-06-06 19:08:56', '2012-06-06 19:08:56', '2012-06-06 19:08:57', '', 21, 7602672, 14, 36, 330, NULL);
INSERT INTO `engine_photo` VALUES(678, 'http://media.getchute.com/media/vTNJtrjp', 'http://media.getchute.com/media/vTNJtrjp', '', NULL, 676, 0, '2012-06-06 19:08:56', '2012-06-06 19:08:56', '2012-06-06 19:08:57', '', 21, 7602671, 14, 36, 330, NULL);
INSERT INTO `engine_photo` VALUES(679, 'http://media.getchute.com/media/vU7ihgva/200x200', 'http://media.getchute.com/media/vU7ihgva/200x200', '', NULL, NULL, 1, '2012-06-06 19:19:01', '2012-06-06 19:19:01', '2012-06-06 19:19:01', NULL, NULL, 7603884, NULL, NULL, NULL, NULL);
INSERT INTO `engine_photo` VALUES(680, 'http://media.getchute.com/media/vU7ihgva', 'http://media.getchute.com/media/vU7ihgva', '', NULL, 679, 0, '2012-06-06 19:19:01', '2012-06-06 19:19:01', '2012-06-06 19:19:03', '', 21, 7603884, 14, 36, 331, NULL);
INSERT INTO `engine_photo` VALUES(681, 'http://media.getchute.com/media/vU7jjtzu/200x200', 'http://media.getchute.com/media/vU7jjtzu/200x200', '', NULL, NULL, 1, '2012-06-06 19:19:01', '2012-06-06 19:19:01', '2012-06-06 19:19:01', NULL, NULL, 7603885, NULL, NULL, NULL, NULL);
INSERT INTO `engine_photo` VALUES(682, 'http://media.getchute.com/media/vU7kmzui/200x200', 'http://media.getchute.com/media/vU7kmzui/200x200', '', NULL, NULL, 1, '2012-06-06 19:19:01', '2012-06-06 19:19:01', '2012-06-06 19:19:01', NULL, NULL, 7603886, NULL, NULL, NULL, NULL);
INSERT INTO `engine_photo` VALUES(683, 'http://media.getchute.com/media/vU7jjtzu', 'http://media.getchute.com/media/vU7jjtzu', '', NULL, 681, 0, '2012-06-06 19:19:01', '2012-06-06 19:19:01', '2012-06-06 19:19:03', '', 21, 7603885, 14, 36, 331, NULL);
INSERT INTO `engine_photo` VALUES(684, 'http://media.getchute.com/media/vU7kmzui', 'http://media.getchute.com/media/vU7kmzui', '', NULL, 682, 0, '2012-06-06 19:19:01', '2012-06-06 19:19:01', '2012-06-06 19:19:03', '', 21, 7603886, 14, 36, 331, NULL);
INSERT INTO `engine_photo` VALUES(685, 'http://media.getchute.com/media/vUgnqdkc/200x200', 'http://media.getchute.com/media/vUgnqdkc/200x200', '', NULL, NULL, 1, '2012-06-06 19:23:02', '2012-06-06 19:23:02', '2012-06-06 19:23:02', NULL, NULL, 7604447, NULL, NULL, NULL, NULL);
INSERT INTO `engine_photo` VALUES(686, 'http://media.getchute.com/media/vUgnqdkc', 'http://media.getchute.com/media/vUgnqdkc', '', NULL, 685, 0, '2012-06-06 19:23:02', '2012-06-06 19:23:02', '2012-06-06 19:23:03', '', 21, 7604447, 14, 36, 332, NULL);
INSERT INTO `engine_photo` VALUES(687, 'http://media.getchute.com/media/vUgpecjh/200x200', 'http://media.getchute.com/media/vUgpecjh/200x200', '', NULL, NULL, 1, '2012-06-06 19:23:02', '2012-06-06 19:23:02', '2012-06-06 19:23:02', NULL, NULL, 7604449, NULL, NULL, NULL, NULL);
INSERT INTO `engine_photo` VALUES(688, 'http://media.getchute.com/media/vUgpecjh', 'http://media.getchute.com/media/vUgpecjh', '', NULL, 687, 0, '2012-06-06 19:23:02', '2012-06-06 19:23:02', '2012-06-06 19:23:03', '', 21, 7604449, 14, 36, 332, NULL);
INSERT INTO `engine_photo` VALUES(689, 'http://media.getchute.com/media/vUgojfhs/200x200', 'http://media.getchute.com/media/vUgojfhs/200x200', '', NULL, NULL, 1, '2012-06-06 19:23:02', '2012-06-06 19:23:02', '2012-06-06 19:23:02', NULL, NULL, 7604448, NULL, NULL, NULL, NULL);
INSERT INTO `engine_photo` VALUES(690, 'http://media.getchute.com/media/vUgojfhs', 'http://media.getchute.com/media/vUgojfhs', '', NULL, 689, 0, '2012-06-06 19:23:02', '2012-06-06 19:23:02', '2012-06-06 19:23:03', '', 21, 7604448, 14, 36, 332, NULL);
INSERT INTO `engine_photo` VALUES(691, 'http://media.getchute.com/media/vUqMlqty/200x200', 'http://media.getchute.com/media/vUqMlqty/200x200', '', NULL, NULL, 1, '2012-06-06 19:28:50', '2012-06-06 19:28:50', '2012-06-06 19:28:50', NULL, NULL, 7605092, NULL, NULL, NULL, NULL);
INSERT INTO `engine_photo` VALUES(692, 'http://media.getchute.com/media/vUqMlqty', 'http://media.getchute.com/media/vUqMlqty', '', NULL, 691, 0, '2012-06-06 19:28:50', '2012-06-06 19:28:50', '2012-06-06 19:28:52', '', 21, 7605092, 14, 36, 333, NULL);
INSERT INTO `engine_photo` VALUES(693, 'http://media.getchute.com/media/vUqNvwmu/200x200', 'http://media.getchute.com/media/vUqNvwmu/200x200', '', NULL, NULL, 1, '2012-06-06 19:28:50', '2012-06-06 19:28:50', '2012-06-06 19:28:50', NULL, NULL, 7605093, NULL, NULL, NULL, NULL);
INSERT INTO `engine_photo` VALUES(695, 'http://media.getchute.com/media/vUqPtirp/200x200', 'http://media.getchute.com/media/vUqPtirp/200x200', '', NULL, NULL, 1, '2012-06-06 19:28:50', '2012-06-06 19:28:50', '2012-06-06 19:28:50', NULL, NULL, 7605095, NULL, NULL, NULL, NULL);
INSERT INTO `engine_photo` VALUES(697, 'http://media.getchute.com/media/wBhbjyfs/200x200', 'http://media.getchute.com/media/wBhbjyfs/200x200', '', NULL, NULL, 1, '2012-06-07 18:52:07', '2012-06-07 18:52:07', '2012-06-07 18:52:07', NULL, NULL, 7769789, NULL, NULL, NULL, NULL);
INSERT INTO `engine_photo` VALUES(698, 'http://media.getchute.com/media/wBhbjyfs', 'http://media.getchute.com/media/wBhbjyfs', '', NULL, 697, 0, '2012-06-07 18:52:07', '2012-06-07 18:52:07', '2012-06-07 19:51:04', 'nyan2345', 21, 7769789, 14, 36, 334, NULL);
INSERT INTO `engine_photo` VALUES(699, 'http://media.getchute.com/media/wTqAzvwl/200x200', 'http://media.getchute.com/media/wTqAzvwl/200x200', '', NULL, NULL, 1, '2012-06-08 04:59:37', '2012-06-08 04:59:37', '2012-06-08 04:59:37', NULL, NULL, 7839564, NULL, NULL, NULL, NULL);
INSERT INTO `engine_photo` VALUES(701, 'http://media.getchute.com/media/wTqBhcse/200x200', 'http://media.getchute.com/media/wTqBhcse/200x200', '', NULL, NULL, 1, '2012-06-08 04:59:37', '2012-06-08 04:59:37', '2012-06-08 04:59:37', NULL, NULL, 7839565, NULL, NULL, NULL, NULL);
INSERT INTO `engine_photo` VALUES(703, 'http://media.getchute.com/media/wTs1jfhm/200x200', 'http://media.getchute.com/media/wTs1jfhm/200x200', '', NULL, NULL, 1, '2012-06-08 05:00:48', '2012-06-08 05:00:48', '2012-06-08 05:00:48', NULL, NULL, 7839653, NULL, NULL, NULL, NULL);
INSERT INTO `engine_photo` VALUES(704, 'http://media.getchute.com/media/wTs1jfhm', 'http://media.getchute.com/media/wTs1jfhm', '', NULL, 703, 0, '2012-06-08 05:00:48', '2012-06-08 05:00:48', '2012-06-08 05:00:49', '', 21, 7839653, 14, 36, 336, NULL);
INSERT INTO `engine_photo` VALUES(705, 'http://media.getchute.com/media/wTs2temk/200x200', 'http://media.getchute.com/media/wTs2temk/200x200', '', NULL, NULL, 1, '2012-06-08 05:00:48', '2012-06-08 05:00:48', '2012-06-08 05:00:48', NULL, NULL, 7839654, NULL, NULL, NULL, NULL);
INSERT INTO `engine_photo` VALUES(707, 'http://media.getchute.com/media/wTs3dfnb/200x200', 'http://media.getchute.com/media/wTs3dfnb/200x200', '', NULL, NULL, 1, '2012-06-08 05:00:48', '2012-06-08 05:00:48', '2012-06-08 05:00:48', NULL, NULL, 7839655, NULL, NULL, NULL, NULL);
INSERT INTO `engine_photo` VALUES(708, 'http://media.getchute.com/media/wTs3dfnb', 'http://media.getchute.com/media/wTs3dfnb', '', NULL, 707, 0, '2012-06-08 05:00:48', '2012-06-08 05:00:48', '2012-06-08 05:00:49', '', 21, 7839655, 14, 36, 336, NULL);
INSERT INTO `engine_photo` VALUES(709, 'http://media.getchute.com/media/wTsEdqbu/200x200', 'http://media.getchute.com/media/wTsEdqbu/200x200', '', NULL, NULL, 1, '2012-06-08 05:01:26', '2012-06-08 05:01:26', '2012-06-08 05:01:26', NULL, NULL, 7839692, NULL, NULL, NULL, NULL);
INSERT INTO `engine_photo` VALUES(710, 'http://media.getchute.com/media/wTsEdqbu', 'http://media.getchute.com/media/wTsEdqbu', '', NULL, 709, 0, '2012-06-08 05:01:26', '2012-06-08 05:01:26', '2012-06-08 05:01:28', '', 21, 7839692, 14, 36, 337, NULL);
INSERT INTO `engine_photo` VALUES(711, 'http://media.getchute.com/media/wTuYgrcm/200x200', 'http://media.getchute.com/media/wTuYgrcm/200x200', '', NULL, NULL, 1, '2012-06-08 05:01:51', '2012-06-08 05:01:51', '2012-06-08 05:01:51', NULL, NULL, 7839836, NULL, NULL, NULL, NULL);
INSERT INTO `engine_photo` VALUES(712, 'gregbrady.jpg', 'uploads/gregbrady.jpg', '', NULL, 713, 0, '2012-06-09 02:19:01', '2012-06-09 02:19:01', '2012-06-09 02:19:01', NULL, 66, NULL, NULL, NULL, NULL, NULL);
INSERT INTO `engine_photo` VALUES(713, 'gregbrady_thumb_200x200.jpg', 'uploads/gregbrady_thumb_200x200.jpg', '', NULL, NULL, 1, '2012-06-09 02:19:01', '2012-06-09 02:19:01', '2012-06-09 02:19:01', NULL, NULL, NULL, NULL, NULL, NULL, NULL);
INSERT INTO `engine_photo` VALUES(714, 'http://media.getchute.com/media/y42Dywge/200x200', 'http://media.getchute.com/media/y42Dywge/200x200', '', NULL, NULL, 1, '2012-06-09 18:41:09', '2012-06-09 18:41:09', '2012-06-09 18:41:09', NULL, NULL, 8118691, NULL, NULL, NULL, NULL);
INSERT INTO `engine_photo` VALUES(715, 'http://media.getchute.com/media/y42Dywge', 'http://media.getchute.com/media/y42Dywge', '', NULL, 714, 0, '2012-06-09 18:41:09', '2012-06-09 18:41:09', '2012-06-09 18:41:10', '', 21, 8118691, 2, 11, 339, NULL);
INSERT INTO `engine_photo` VALUES(716, 'http://media.getchute.com/media/y42Fmbrc/200x200', 'http://media.getchute.com/media/y42Fmbrc/200x200', '', NULL, NULL, 1, '2012-06-09 18:41:09', '2012-06-09 18:41:09', '2012-06-09 18:41:09', NULL, NULL, 8118693, NULL, NULL, NULL, NULL);
INSERT INTO `engine_photo` VALUES(717, 'http://media.getchute.com/media/y42Ecpvd/200x200', 'http://media.getchute.com/media/y42Ecpvd/200x200', '', NULL, NULL, 1, '2012-06-09 18:41:09', '2012-06-09 18:41:09', '2012-06-09 18:41:09', NULL, NULL, 8118692, NULL, NULL, NULL, NULL);
INSERT INTO `engine_photo` VALUES(718, 'http://media.getchute.com/media/y42Fmbrc', 'http://media.getchute.com/media/y42Fmbrc', '', NULL, 716, 0, '2012-06-09 18:41:09', '2012-06-09 18:41:09', '2012-06-09 18:41:10', '', 21, 8118693, 2, 11, 339, NULL);
INSERT INTO `engine_photo` VALUES(720, 'http://media.getchute.com/media/y4Iamzlt/200x200', 'http://media.getchute.com/media/y4Iamzlt/200x200', '', NULL, NULL, 1, '2012-06-09 19:01:26', '2012-06-09 19:01:26', '2012-06-09 19:01:26', NULL, NULL, 8121266, NULL, NULL, NULL, NULL);
INSERT INTO `engine_photo` VALUES(722, 'http://media.getchute.com/media/y4Kqnpev/200x200', 'http://media.getchute.com/media/y4Kqnpev/200x200', '', NULL, NULL, 1, '2012-06-09 19:03:23', '2012-06-09 19:03:23', '2012-06-09 19:03:23', NULL, NULL, 8121406, NULL, NULL, NULL, NULL);
INSERT INTO `engine_photo` VALUES(724, 'http://media.getchute.com/media/y5Xghokm/200x200', 'http://media.getchute.com/media/y5Xghokm/200x200', '', NULL, NULL, 1, '2012-06-09 19:40:10', '2012-06-09 19:40:10', '2012-06-09 19:40:10', NULL, NULL, 8126046, NULL, NULL, NULL, NULL);
INSERT INTO `engine_photo` VALUES(725, 'http://media.getchute.com/media/y5Xghokm', 'http://media.getchute.com/media/y5Xghokm', '', NULL, 724, 0, '2012-06-09 19:40:10', '2012-06-09 19:40:10', '2012-06-09 19:40:12', '', 21, 8126046, 2, 11, 342, NULL);
INSERT INTO `engine_photo` VALUES(726, 'http://media.getchute.com/media/y5Xiolxr/200x200', 'http://media.getchute.com/media/y5Xiolxr/200x200', '', NULL, NULL, 1, '2012-06-09 19:40:10', '2012-06-09 19:40:10', '2012-06-09 19:40:10', NULL, NULL, 8126048, NULL, NULL, NULL, NULL);
INSERT INTO `engine_photo` VALUES(727, 'http://media.getchute.com/media/y5Xhmoqp/200x200', 'http://media.getchute.com/media/y5Xhmoqp/200x200', '', NULL, NULL, 1, '2012-06-09 19:40:10', '2012-06-09 19:40:10', '2012-06-09 19:40:10', NULL, NULL, 8126047, NULL, NULL, NULL, NULL);
INSERT INTO `engine_photo` VALUES(730, 'http://media.getchute.com/media/y653qotm/200x200', 'http://media.getchute.com/media/y653qotm/200x200', '', NULL, NULL, 1, '2012-06-09 19:43:30', '2012-06-09 19:43:30', '2012-06-09 19:43:30', NULL, NULL, 8126529, NULL, NULL, NULL, NULL);
INSERT INTO `engine_photo` VALUES(732, 'http://media.getchute.com/media/y65rvdgf/200x200', 'http://media.getchute.com/media/y65rvdgf/200x200', '', NULL, NULL, 1, '2012-06-09 19:43:55', '2012-06-09 19:43:55', '2012-06-09 19:43:55', NULL, NULL, 8126553, NULL, NULL, NULL, NULL);
INSERT INTO `engine_photo` VALUES(734, 'http://media.getchute.com/media/y65snlou/200x200', 'http://media.getchute.com/media/y65snlou/200x200', '', NULL, NULL, 1, '2012-06-09 19:43:55', '2012-06-09 19:43:55', '2012-06-09 19:43:55', NULL, NULL, 8126554, NULL, NULL, NULL, NULL);
INSERT INTO `engine_photo` VALUES(736, 'http://media.getchute.com/media/y6lUucfy/200x200', 'http://media.getchute.com/media/y6lUucfy/200x200', '', NULL, NULL, 1, '2012-06-09 19:52:32', '2012-06-09 19:52:32', '2012-06-09 19:52:32', NULL, NULL, 8127574, NULL, NULL, NULL, NULL);
INSERT INTO `engine_photo` VALUES(738, 'http://media.getchute.com/media/y6tHkwjd/200x200', 'http://media.getchute.com/media/y6tHkwjd/200x200', '', NULL, NULL, 1, '2012-06-09 19:56:15', '2012-06-09 19:56:15', '2012-06-09 19:56:15', NULL, NULL, 8128057, NULL, NULL, NULL, NULL);
INSERT INTO `engine_photo` VALUES(740, 'http://media.getchute.com/media/y6xslptu/200x200', 'http://media.getchute.com/media/y6xslptu/200x200', '', NULL, NULL, 1, '2012-06-09 19:57:51', '2012-06-09 19:57:51', '2012-06-09 19:57:51', NULL, NULL, 8128290, NULL, NULL, NULL, NULL);
INSERT INTO `engine_photo` VALUES(741, 'http://media.getchute.com/media/y6xslptu', 'http://media.getchute.com/media/y6xslptu', '', NULL, 740, 0, '2012-06-09 19:57:51', '2012-06-09 19:57:51', '2012-06-09 19:57:57', '', 21, 8128290, 2, 11, 347, NULL);
INSERT INTO `engine_photo` VALUES(742, 'http://media.getchute.com/media/y6xuvxec/200x200', 'http://media.getchute.com/media/y6xuvxec/200x200', '', NULL, NULL, 1, '2012-06-09 19:57:51', '2012-06-09 19:57:51', '2012-06-09 19:57:51', NULL, NULL, 8128292, NULL, NULL, NULL, NULL);
INSERT INTO `engine_photo` VALUES(744, 'http://media.getchute.com/media/y6xtygdk/200x200', 'http://media.getchute.com/media/y6xtygdk/200x200', '', NULL, NULL, 1, '2012-06-09 19:57:51', '2012-06-09 19:57:51', '2012-06-09 19:57:51', NULL, NULL, 8128291, NULL, NULL, NULL, NULL);
INSERT INTO `engine_photo` VALUES(746, 'http://media.getchute.com/media/y6RMueds/200x200', 'http://media.getchute.com/media/y6RMueds/200x200', '', NULL, NULL, 1, '2012-06-09 20:07:33', '2012-06-09 20:07:33', '2012-06-09 20:07:33', NULL, NULL, 8129550, NULL, NULL, NULL, NULL);
INSERT INTO `engine_photo` VALUES(747, 'http://media.getchute.com/media/y6RMueds', 'http://media.getchute.com/media/y6RMueds', '', NULL, 746, 0, '2012-06-09 20:07:33', '2012-06-09 20:07:33', '2012-06-09 20:07:33', '', 21, 8129550, 2, 11, NULL, NULL);
INSERT INTO `engine_photo` VALUES(748, 'http://media.getchute.com/media/y6ROdrxt/200x200', 'http://media.getchute.com/media/y6ROdrxt/200x200', '', NULL, NULL, 1, '2012-06-09 20:07:33', '2012-06-09 20:07:33', '2012-06-09 20:07:33', NULL, NULL, 8129552, NULL, NULL, NULL, NULL);
INSERT INTO `engine_photo` VALUES(749, 'http://media.getchute.com/media/y6ROdrxt', 'http://media.getchute.com/media/y6ROdrxt', '', NULL, 748, 0, '2012-06-09 20:07:33', '2012-06-09 20:07:33', '2012-06-09 20:07:33', '', 21, 8129552, 2, 11, NULL, NULL);
INSERT INTO `engine_photo` VALUES(750, 'http://media.getchute.com/media/y6RNdaht/200x200', 'http://media.getchute.com/media/y6RNdaht/200x200', '', NULL, NULL, 1, '2012-06-09 20:07:33', '2012-06-09 20:07:33', '2012-06-09 20:07:33', NULL, NULL, 8129551, NULL, NULL, NULL, NULL);
INSERT INTO `engine_photo` VALUES(751, 'http://media.getchute.com/media/y6RNdaht', 'http://media.getchute.com/media/y6RNdaht', '', NULL, 750, 0, '2012-06-09 20:07:33', '2012-06-09 20:07:33', '2012-06-09 20:07:33', '', 21, 8129551, 2, 11, NULL, NULL);
INSERT INTO `engine_photo` VALUES(752, 'http://media.getchute.com/media/y6Utpjdb/200x200', 'http://media.getchute.com/media/y6Utpjdb/200x200', '', NULL, NULL, 1, '2012-06-09 20:09:08', '2012-06-09 20:09:08', '2012-06-09 20:09:08', NULL, NULL, 8129717, NULL, NULL, NULL, NULL);
INSERT INTO `engine_photo` VALUES(753, 'http://media.getchute.com/media/y6Utpjdb', 'http://media.getchute.com/media/y6Utpjdb', '', NULL, 752, 0, '2012-06-09 20:09:08', '2012-06-09 20:09:08', '2012-06-09 20:09:08', '', 21, 8129717, 2, 11, NULL, NULL);
INSERT INTO `engine_photo` VALUES(754, 'http://media.getchute.com/media/y6Uukofd/200x200', 'http://media.getchute.com/media/y6Uukofd/200x200', '', NULL, NULL, 1, '2012-06-09 20:09:08', '2012-06-09 20:09:08', '2012-06-09 20:09:08', NULL, NULL, 8129718, NULL, NULL, NULL, NULL);
INSERT INTO `engine_photo` VALUES(755, 'http://media.getchute.com/media/y6Uukofd', 'http://media.getchute.com/media/y6Uukofd', '', NULL, 754, 0, '2012-06-09 20:09:08', '2012-06-09 20:09:08', '2012-06-09 20:09:08', '', 21, 8129718, 2, 11, NULL, NULL);
INSERT INTO `engine_photo` VALUES(756, 'http://media.getchute.com/media/yaRerixb/200x200', 'http://media.getchute.com/media/yaRerixb/200x200', '', NULL, NULL, 1, '2012-06-09 22:18:44', '2012-06-09 22:18:44', '2012-06-09 22:18:44', NULL, NULL, 8144892, NULL, NULL, NULL, NULL);
INSERT INTO `engine_photo` VALUES(758, 'http://media.getchute.com/media/yaRgwzke/200x200', 'http://media.getchute.com/media/yaRgwzke/200x200', '', NULL, NULL, 1, '2012-06-09 22:18:44', '2012-06-09 22:18:44', '2012-06-09 22:18:44', NULL, NULL, 8144894, NULL, NULL, NULL, NULL);
INSERT INTO `engine_photo` VALUES(760, 'http://media.getchute.com/media/yaRhbide/200x200', 'http://media.getchute.com/media/yaRhbide/200x200', '', NULL, NULL, 1, '2012-06-09 22:18:44', '2012-06-09 22:18:44', '2012-06-09 22:18:44', NULL, NULL, 8144895, NULL, NULL, NULL, NULL);
INSERT INTO `engine_photo` VALUES(761, 'http://media.getchute.com/media/yYigvjes/200x200', 'http://media.getchute.com/media/yYigvjes/200x200', '', NULL, NULL, 1, '2012-06-11 00:17:51', '2012-06-11 00:17:51', '2012-06-11 00:17:51', NULL, NULL, 8334924, NULL, NULL, NULL, NULL);
INSERT INTO `engine_photo` VALUES(762, 'http://media.getchute.com/media/yYigvjes', 'http://media.getchute.com/media/yYigvjes', '', NULL, 761, 0, '2012-06-11 00:17:51', '2012-06-11 00:17:51', '2012-06-11 00:17:55', 'c in a', 21, 8334924, 2, 11, 348, NULL);
INSERT INTO `engine_photo` VALUES(763, 'http://media.getchute.com/media/yYjjkxcr/200x200', 'http://media.getchute.com/media/yYjjkxcr/200x200', '', NULL, NULL, 1, '2012-06-11 00:18:30', '2012-06-11 00:18:30', '2012-06-11 00:18:30', NULL, NULL, 8334989, NULL, NULL, NULL, NULL);
INSERT INTO `engine_photo` VALUES(764, 'http://media.getchute.com/media/yYjjkxcr', 'http://media.getchute.com/media/yYjjkxcr', '', NULL, 763, 0, '2012-06-11 00:18:30', '2012-06-11 00:18:30', '2012-06-11 00:18:42', 'caption check', 21, 8334989, 2, 11, 349, NULL);
INSERT INTO `engine_photo` VALUES(765, 'http://media.getchute.com/media/yYm0dayf/200x200', 'http://media.getchute.com/media/yYm0dayf/200x200', '', NULL, NULL, 1, '2012-06-11 00:20:17', '2012-06-11 00:20:17', '2012-06-11 00:20:17', NULL, NULL, 8335156, NULL, NULL, NULL, NULL);
INSERT INTO `engine_photo` VALUES(766, 'http://media.getchute.com/media/yYm0dayf', 'http://media.getchute.com/media/yYm0dayf', '', NULL, 765, 0, '2012-06-11 00:20:17', '2012-06-11 00:20:17', '2012-06-11 00:20:18', '', 21, 8335156, 2, 11, 350, NULL);
INSERT INTO `engine_photo` VALUES(767, 'http://media.getchute.com/media/yYCcripj/200x200', 'http://media.getchute.com/media/yYCcripj/200x200', '', NULL, NULL, 1, '2012-06-11 00:28:32', '2012-06-11 00:28:32', '2012-06-11 00:28:32', NULL, NULL, 8336160, NULL, NULL, NULL, NULL);
INSERT INTO `engine_photo` VALUES(768, 'http://media.getchute.com/media/yYCcripj', 'http://media.getchute.com/media/yYCcripj', '', NULL, 767, 0, '2012-06-11 00:28:32', '2012-06-11 00:28:32', '2012-06-11 00:28:34', 'Here''s a brady!', 21, 8336160, 2, 11, 351, NULL);
INSERT INTO `engine_photo` VALUES(769, 'gregbrady_1.jpg', 'uploads/gregbrady_1.jpg', '', NULL, 770, 0, '2012-06-11 22:30:30', '2012-06-11 22:30:30', '2012-06-11 22:30:30', NULL, 19, NULL, NULL, NULL, NULL, NULL);
INSERT INTO `engine_photo` VALUES(770, 'gregbrady_1_thumb_200x200.jpg', 'uploads/gregbrady_1_thumb_200x200.jpg', '', NULL, NULL, 1, '2012-06-11 22:30:30', '2012-06-11 22:30:30', '2012-06-11 22:30:30', NULL, NULL, NULL, NULL, NULL, NULL, NULL);
INSERT INTO `engine_photo` VALUES(771, 'janbrady.jpg', 'uploads/janbrady.jpg', '', NULL, 772, 0, '2012-06-11 22:30:44', '2012-06-11 22:30:44', '2012-06-11 22:30:44', NULL, 184, NULL, NULL, NULL, NULL, NULL);
INSERT INTO `engine_photo` VALUES(772, 'janbrady_thumb_200x200.jpg', 'uploads/janbrady_thumb_200x200.jpg', '', NULL, NULL, 1, '2012-06-11 22:30:44', '2012-06-11 22:30:44', '2012-06-11 22:30:44', NULL, NULL, NULL, NULL, NULL, NULL, NULL);
INSERT INTO `engine_photo` VALUES(773, 'marciabrady.jpg', 'uploads/marciabrady.jpg', '', NULL, 774, 0, '2012-06-11 22:31:07', '2012-06-11 22:31:07', '2012-06-11 22:31:07', NULL, 183, NULL, NULL, NULL, NULL, NULL);
INSERT INTO `engine_photo` VALUES(774, 'marciabrady_thumb_200x200.jpg', 'uploads/marciabrady_thumb_200x200.jpg', '', NULL, NULL, 1, '2012-06-11 22:31:07', '2012-06-11 22:31:07', '2012-06-11 22:31:07', NULL, NULL, NULL, NULL, NULL, NULL, NULL);

-- --------------------------------------------------------

--
-- Table structure for table `family_family`
--

DROP TABLE IF EXISTS `family_family`;
CREATE TABLE `family_family` (
  `id` int(11) NOT NULL AUTO_INCREMENT,
  `name` varchar(255) DEFAULT NULL,
  `creator_profile_id` int(11) DEFAULT NULL,
  `date_created` datetime NOT NULL,
  `claim_code` varchar(32) DEFAULT NULL,
  `route_id` int(11) DEFAULT NULL,
  `email_shortname` varchar(64) DEFAULT NULL,
  PRIMARY KEY (`id`),
  UNIQUE KEY `family_family_email_shortname_uniq` (`email_shortname`),
  KEY `engine_family_52094d6e` (`name`),
  KEY `engine_family_766d704d` (`creator_profile_id`),
  KEY `engine_family_2b783fbf` (`claim_code`),
  KEY `engine_family_4fe3422a` (`route_id`),
  KEY `family_family_2a52ca46` (`email_shortname`)
) ENGINE=InnoDB  DEFAULT CHARSET=utf8 AUTO_INCREMENT=61 ;

--
-- Dumping data for table `family_family`
--

INSERT INTO `family_family` VALUES(9, 'The Mehta Family', 19, '2012-02-22 14:26:00', 'URtLxKPV47612633', NULL, NULL);
INSERT INTO `family_family` VALUES(11, 'The Mehta Family', 46, '2012-02-24 09:14:39', 'opIMWhFe39356667', NULL, 'boob');
INSERT INTO `family_family` VALUES(12, 'The Test Family', 47, '2012-02-24 12:09:35', 'xPDCmRee67321898', NULL, NULL);
INSERT INTO `family_family` VALUES(13, 'The  Family', 57, '2012-02-26 17:14:53', 'SFlIoSRh31219717', NULL, NULL);
INSERT INTO `family_family` VALUES(14, 'The Landry Family', 66, '2012-02-26 23:18:09', 'oUJUkgXg18882995', NULL, NULL);
INSERT INTO `family_family` VALUES(15, NULL, NULL, '2012-02-28 22:07:08', 'uZNu0247', NULL, NULL);
INSERT INTO `family_family` VALUES(16, 'The Mehta Family', 71, '2012-03-01 02:16:09', 'LhNMDAww60526346', NULL, NULL);
INSERT INTO `family_family` VALUES(17, 'The Mehta Family', 71, '2012-03-03 02:32:17', 'ePSwwvGj38590060', NULL, NULL);
INSERT INTO `family_family` VALUES(18, 'The Zeeee Family', 89, '2012-03-05 12:54:33', 'epBUILnM49365623', NULL, NULL);
INSERT INTO `family_family` VALUES(19, 'The Mehta Family', 71, '2012-03-06 12:55:44', 'kOLHhCcs91919729', NULL, NULL);
INSERT INTO `family_family` VALUES(20, 'The Zeeee Family', 89, '2012-03-06 14:12:55', 'UNhUsEeT69975027', NULL, NULL);
INSERT INTO `family_family` VALUES(22, 'The HQ Family', 112, '2012-03-09 12:49:08', 'uWXozzfF58257425', NULL, NULL);
INSERT INTO `family_family` VALUES(25, 'The Ren Familiy', 121, '2012-03-17 16:11:05', 'ZJrTXNLr56756198', NULL, NULL);
INSERT INTO `family_family` VALUES(36, 'The Zhao Family', 21, '2012-03-18 21:36:43', 'nUXyRtLe71967317', 5, 'boob3234');
INSERT INTO `family_family` VALUES(37, 'The Mehta Family', 19, '2012-03-20 02:44:18', 'aIsIOEgA94194184', NULL, NULL);
INSERT INTO `family_family` VALUES(39, 'The Sharma Family', 135, '2012-03-21 08:51:10', 'SQNzDMVK98558043', NULL, NULL);
INSERT INTO `family_family` VALUES(40, 'The Miller Family', 136, '2012-03-21 14:53:32', 'yFgKqpmI31790091', NULL, NULL);
INSERT INTO `family_family` VALUES(41, 'asdf', 19, '2012-03-23 05:06:47', 'KtTyiAeB47530450', NULL, NULL);
INSERT INTO `family_family` VALUES(42, 'The Mehtboob Family', 137, '2012-03-26 02:09:42', 'YXhEIfeM14414755', NULL, NULL);
INSERT INTO `family_family` VALUES(43, 'The Miller Family', 139, '2012-03-30 18:26:22', 'imzcEJdH96452552', NULL, NULL);
INSERT INTO `family_family` VALUES(44, 'LOL', 139, '2012-03-30 22:12:47', 'VbZjSLhV62087115', NULL, NULL);
INSERT INTO `family_family` VALUES(45, '', 139, '2012-04-04 23:12:00', 'JIDGwWaC22259393', NULL, NULL);
INSERT INTO `family_family` VALUES(46, 'The Last Family', 140, '2012-04-05 16:31:52', 'tYFPrTWG06306440', NULL, NULL);
INSERT INTO `family_family` VALUES(47, 'The Last Family', 141, '2012-04-05 16:32:18', 'VTUwRCFH50963710', NULL, NULL);
INSERT INTO `family_family` VALUES(48, 'The Me Family', 142, '2012-04-05 23:54:51', 'MFeOExbV19900187', NULL, NULL);
INSERT INTO `family_family` VALUES(49, 'The Zhao Family', 144, '2012-04-11 02:01:56', 'zIyOfauG92945301', NULL, NULL);
INSERT INTO `family_family` VALUES(53, 'The Post Family', 19, '2012-04-25 15:47:17', 'QiDrrOLE03066957', NULL, NULL);
INSERT INTO `family_family` VALUES(54, 'The Post Family', 19, '2012-04-25 15:51:00', 'oanqmxns03824853', NULL, NULL);
INSERT INTO `family_family` VALUES(55, 'wesley', 19, '2012-04-25 15:57:46', 'UAqTsDnQ64731716', NULL, NULL);
INSERT INTO `family_family` VALUES(56, 'wesley', 19, '2012-04-25 15:58:08', 'zYMtcwbq68153092', NULL, NULL);
INSERT INTO `family_family` VALUES(57, 'wesley', 19, '2012-04-25 16:06:04', 'piCEUCdf99550862', NULL, NULL);
INSERT INTO `family_family` VALUES(58, 'da new fam', 21, '2012-05-29 23:27:16', 'XSjvYZcw46600962', NULL, 'bob');
INSERT INTO `family_family` VALUES(60, 'The  Family', 174, '2012-06-04 16:39:33', 'PvhArqvT41525575', NULL, NULL);

-- --------------------------------------------------------

--
-- Table structure for table `family_familymemberrelationship`
--

DROP TABLE IF EXISTS `family_familymemberrelationship`;
CREATE TABLE `family_familymemberrelationship` (
  `id` int(11) NOT NULL AUTO_INCREMENT,
  `family_id` int(11) NOT NULL,
  `member_id` int(11) NOT NULL,
  `added_by_user_id` int(11) DEFAULT NULL,
  `date_created` datetime NOT NULL,
  `admin_status` int(11) NOT NULL,
  `admin_approved` tinyint(1) NOT NULL,
  `additional_message` longtext,
  `admin_ignored` tinyint(1) NOT NULL,
  `claim_code` varchar(20) DEFAULT NULL,
  PRIMARY KEY (`id`),
  KEY `engine_familymemberrelationship_330df8aa` (`family_id`),
  KEY `engine_familymemberrelationship_56e38b98` (`member_id`),
  KEY `engine_familymemberrelationship_2882fe89` (`added_by_user_id`),
  KEY `engine_familymemberrelationship_5390a3f9` (`admin_status`),
  KEY `engine_familymemberrelationship_2b783fbf` (`claim_code`)
) ENGINE=InnoDB  DEFAULT CHARSET=utf8 AUTO_INCREMENT=262 ;

--
-- Dumping data for table `family_familymemberrelationship`
--

INSERT INTO `family_familymemberrelationship` VALUES(14, 9, 19, 20, '2012-02-22 14:26:00', 0, 1, NULL, 0, 'ZguUaLOo28676149');
INSERT INTO `family_familymemberrelationship` VALUES(44, 11, 19, 47, '2012-02-24 09:15:07', 9, 1, NULL, 0, 'nfamcXRj71062836');
INSERT INTO `family_familymemberrelationship` VALUES(45, 12, 47, 48, '2012-02-24 12:09:37', 0, 1, NULL, 0, 'oozIclvc60802653');
INSERT INTO `family_familymemberrelationship` VALUES(57, 13, 57, 58, '2012-02-26 17:14:53', 0, 1, NULL, 0, 'tPLTshWG51503277');
INSERT INTO `family_familymemberrelationship` VALUES(68, 11, 61, 20, '2012-02-26 23:02:55', 9, 1, NULL, 0, 'vNuHIJmk56179838');
INSERT INTO `family_familymemberrelationship` VALUES(70, 11, 65, 20, '2012-02-26 23:05:20', 9, 1, NULL, 0, 'ZoMXZKsL70653164');
INSERT INTO `family_familymemberrelationship` VALUES(71, 11, 21, 20, '2012-02-26 23:08:28', 0, 1, NULL, 0, 'XBThHyOX72919344');
INSERT INTO `family_familymemberrelationship` VALUES(74, 14, 66, 67, '2012-02-26 23:18:09', 0, 1, NULL, 0, 'GSKyhxjl08158526');
INSERT INTO `family_familymemberrelationship` VALUES(75, 14, 21, 67, '2012-02-26 23:18:44', 9, 1, NULL, 0, 'TnnyAaxI93858855');
INSERT INTO `family_familymemberrelationship` VALUES(76, 11, 67, 20, '2012-02-27 00:27:51', 9, 1, NULL, 0, 'cNTGdwZd52871049');
INSERT INTO `family_familymemberrelationship` VALUES(81, 16, 71, 72, '2012-03-01 02:16:10', 0, 1, NULL, 0, 'TbLntfep89708411');
INSERT INTO `family_familymemberrelationship` VALUES(82, 9, 74, 20, '2012-03-01 15:05:23', 9, 1, NULL, 0, 'vzbQeMWc80046429');
INSERT INTO `family_familymemberrelationship` VALUES(92, 16, 83, 72, '2012-03-03 02:10:21', 9, 1, NULL, 0, 'KyBHCGBV22451510');
INSERT INTO `family_familymemberrelationship` VALUES(93, 17, 71, 72, '2012-03-03 02:32:18', 0, 1, NULL, 0, 'LwfChELr12823649');
INSERT INTO `family_familymemberrelationship` VALUES(97, 18, 89, 90, '2012-03-05 12:54:33', 0, 1, NULL, 0, 'AKoVQCxY60949307');
INSERT INTO `family_familymemberrelationship` VALUES(99, 18, 91, 91, '2012-03-05 16:51:02', 9, 1, 'Hey, you should join our family on Weave!', 0, 'gWBxXBbN71619243');
INSERT INTO `family_familymemberrelationship` VALUES(101, 18, 90, 91, '2012-03-05 18:09:43', 9, 1, NULL, 0, 'uoQxbsKd76769760');
INSERT INTO `family_familymemberrelationship` VALUES(105, 18, 99, 99, '2012-03-06 02:15:01', 9, 1, 'Hey, you should join our family on Weave!', 0, 'iawCdpVu95020658');
INSERT INTO `family_familymemberrelationship` VALUES(106, 19, 71, 72, '2012-03-06 12:55:44', 0, 1, NULL, 0, 'SfsXWyQe87458647');
INSERT INTO `family_familymemberrelationship` VALUES(110, 20, 89, 90, '2012-03-06 14:12:56', 0, 1, NULL, 0, 'erMfFiiz25827675');
INSERT INTO `family_familymemberrelationship` VALUES(119, 19, 111, 72, '2012-03-08 02:17:41', 9, 1, NULL, 0, 'ZWiHDfYB67654521');
INSERT INTO `family_familymemberrelationship` VALUES(121, 22, 112, 113, '2012-03-09 12:49:09', 0, 1, NULL, 0, 'XgClSzMK68515320');
INSERT INTO `family_familymemberrelationship` VALUES(122, 22, 113, 113, '2012-03-09 16:56:08', 9, 1, NULL, 0, 'bwkMZYRs44463715');
INSERT INTO `family_familymemberrelationship` VALUES(123, 22, 114, 113, '2012-03-09 16:58:30', 9, 1, NULL, 0, 'dMxolxbr84598615');
INSERT INTO `family_familymemberrelationship` VALUES(124, 22, 115, 113, '2012-03-09 16:59:17', 9, 1, NULL, 0, 'PiQFKTUX89203110');
INSERT INTO `family_familymemberrelationship` VALUES(125, 22, 116, 113, '2012-03-09 17:00:02', 9, 1, NULL, 0, 'NassgLiz24298131');
INSERT INTO `family_familymemberrelationship` VALUES(137, 9, 120, 20, '2012-03-17 13:19:52', 9, 1, NULL, 0, 'kgcoKgcD28723756');
INSERT INTO `family_familymemberrelationship` VALUES(138, 25, 121, 122, '2012-03-17 16:11:05', 0, 1, NULL, 0, 'aBLOOfPw50537231');
INSERT INTO `family_familymemberrelationship` VALUES(149, 36, 21, 22, '2012-03-18 21:36:44', 0, 1, NULL, 0, 'UIaLIaqZ33045934');
INSERT INTO `family_familymemberrelationship` VALUES(156, 11, 125, 22, '2012-03-19 15:56:56', 9, 0, 'Hey, you should join our family on FamilyLeaf!', 1, 'gghzlDme72987974');
INSERT INTO `family_familymemberrelationship` VALUES(159, 9, 128, 20, '2012-03-20 02:25:22', 9, 1, NULL, 0, 'qDCiVEzP10385539');
INSERT INTO `family_familymemberrelationship` VALUES(160, 36, 129, 22, '2012-03-20 02:26:30', 9, 1, NULL, 0, 'dKhRwSMn61368748');
INSERT INTO `family_familymemberrelationship` VALUES(161, 37, 19, 20, '2012-03-20 02:44:19', 0, 1, NULL, 0, 'iawVLeAf60236172');
INSERT INTO `family_familymemberrelationship` VALUES(167, 39, 135, 136, '2012-03-21 08:51:10', 0, 1, NULL, 0, 'YqYxlnxz55159741');
INSERT INTO `family_familymemberrelationship` VALUES(168, 40, 136, 137, '2012-03-21 14:53:32', 0, 1, NULL, 0, 'NklovBRr56842728');
INSERT INTO `family_familymemberrelationship` VALUES(169, 41, 19, 20, '2012-03-23 05:06:48', 0, 1, NULL, 0, 'KjoKywMJ30150676');
INSERT INTO `family_familymemberrelationship` VALUES(170, 42, 137, 138, '2012-03-26 02:09:42', 0, 1, NULL, 0, 'WtUmOoeA26912910');
INSERT INTO `family_familymemberrelationship` VALUES(174, 42, 138, 138, '2012-03-26 03:20:08', 9, 1, NULL, 0, 'wLJvycXY18310892');
INSERT INTO `family_familymemberrelationship` VALUES(175, 42, 21, 138, '2012-03-26 03:29:57', 9, 1, 'Hey, you should join our family on FamilyLeaf!', 0, 'YwOPOCPK55307708');
INSERT INTO `family_familymemberrelationship` VALUES(176, 43, 139, 140, '2012-03-30 18:26:22', 0, 1, NULL, 0, 'HWUiZRzO48631662');
INSERT INTO `family_familymemberrelationship` VALUES(177, 44, 139, 140, '2012-03-30 22:12:48', 0, 1, NULL, 0, 'YcyfSFIm84644475');
INSERT INTO `family_familymemberrelationship` VALUES(178, 45, 139, 140, '2012-04-04 23:12:01', 0, 1, NULL, 0, 'UEANflfT35665759');
INSERT INTO `family_familymemberrelationship` VALUES(179, 46, 140, 141, '2012-04-05 16:31:53', 0, 1, NULL, 0, 'sSJbNBui71612114');
INSERT INTO `family_familymemberrelationship` VALUES(180, 47, 141, 142, '2012-04-05 16:32:18', 0, 1, NULL, 0, 'aoXfPGys04255453');
INSERT INTO `family_familymemberrelationship` VALUES(181, 48, 142, 143, '2012-04-05 23:54:52', 0, 1, NULL, 0, 'aXdCaGLH11324386');
INSERT INTO `family_familymemberrelationship` VALUES(183, 49, 144, 145, '2012-04-11 02:01:57', 0, 1, NULL, 0, 'lvTOQEJH38281918');
INSERT INTO `family_familymemberrelationship` VALUES(187, 53, 19, 20, '2012-04-25 15:47:18', 0, 1, NULL, 0, 'dEnXFIZx78169804');
INSERT INTO `family_familymemberrelationship` VALUES(188, 54, 19, 20, '2012-04-25 15:51:00', 0, 1, NULL, 0, 'nNgQBpNl81923786');
INSERT INTO `family_familymemberrelationship` VALUES(189, 55, 19, 20, '2012-04-25 15:57:46', 0, 1, NULL, 0, 'qZVwZnuJ66938634');
INSERT INTO `family_familymemberrelationship` VALUES(190, 56, 19, 20, '2012-04-25 15:58:09', 0, 1, NULL, 0, 'CqklVKlH37631377');
INSERT INTO `family_familymemberrelationship` VALUES(191, 57, 19, 20, '2012-04-25 16:06:05', 0, 1, NULL, 0, 'owCrrTbb96130454');
INSERT INTO `family_familymemberrelationship` VALUES(220, 11, 173, 22, '2012-05-28 19:27:36', 9, 0, 'Hey, you should join our family on FamilyLeaf!', 1, 'HgvVcslr32728957');
INSERT INTO `family_familymemberrelationship` VALUES(241, 58, 21, 22, '2012-05-29 23:27:16', 0, 1, NULL, 0, 'dTBUnjPu39834998');
INSERT INTO `family_familymemberrelationship` VALUES(243, 60, 174, 195, '2012-06-04 16:39:33', 0, 1, NULL, 0, 'XvDnHpdd91784712');
INSERT INTO `family_familymemberrelationship` VALUES(249, 14, 175, 22, '2012-06-07 16:42:27', 9, 0, NULL, 0, 'ioJBCRsW51335674');
INSERT INTO `family_familymemberrelationship` VALUES(250, 14, 176, 22, '2012-06-07 16:42:42', 9, 0, NULL, 0, 'oFbVdcff64398603');
INSERT INTO `family_familymemberrelationship` VALUES(251, 14, 177, 22, '2012-06-07 16:43:14', 9, 0, NULL, 0, 'AMFVMJAm86832469');
INSERT INTO `family_familymemberrelationship` VALUES(252, 14, 178, 22, '2012-06-07 16:53:06', 9, 0, NULL, 0, 'HlErXVHf85983747');
INSERT INTO `family_familymemberrelationship` VALUES(253, 14, 179, 22, '2012-06-07 16:53:31', 9, 0, NULL, 0, 'IvIOZIkV11274888');
INSERT INTO `family_familymemberrelationship` VALUES(254, 14, 180, 22, '2012-06-07 16:59:03', 9, 0, NULL, 0, 'eTxRnGfJ74832737');
INSERT INTO `family_familymemberrelationship` VALUES(255, 14, 181, 22, '2012-06-07 17:00:12', 9, 0, NULL, 0, 'HhdivvWI76696034');
INSERT INTO `family_familymemberrelationship` VALUES(256, 36, 182, 22, '2012-06-07 17:00:34', 9, 1, NULL, 0, 'MgkuIvli01133344');
INSERT INTO `family_familymemberrelationship` VALUES(257, 36, 183, 22, '2012-06-07 17:00:34', 9, 1, NULL, 0, 'rtjFYCQe21750382');
INSERT INTO `family_familymemberrelationship` VALUES(258, 36, 184, 22, '2012-06-07 17:01:25', 9, 1, NULL, 0, 'VFHBxvii15474412');
INSERT INTO `family_familymemberrelationship` VALUES(259, 36, 185, 22, '2012-06-07 17:01:42', 9, 1, NULL, 0, 'NDDwdgWL19463145');
INSERT INTO `family_familymemberrelationship` VALUES(260, 11, 186, 22, '2012-07-08 20:37:48', 9, 1, NULL, 0, 'olftTXsk40195565');
INSERT INTO `family_familymemberrelationship` VALUES(261, 11, 187, 22, '2012-07-08 20:40:45', 9, 1, NULL, 0, 'tZeDVHyO50613255');

-- --------------------------------------------------------

--
-- Table structure for table `family_userprofile`
--

DROP TABLE IF EXISTS `family_userprofile`;
CREATE TABLE `family_userprofile` (
  `id` int(11) NOT NULL AUTO_INCREMENT,
  `user_id` int(11) NOT NULL,
  `gender` varchar(1) DEFAULT NULL,
  `date_registered` datetime NOT NULL,
  `last_change` datetime NOT NULL,
  `is_claimed` tinyint(1) NOT NULL DEFAULT '0',
  `claim_code` varchar(16) DEFAULT NULL,
  `birthday` datetime DEFAULT NULL,
  `fb_id` bigint(20) DEFAULT NULL,
  `access_token` varchar(255) DEFAULT NULL,
  `access_token_updated` datetime DEFAULT NULL,
  `access_token_expires` datetime DEFAULT NULL,
  `profile_photo_id` int(11) DEFAULT NULL,
  `language` varchar(8) DEFAULT NULL,
  `is_subscribed_to_moment_notifications` tinyint(1) NOT NULL,
  `is_subscribed_to_moment_comment_notifications` tinyint(1) NOT NULL,
  `is_subscribed_to_thread_notifications` tinyint(1) NOT NULL,
  `is_subscribed_to_thread_message_notifications` tinyint(1) NOT NULL,
  `from_invite` tinyint(1) NOT NULL,
  `claim_date` datetime,
  `has_tagged` tinyint(1),
  `timezone` varchar(32),
  `is_subscribed_to_weekly_digest_notifications` tinyint(1) NOT NULL,
  `show_onboarding` tinyint(1) NOT NULL,
  PRIMARY KEY (`id`),
  UNIQUE KEY `user_id` (`user_id`),
  KEY `engine_userprofile_2b783fbf` (`claim_code`),
  KEY `engine_userprofile_e357866` (`fb_id`),
  KEY `engine_userprofile_3243fb27` (`profile_photo_id`)
) ENGINE=InnoDB  DEFAULT CHARSET=utf8 AUTO_INCREMENT=188 ;

--
-- Dumping data for table `family_userprofile`
--

INSERT INTO `family_userprofile` VALUES(19, 20, NULL, '2012-02-22 14:25:58', '2012-08-23 08:23:25', 1, 'zyVKVVjX08153558', '1992-07-10 00:00:00', NULL, NULL, NULL, NULL, 769, NULL, 1, 1, 1, 1, 0, NULL, 1, 'America/Los_Angeles', 1, 0);
INSERT INTO `family_userprofile` VALUES(21, 22, NULL, '2012-02-22 14:32:01', '2012-08-07 14:29:47', 1, 'ZkOclDzf52874671', '1992-07-06 00:00:00', 1576770095, 'AAADZAAVYccE8BAFKQ9OzzQgAlSmK2NEc5lj79q96Paq3xOAAY9kOXnxKpVGFelMGZCpklZCguXZCY5OwdsZCllVsXprOyQCPhgTdzGGwIPwZDZD', '2012-03-02 02:19:59', '2012-05-01 03:19:59', 653, 'en', 1, 1, 1, 1, 0, NULL, 1, 'America/Los_Angeles', 1, 1);
INSERT INTO `family_userprofile` VALUES(22, 23, NULL, '2012-02-22 14:32:37', '2012-06-19 20:32:02', 0, 'cVBvozEr95863845', NULL, NULL, NULL, NULL, NULL, NULL, NULL, 1, 1, 1, 1, 0, NULL, NULL, NULL, 1, 1);
INSERT INTO `family_userprofile` VALUES(24, 25, NULL, '2012-02-22 14:37:57', '2012-06-19 20:32:02', 0, 'GTUxgPqW15775471', NULL, NULL, NULL, NULL, NULL, NULL, NULL, 1, 1, 1, 1, 0, NULL, NULL, NULL, 1, 1);
INSERT INTO `family_userprofile` VALUES(45, 46, NULL, '2012-02-24 01:33:06', '2012-06-19 20:32:02', 0, 'tLzREeGg23209954', NULL, NULL, NULL, NULL, NULL, NULL, NULL, 1, 1, 1, 1, 0, NULL, NULL, NULL, 1, 1);
INSERT INTO `family_userprofile` VALUES(46, 47, NULL, '2012-02-24 09:14:37', '2012-06-19 20:32:02', 1, 'HIOVgCFK64539178', NULL, NULL, NULL, NULL, NULL, NULL, NULL, 1, 1, 1, 1, 0, NULL, NULL, NULL, 1, 1);
INSERT INTO `family_userprofile` VALUES(47, 48, NULL, '2012-02-24 12:09:27', '2012-06-19 20:32:02', 1, 'dvqsiJGa86970883', NULL, NULL, NULL, NULL, NULL, NULL, NULL, 1, 1, 1, 1, 0, NULL, NULL, NULL, 1, 1);
INSERT INTO `family_userprofile` VALUES(56, 57, NULL, '2012-02-26 14:28:36', '2012-06-19 20:32:02', 1, 'QlVJwGhj27728971', NULL, NULL, NULL, NULL, NULL, NULL, NULL, 1, 1, 1, 1, 0, NULL, NULL, NULL, 1, 1);
INSERT INTO `family_userprofile` VALUES(57, 58, NULL, '2012-02-26 17:14:51', '2012-06-19 20:32:02', 1, 'iOZIyWYd71380536', NULL, NULL, NULL, NULL, NULL, NULL, NULL, 1, 1, 1, 1, 0, NULL, NULL, NULL, 1, 1);
INSERT INTO `family_userprofile` VALUES(58, 59, NULL, '2012-02-26 20:14:55', '2012-06-19 20:32:02', 0, 'mxiYliIX08547678', NULL, NULL, NULL, NULL, NULL, NULL, NULL, 1, 1, 1, 1, 0, NULL, NULL, NULL, 1, 1);
INSERT INTO `family_userprofile` VALUES(61, 62, NULL, '2012-02-26 22:58:31', '2012-06-19 20:32:02', 0, 'AXTCENJj03137396', '2009-01-03 00:00:00', NULL, NULL, NULL, NULL, 661, NULL, 1, 1, 1, 1, 0, NULL, NULL, NULL, 1, 1);
INSERT INTO `family_userprofile` VALUES(65, 66, NULL, '2012-02-26 23:05:18', '2012-06-19 20:32:02', 0, 'yESLHnjl73175300', '1987-02-02 00:00:00', NULL, NULL, NULL, NULL, 659, NULL, 1, 1, 1, 1, 0, NULL, NULL, NULL, 1, 1);
INSERT INTO `family_userprofile` VALUES(66, 67, NULL, '2012-02-26 23:18:07', '2012-06-19 20:32:02', 1, 'KafjjXvl81016984', NULL, NULL, NULL, NULL, NULL, 712, NULL, 1, 1, 1, 1, 0, NULL, NULL, NULL, 1, 1);
INSERT INTO `family_userprofile` VALUES(67, 68, NULL, '2012-02-27 00:27:49', '2012-06-19 20:32:02', 0, 'CSUcpUis81082721', NULL, NULL, NULL, NULL, NULL, 657, NULL, 1, 1, 1, 1, 0, NULL, NULL, NULL, 1, 1);
INSERT INTO `family_userprofile` VALUES(70, 71, NULL, '2012-02-29 01:55:42', '2012-06-19 20:32:02', 1, 'qNeczrGf55432816', NULL, NULL, NULL, NULL, NULL, NULL, NULL, 1, 1, 1, 1, 0, NULL, NULL, NULL, 1, 1);
INSERT INTO `family_userprofile` VALUES(71, 72, NULL, '2012-03-01 02:16:05', '2012-06-19 20:32:02', 1, 'CPIzgNPw27759568', '1992-07-10 00:00:00', NULL, NULL, NULL, NULL, NULL, NULL, 1, 1, 1, 1, 0, NULL, NULL, NULL, 1, 1);
INSERT INTO `family_userprofile` VALUES(72, 73, NULL, '2012-03-01 03:18:54', '2012-06-19 20:32:02', 0, 'COCfqNeM53771083', NULL, NULL, NULL, NULL, NULL, NULL, NULL, 1, 1, 1, 1, 0, NULL, NULL, NULL, 1, 1);
INSERT INTO `family_userprofile` VALUES(73, 74, NULL, '2012-03-01 03:19:27', '2012-06-19 20:32:02', 0, 'NgtdVMzv72435570', NULL, NULL, NULL, NULL, NULL, NULL, NULL, 1, 1, 1, 1, 0, NULL, NULL, NULL, 1, 1);
INSERT INTO `family_userprofile` VALUES(74, 75, NULL, '2012-03-01 15:05:21', '2012-06-19 20:32:02', 0, 'wIXhzJGu95306191', NULL, NULL, NULL, NULL, NULL, NULL, NULL, 1, 1, 1, 1, 0, NULL, NULL, NULL, 1, 1);
INSERT INTO `family_userprofile` VALUES(75, 76, NULL, '2012-03-01 15:08:53', '2012-06-19 20:32:02', 0, 'tItuwBUR46866244', NULL, NULL, NULL, NULL, NULL, NULL, NULL, 1, 1, 1, 1, 0, NULL, NULL, NULL, 1, 1);
INSERT INTO `family_userprofile` VALUES(76, 77, NULL, '2012-03-01 15:26:22', '2012-06-19 20:32:02', 0, 'vugVREdK49920603', NULL, NULL, NULL, NULL, NULL, NULL, NULL, 1, 1, 1, 1, 0, NULL, NULL, NULL, 1, 1);
INSERT INTO `family_userprofile` VALUES(77, 78, NULL, '2012-03-01 20:55:38', '2012-06-19 20:32:02', 0, 'OshWCoOg06834911', NULL, NULL, NULL, NULL, NULL, NULL, NULL, 1, 1, 1, 1, 0, NULL, NULL, NULL, 1, 1);
INSERT INTO `family_userprofile` VALUES(83, 84, NULL, '2012-03-03 02:10:19', '2012-06-19 20:32:02', 0, 'HUiJxevw61312940', NULL, NULL, NULL, NULL, NULL, NULL, NULL, 1, 1, 1, 1, 0, NULL, NULL, NULL, 1, 1);
INSERT INTO `family_userprofile` VALUES(84, 85, NULL, '2012-03-05 12:27:51', '2012-06-19 20:32:02', 0, 'yQHTDwHh65982843', NULL, NULL, NULL, NULL, NULL, NULL, NULL, 1, 1, 1, 1, 0, NULL, NULL, NULL, 1, 1);
INSERT INTO `family_userprofile` VALUES(85, 86, NULL, '2012-03-05 12:34:45', '2012-06-19 20:32:02', 0, 'cwjeyTau74083990', NULL, NULL, NULL, NULL, NULL, NULL, NULL, 1, 1, 1, 1, 0, NULL, NULL, NULL, 1, 1);
INSERT INTO `family_userprofile` VALUES(86, 87, NULL, '2012-03-05 12:37:33', '2012-06-19 20:32:02', 0, 'pPmbTCQd38132393', NULL, NULL, NULL, NULL, NULL, NULL, NULL, 1, 1, 1, 1, 0, NULL, NULL, NULL, 1, 1);
INSERT INTO `family_userprofile` VALUES(89, 90, NULL, '2012-03-05 12:54:31', '2012-06-19 20:32:02', 1, 'iNeetHxx83495088', '1992-07-06 00:00:00', NULL, NULL, NULL, NULL, NULL, NULL, 1, 1, 1, 1, 0, NULL, NULL, NULL, 1, 1);
INSERT INTO `family_userprofile` VALUES(90, 91, NULL, '2012-03-05 16:23:26', '2012-06-19 20:32:02', 1, 'PbKyAPsH45034290', NULL, NULL, NULL, NULL, NULL, NULL, NULL, 1, 1, 1, 1, 0, NULL, NULL, NULL, 1, 1);
INSERT INTO `family_userprofile` VALUES(91, 92, NULL, '2012-03-05 16:50:59', '2012-06-19 20:32:02', 0, 'anpXECkC81866474', NULL, NULL, NULL, NULL, NULL, NULL, NULL, 1, 1, 1, 1, 0, NULL, NULL, NULL, 1, 1);
INSERT INTO `family_userprofile` VALUES(93, 94, NULL, '2012-03-05 22:19:43', '2012-06-19 20:32:02', 0, 'bqaFSVgp48024707', NULL, NULL, NULL, NULL, NULL, NULL, NULL, 1, 1, 1, 1, 0, NULL, NULL, NULL, 1, 1);
INSERT INTO `family_userprofile` VALUES(94, 95, NULL, '2012-03-05 22:21:31', '2012-06-19 20:32:02', 0, 'xFgNMkBu44835107', NULL, NULL, NULL, NULL, NULL, NULL, NULL, 1, 1, 1, 1, 0, NULL, NULL, NULL, 1, 1);
INSERT INTO `family_userprofile` VALUES(95, 96, NULL, '2012-03-05 22:23:33', '2012-06-19 20:32:02', 0, 'kklcUtWS75008454', NULL, NULL, NULL, NULL, NULL, NULL, NULL, 1, 1, 1, 1, 0, NULL, NULL, NULL, 1, 1);
INSERT INTO `family_userprofile` VALUES(98, 99, NULL, '2012-03-06 02:11:06', '2012-06-19 20:32:02', 1, 'wDHvUynT33730717', NULL, NULL, NULL, NULL, NULL, NULL, NULL, 1, 1, 1, 1, 0, NULL, NULL, NULL, 1, 1);
INSERT INTO `family_userprofile` VALUES(99, 100, NULL, '2012-03-06 02:14:59', '2012-06-19 20:32:02', 0, 'RlPHNBbN81304247', NULL, NULL, NULL, NULL, NULL, NULL, NULL, 1, 1, 1, 1, 0, NULL, NULL, NULL, 1, 1);
INSERT INTO `family_userprofile` VALUES(111, 112, NULL, '2012-03-08 02:17:38', '2012-06-19 20:32:02', 0, 'hlLLiSMC04441376', NULL, NULL, NULL, NULL, NULL, NULL, NULL, 1, 1, 1, 1, 0, NULL, NULL, NULL, 1, 1);
INSERT INTO `family_userprofile` VALUES(112, 113, NULL, '2012-03-09 12:49:03', '2012-06-19 20:32:02', 1, 'idtAzvOt85719389', NULL, NULL, NULL, NULL, NULL, NULL, NULL, 1, 1, 1, 1, 0, NULL, NULL, NULL, 1, 1);
INSERT INTO `family_userprofile` VALUES(113, 114, NULL, '2012-03-09 16:56:06', '2012-06-19 20:32:02', 0, 'nqdadjhC78170219', NULL, NULL, NULL, NULL, NULL, NULL, NULL, 1, 1, 1, 1, 0, NULL, NULL, NULL, 1, 1);
INSERT INTO `family_userprofile` VALUES(114, 115, NULL, '2012-03-09 16:58:27', '2012-06-19 20:32:02', 0, 'urmAzLYH28671328', NULL, NULL, NULL, NULL, NULL, NULL, NULL, 1, 1, 1, 1, 0, NULL, NULL, NULL, 1, 1);
INSERT INTO `family_userprofile` VALUES(115, 116, NULL, '2012-03-09 16:59:14', '2012-06-19 20:32:02', 0, 'CfmZqvDE35182665', NULL, NULL, NULL, NULL, NULL, NULL, NULL, 1, 1, 1, 1, 0, NULL, NULL, NULL, 1, 1);
INSERT INTO `family_userprofile` VALUES(116, 117, NULL, '2012-03-09 17:00:00', '2012-06-19 20:32:02', 0, 'rJKsxxkx08052287', NULL, NULL, NULL, NULL, NULL, NULL, NULL, 1, 1, 1, 1, 0, NULL, NULL, NULL, 1, 1);
INSERT INTO `family_userprofile` VALUES(117, 118, NULL, '2012-03-12 03:09:55', '2012-06-19 20:32:02', 0, 'ejInCcjF12535464', NULL, NULL, NULL, NULL, NULL, NULL, NULL, 1, 1, 1, 1, 0, NULL, NULL, NULL, 1, 1);
INSERT INTO `family_userprofile` VALUES(120, 121, NULL, '2012-03-17 13:19:49', '2012-06-19 20:32:02', 0, 'ETKodfXl75767432', NULL, NULL, NULL, NULL, NULL, NULL, NULL, 1, 1, 1, 1, 0, NULL, NULL, NULL, 1, 1);
INSERT INTO `family_userprofile` VALUES(121, 122, 'M', '2012-03-17 16:11:02', '2012-06-19 20:32:02', 1, 'GhSgdRrq36937933', '2012-03-12 00:00:00', 444, '55', '2012-03-20 00:00:00', '2012-03-12 18:27:23', 31, NULL, 1, 1, 1, 1, 0, NULL, NULL, NULL, 1, 1);
INSERT INTO `family_userprofile` VALUES(125, 126, NULL, '2012-03-19 15:56:54', '2012-06-19 20:32:02', 1, 'rQiDYpyO74222778', NULL, NULL, NULL, NULL, NULL, NULL, NULL, 1, 1, 1, 1, 0, NULL, NULL, NULL, 1, 1);
INSERT INTO `family_userprofile` VALUES(128, 129, NULL, '2012-03-20 02:25:19', '2012-06-19 20:32:02', 0, 'kQIWLbct45461704', NULL, NULL, NULL, NULL, NULL, NULL, NULL, 1, 1, 1, 1, 0, NULL, NULL, NULL, 1, 1);
INSERT INTO `family_userprofile` VALUES(129, 130, NULL, '2012-03-20 02:26:27', '2012-06-19 20:32:02', 0, 'NBHUKbJT12716214', NULL, NULL, NULL, NULL, NULL, NULL, NULL, 1, 1, 1, 1, 0, NULL, NULL, NULL, 1, 1);
INSERT INTO `family_userprofile` VALUES(135, 136, NULL, '2012-03-21 08:51:10', '2012-06-19 20:32:02', 1, 'RJYEwmZN84835955', NULL, NULL, NULL, NULL, NULL, NULL, NULL, 1, 1, 1, 1, 0, NULL, NULL, NULL, 1, 1);
INSERT INTO `family_userprofile` VALUES(136, 137, NULL, '2012-03-21 14:53:29', '2012-06-19 20:32:02', 1, 'WuxFhXjm25071954', '1990-01-01 00:00:00', NULL, NULL, NULL, NULL, NULL, NULL, 1, 1, 1, 1, 0, NULL, NULL, NULL, 1, 1);
INSERT INTO `family_userprofile` VALUES(137, 138, NULL, '2012-03-26 02:09:40', '2012-06-19 20:32:02', 1, 'ILpYbiaY86198226', NULL, NULL, NULL, NULL, NULL, NULL, NULL, 1, 1, 1, 1, 0, NULL, NULL, NULL, 1, 1);
INSERT INTO `family_userprofile` VALUES(138, 139, NULL, '2012-03-26 03:20:05', '2012-06-19 20:32:02', 0, 'BIFrQIgn47538232', NULL, NULL, NULL, NULL, NULL, NULL, NULL, 1, 1, 1, 1, 0, NULL, NULL, NULL, 1, 1);
INSERT INTO `family_userprofile` VALUES(139, 140, NULL, '2012-03-30 18:26:18', '2012-06-19 20:32:02', 1, 'lHbRkwkR24288196', '1960-08-01 00:00:00', NULL, NULL, NULL, NULL, NULL, NULL, 1, 1, 1, 1, 0, NULL, NULL, NULL, 1, 1);
INSERT INTO `family_userprofile` VALUES(140, 141, NULL, '2012-04-05 16:31:50', '2012-06-19 20:32:02', 1, 'qWdKdfeA40359570', NULL, NULL, NULL, NULL, NULL, NULL, NULL, 1, 1, 1, 1, 0, NULL, NULL, NULL, 1, 1);
INSERT INTO `family_userprofile` VALUES(141, 142, NULL, '2012-04-05 16:32:16', '2012-06-19 20:32:02', 1, 'XssBMGce15967542', NULL, NULL, NULL, NULL, NULL, NULL, NULL, 1, 1, 1, 1, 0, NULL, NULL, NULL, 1, 1);
INSERT INTO `family_userprofile` VALUES(142, 143, NULL, '2012-04-05 23:54:49', '2012-06-19 20:32:02', 1, 'yxXhXqFd75227648', NULL, NULL, NULL, NULL, NULL, NULL, NULL, 1, 1, 1, 1, 0, NULL, NULL, NULL, 1, 1);
INSERT INTO `family_userprofile` VALUES(144, 145, NULL, '2012-04-11 02:01:54', '2012-06-19 20:32:02', 1, 'nWEOBOvW52812136', NULL, NULL, NULL, NULL, NULL, NULL, NULL, 1, 1, 1, 1, 0, NULL, NULL, NULL, 1, 1);
INSERT INTO `family_userprofile` VALUES(147, 148, NULL, '2012-04-30 12:32:27', '2012-06-19 20:32:02', 0, 'SvOMsLvS13273805', NULL, NULL, NULL, NULL, NULL, NULL, NULL, 1, 1, 1, 1, 0, NULL, NULL, NULL, 1, 1);
INSERT INTO `family_userprofile` VALUES(148, 149, NULL, '2012-04-30 12:32:42', '2012-06-19 20:32:02', 0, 'CpanevQP99592623', NULL, NULL, NULL, NULL, NULL, NULL, NULL, 1, 1, 1, 1, 0, NULL, NULL, NULL, 1, 1);
INSERT INTO `family_userprofile` VALUES(173, 174, NULL, '2012-05-28 19:27:36', '2012-06-19 20:32:02', 0, 'cfMxljXJ35211847', NULL, NULL, NULL, NULL, NULL, NULL, NULL, 1, 1, 1, 1, 0, NULL, NULL, NULL, 1, 1);
INSERT INTO `family_userprofile` VALUES(174, 195, NULL, '2012-06-04 16:39:33', '2012-06-19 20:32:02', 1, 'tZBFnoVw43682122', NULL, NULL, NULL, NULL, NULL, NULL, NULL, 1, 1, 1, 1, 0, NULL, NULL, NULL, 1, 1);
INSERT INTO `family_userprofile` VALUES(175, 200, NULL, '2012-06-07 16:42:27', '2012-06-19 20:32:02', 0, 'Kpqqlvnq00882307', NULL, NULL, NULL, NULL, NULL, NULL, NULL, 1, 1, 1, 1, 0, NULL, NULL, NULL, 1, 1);
INSERT INTO `family_userprofile` VALUES(176, 201, NULL, '2012-06-07 16:42:42', '2012-06-19 20:32:02', 0, 'XugOJEfm71677866', NULL, NULL, NULL, NULL, NULL, NULL, NULL, 1, 1, 1, 1, 0, NULL, NULL, NULL, 1, 1);
INSERT INTO `family_userprofile` VALUES(177, 202, NULL, '2012-06-07 16:43:14', '2012-06-19 20:32:02', 0, 'mBfOKJIZ92301655', NULL, NULL, NULL, NULL, NULL, NULL, NULL, 1, 1, 1, 1, 0, NULL, NULL, NULL, 1, 1);
INSERT INTO `family_userprofile` VALUES(178, 203, NULL, '2012-06-07 16:53:06', '2012-06-19 20:32:02', 0, 'xHdVmTiG56715353', NULL, NULL, NULL, NULL, NULL, NULL, NULL, 1, 1, 1, 1, 0, NULL, NULL, NULL, 1, 1);
INSERT INTO `family_userprofile` VALUES(179, 204, NULL, '2012-06-07 16:53:31', '2012-06-19 20:32:02', 0, 'JIggULEq96943182', NULL, NULL, NULL, NULL, NULL, NULL, NULL, 1, 1, 1, 1, 0, NULL, NULL, NULL, 1, 1);
INSERT INTO `family_userprofile` VALUES(180, 205, NULL, '2012-06-07 16:59:03', '2012-06-19 20:32:02', 0, 'YRDzZfRQ28534611', NULL, NULL, NULL, NULL, NULL, NULL, NULL, 1, 1, 1, 1, 0, NULL, NULL, NULL, 1, 1);
INSERT INTO `family_userprofile` VALUES(181, 206, NULL, '2012-06-07 17:00:12', '2012-06-19 20:32:02', 0, 'eighDeMt22298565', NULL, NULL, NULL, NULL, NULL, NULL, NULL, 1, 1, 1, 1, 0, NULL, NULL, NULL, 1, 1);
INSERT INTO `family_userprofile` VALUES(182, 207, NULL, '2012-06-07 17:00:34', '2012-06-19 20:32:02', 0, 'PtXFsFpe70324594', NULL, NULL, NULL, NULL, NULL, NULL, NULL, 1, 1, 1, 1, 0, NULL, NULL, NULL, 1, 1);
INSERT INTO `family_userprofile` VALUES(183, 208, NULL, '2012-06-07 17:00:34', '2012-06-19 20:32:02', 0, 'qKIVHYMp45043067', NULL, NULL, NULL, NULL, NULL, 773, NULL, 1, 1, 1, 1, 0, NULL, NULL, NULL, 1, 1);
INSERT INTO `family_userprofile` VALUES(184, 209, NULL, '2012-06-07 17:01:25', '2012-06-19 20:32:02', 0, 'LZpiBVpn69528920', NULL, NULL, NULL, NULL, NULL, 771, NULL, 1, 1, 1, 1, 0, NULL, NULL, NULL, 1, 1);
INSERT INTO `family_userprofile` VALUES(185, 210, NULL, '2012-06-07 17:01:42', '2012-06-19 20:32:02', 0, 'PuHGAvgV35614177', NULL, NULL, NULL, NULL, NULL, NULL, NULL, 1, 1, 1, 1, 0, NULL, NULL, NULL, 1, 1);
INSERT INTO `family_userprofile` VALUES(186, 211, NULL, '2012-07-08 20:37:48', '2012-07-08 20:37:48', 0, 'edgRGHGg49306633', NULL, NULL, NULL, NULL, NULL, NULL, NULL, 1, 1, 1, 1, 0, NULL, NULL, NULL, 1, 1);
INSERT INTO `family_userprofile` VALUES(187, 212, NULL, '2012-07-08 20:40:45', '2012-07-08 20:40:45', 0, 'KHXMykik88658837', NULL, NULL, NULL, NULL, NULL, NULL, NULL, 1, 1, 1, 1, 0, NULL, NULL, NULL, 1, 1);

-- --------------------------------------------------------

--
-- Table structure for table `family_userproperty`
--

DROP TABLE IF EXISTS `family_userproperty`;
CREATE TABLE `family_userproperty` (
  `id` int(11) NOT NULL AUTO_INCREMENT,
  `user_profile_id` int(11) NOT NULL,
  `name` varchar(255) NOT NULL,
  `value` varchar(255) DEFAULT NULL,
  `privacy` int(11) NOT NULL DEFAULT '1',
  `last_change` datetime NOT NULL,
  `last_change_user_profile_id` int(11) DEFAULT NULL,
  PRIMARY KEY (`id`),
  KEY `engine_userproperty_634d39b9` (`user_profile_id`),
  KEY `engine_userproperty_52094d6e` (`name`),
  KEY `engine_userproperty_6fbb5537` (`last_change_user_profile_id`)
) ENGINE=InnoDB  DEFAULT CHARSET=utf8 AUTO_INCREMENT=1117 ;

--
-- Dumping data for table `family_userproperty`
--

INSERT INTO `family_userproperty` VALUES(109, 19, 'phone_number', '425.533.3129', 1, '2012-06-11 22:30:30', 19);
INSERT INTO `family_userproperty` VALUES(110, 19, 'address', '2385 Williams St. Palo Alto, CA 94306', 1, '2012-06-11 22:30:30', 19);
INSERT INTO `family_userproperty` VALUES(111, 19, 'skype', 'ajayumehta', 1, '2012-06-11 22:30:30', 19);
INSERT INTO `family_userproperty` VALUES(112, 19, 'email', NULL, 1, '2012-06-11 22:30:30', 21);
INSERT INTO `family_userproperty` VALUES(113, 19, 'birthday', '1992-07-10 00:00:00', 1, '2012-06-11 22:30:30', 19);
INSERT INTO `family_userproperty` VALUES(114, 19, 'blurb', 'Hello test family, I hope you are all doing pleasantly.', 1, '2012-02-27 02:56:12', 19);
INSERT INTO `family_userproperty` VALUES(121, 21, 'phone_number', '4255021843', 1, '2012-07-09 03:40:38', 21);
INSERT INTO `family_userproperty` VALUES(122, 21, 'address', '26803 SE 9th Way, Sammamish, WA 98075', 1, '2012-07-09 03:40:38', 21);
INSERT INTO `family_userproperty` VALUES(123, 21, 'skype', '', 1, '2012-07-09 03:40:38', 21);
INSERT INTO `family_userproperty` VALUES(124, 21, 'email', NULL, 1, '2012-07-09 03:40:38', 21);
INSERT INTO `family_userproperty` VALUES(125, 21, 'birthday', '1992-07-06 00:00:00', 1, '2012-07-09 03:40:38', 21);
INSERT INTO `family_userproperty` VALUES(126, 21, 'blurb', '', 1, '2012-07-09 03:40:38', 21);
INSERT INTO `family_userproperty` VALUES(127, 22, 'phone_number', NULL, 1, '2012-02-22 14:32:37', 22);
INSERT INTO `family_userproperty` VALUES(128, 22, 'address', NULL, 1, '2012-02-22 14:32:37', 22);
INSERT INTO `family_userproperty` VALUES(129, 22, 'skype', NULL, 1, '2012-02-22 14:32:38', 22);
INSERT INTO `family_userproperty` VALUES(130, 22, 'email', NULL, 1, '2012-02-22 14:32:38', 22);
INSERT INTO `family_userproperty` VALUES(131, 22, 'birthday', NULL, 1, '2012-02-22 14:32:38', 22);
INSERT INTO `family_userproperty` VALUES(132, 22, 'blurb', NULL, 1, '2012-02-22 14:32:39', 22);
INSERT INTO `family_userproperty` VALUES(139, 24, 'phone_number', NULL, 1, '2012-02-22 14:37:58', 24);
INSERT INTO `family_userproperty` VALUES(140, 24, 'address', NULL, 1, '2012-02-22 14:37:58', 24);
INSERT INTO `family_userproperty` VALUES(141, 24, 'skype', NULL, 1, '2012-02-22 14:37:58', 24);
INSERT INTO `family_userproperty` VALUES(142, 24, 'email', NULL, 1, '2012-02-22 14:37:58', 24);
INSERT INTO `family_userproperty` VALUES(143, 24, 'birthday', NULL, 1, '2012-02-22 14:37:59', 24);
INSERT INTO `family_userproperty` VALUES(144, 24, 'blurb', NULL, 1, '2012-02-22 14:37:59', 24);
INSERT INTO `family_userproperty` VALUES(265, 45, 'phone_number', NULL, 1, '2012-02-24 01:33:07', 45);
INSERT INTO `family_userproperty` VALUES(266, 45, 'address', NULL, 1, '2012-02-24 01:33:07', 45);
INSERT INTO `family_userproperty` VALUES(267, 45, 'skype', NULL, 1, '2012-02-24 01:33:07', 45);
INSERT INTO `family_userproperty` VALUES(268, 45, 'email', NULL, 1, '2012-02-24 01:33:07', 45);
INSERT INTO `family_userproperty` VALUES(269, 45, 'birthday', NULL, 1, '2012-02-24 01:33:20', 21);
INSERT INTO `family_userproperty` VALUES(270, 45, 'blurb', NULL, 1, '2012-02-24 01:33:08', 45);
INSERT INTO `family_userproperty` VALUES(271, 46, 'phone_number', NULL, 1, '2012-02-24 09:14:37', 46);
INSERT INTO `family_userproperty` VALUES(272, 46, 'address', NULL, 1, '2012-02-24 09:14:37', 46);
INSERT INTO `family_userproperty` VALUES(273, 46, 'skype', NULL, 1, '2012-02-24 09:14:38', 46);
INSERT INTO `family_userproperty` VALUES(274, 46, 'email', NULL, 1, '2012-02-24 09:14:38', 46);
INSERT INTO `family_userproperty` VALUES(275, 46, 'birthday', NULL, 1, '2012-02-24 09:14:38', 46);
INSERT INTO `family_userproperty` VALUES(276, 46, 'blurb', NULL, 1, '2012-02-24 09:14:38', 46);
INSERT INTO `family_userproperty` VALUES(277, 47, 'phone_number', NULL, 1, '2012-02-24 12:09:28', 47);
INSERT INTO `family_userproperty` VALUES(278, 47, 'address', NULL, 1, '2012-02-24 12:09:29', 47);
INSERT INTO `family_userproperty` VALUES(279, 47, 'skype', NULL, 1, '2012-02-24 12:09:30', 47);
INSERT INTO `family_userproperty` VALUES(280, 47, 'email', NULL, 1, '2012-02-24 12:09:31', 47);
INSERT INTO `family_userproperty` VALUES(281, 47, 'birthday', NULL, 1, '2012-02-24 12:09:32', 47);
INSERT INTO `family_userproperty` VALUES(282, 47, 'blurb', NULL, 1, '2012-02-24 12:09:33', 47);
INSERT INTO `family_userproperty` VALUES(331, 56, 'phone_number', NULL, 1, '2012-02-26 14:28:36', 56);
INSERT INTO `family_userproperty` VALUES(332, 56, 'address', NULL, 1, '2012-02-26 14:28:36', 56);
INSERT INTO `family_userproperty` VALUES(333, 56, 'skype', NULL, 1, '2012-02-26 14:28:36', 56);
INSERT INTO `family_userproperty` VALUES(334, 56, 'email', NULL, 1, '2012-02-26 14:28:41', 21);
INSERT INTO `family_userproperty` VALUES(335, 56, 'birthday', NULL, 1, '2012-02-26 14:28:42', 21);
INSERT INTO `family_userproperty` VALUES(336, 56, 'blurb', NULL, 1, '2012-02-26 14:28:37', 56);
INSERT INTO `family_userproperty` VALUES(337, 57, 'phone_number', NULL, 1, '2012-02-26 17:14:51', 57);
INSERT INTO `family_userproperty` VALUES(338, 57, 'address', NULL, 1, '2012-02-26 17:14:51', 57);
INSERT INTO `family_userproperty` VALUES(339, 57, 'skype', NULL, 1, '2012-02-26 17:14:52', 57);
INSERT INTO `family_userproperty` VALUES(340, 57, 'email', NULL, 1, '2012-02-26 17:14:52', 57);
INSERT INTO `family_userproperty` VALUES(341, 57, 'birthday', NULL, 1, '2012-02-26 17:14:52', 57);
INSERT INTO `family_userproperty` VALUES(342, 57, 'blurb', NULL, 1, '2012-02-26 17:14:53', 57);
INSERT INTO `family_userproperty` VALUES(343, 58, 'phone_number', NULL, 1, '2012-02-26 20:14:56', 58);
INSERT INTO `family_userproperty` VALUES(344, 58, 'address', NULL, 1, '2012-02-26 20:14:56', 58);
INSERT INTO `family_userproperty` VALUES(345, 58, 'skype', NULL, 1, '2012-02-26 20:14:56', 58);
INSERT INTO `family_userproperty` VALUES(346, 58, 'email', NULL, 1, '2012-02-26 20:15:16', 19);
INSERT INTO `family_userproperty` VALUES(347, 58, 'birthday', NULL, 1, '2012-02-26 20:15:17', 19);
INSERT INTO `family_userproperty` VALUES(348, 58, 'blurb', NULL, 1, '2012-02-26 20:14:57', 58);
INSERT INTO `family_userproperty` VALUES(361, 61, 'phone_number', '425.324.1249', 1, '2012-06-05 23:12:33', 19);
INSERT INTO `family_userproperty` VALUES(362, 61, 'address', '124 Tatooine Blvd. Los Angeles, CA', 1, '2012-06-05 23:12:33', 19);
INSERT INTO `family_userproperty` VALUES(363, 61, 'skype', 'lukeskytown', 1, '2012-06-05 23:12:33', 19);
INSERT INTO `family_userproperty` VALUES(364, 61, 'email', NULL, 1, '2012-06-05 23:12:33', 19);
INSERT INTO `family_userproperty` VALUES(365, 61, 'birthday', NULL, 1, '2012-02-26 23:03:00', 19);
INSERT INTO `family_userproperty` VALUES(366, 61, 'blurb', 'Becoming a Jedi like it ain''t no thang.', 1, '2012-02-26 23:02:58', 19);
INSERT INTO `family_userproperty` VALUES(385, 65, 'phone_number', '(123) 234-4251', 1, '2012-06-05 23:12:27', 19);
INSERT INTO `family_userproperty` VALUES(386, 65, 'address', NULL, 1, '2012-02-26 23:05:19', 65);
INSERT INTO `family_userproperty` VALUES(387, 65, 'skype', NULL, 1, '2012-02-26 23:05:19', 65);
INSERT INTO `family_userproperty` VALUES(388, 65, 'email', NULL, 1, '2012-06-05 23:12:27', 19);
INSERT INTO `family_userproperty` VALUES(389, 65, 'birthday', NULL, 1, '2012-05-31 22:15:00', 19);
INSERT INTO `family_userproperty` VALUES(390, 65, 'blurb', 'Makin'' some songs with The Strokes.', 1, '2012-02-26 23:05:25', 19);
INSERT INTO `family_userproperty` VALUES(391, 66, 'phone_number', NULL, 1, '2012-02-26 23:18:07', 66);
INSERT INTO `family_userproperty` VALUES(392, 66, 'address', NULL, 1, '2012-02-26 23:18:07', 66);
INSERT INTO `family_userproperty` VALUES(393, 66, 'skype', NULL, 1, '2012-02-26 23:18:08', 66);
INSERT INTO `family_userproperty` VALUES(394, 66, 'email', NULL, 1, '2012-06-11 22:35:13', 66);
INSERT INTO `family_userproperty` VALUES(395, 66, 'birthday', NULL, 1, '2012-02-26 23:18:08', 66);
INSERT INTO `family_userproperty` VALUES(396, 66, 'blurb', NULL, 1, '2012-02-26 23:18:08', 66);
INSERT INTO `family_userproperty` VALUES(397, 67, 'phone_number', '(523) 231-1351', 1, '2012-06-05 23:12:20', 19);
INSERT INTO `family_userproperty` VALUES(398, 67, 'address', NULL, 1, '2012-02-27 00:27:50', 67);
INSERT INTO `family_userproperty` VALUES(399, 67, 'skype', 'dirkadirka', 1, '2012-06-05 23:12:20', 19);
INSERT INTO `family_userproperty` VALUES(400, 67, 'email', NULL, 1, '2012-06-05 23:12:20', 19);
INSERT INTO `family_userproperty` VALUES(401, 67, 'birthday', NULL, 1, '2012-05-30 18:09:35', 19);
INSERT INTO `family_userproperty` VALUES(402, 67, 'blurb', NULL, 1, '2012-02-27 00:27:51', 67);
INSERT INTO `family_userproperty` VALUES(415, 70, 'phone_number', NULL, 1, '2012-02-29 01:55:42', 70);
INSERT INTO `family_userproperty` VALUES(416, 70, 'address', NULL, 1, '2012-02-29 01:55:42', 70);
INSERT INTO `family_userproperty` VALUES(417, 70, 'skype', NULL, 1, '2012-02-29 01:55:42', 70);
INSERT INTO `family_userproperty` VALUES(418, 70, 'email', NULL, 1, '2012-02-29 01:56:02', 21);
INSERT INTO `family_userproperty` VALUES(419, 70, 'birthday', NULL, 1, '2012-02-29 01:56:03', 21);
INSERT INTO `family_userproperty` VALUES(420, 70, 'blurb', NULL, 1, '2012-02-29 01:55:43', 70);
INSERT INTO `family_userproperty` VALUES(421, 71, 'phone_number', '425.533.3129', 1, '2012-03-08 17:16:12', 71);
INSERT INTO `family_userproperty` VALUES(422, 71, 'address', '2385 Williams St. Palo Alto, CA 94306 2385 Williams St. Palo Alto, CA 94306', 1, '2012-03-08 17:16:13', 71);
INSERT INTO `family_userproperty` VALUES(423, 71, 'skype', 'ajayumehta', 1, '2012-03-08 17:16:12', 71);
INSERT INTO `family_userproperty` VALUES(424, 71, 'email', NULL, 1, '2012-03-08 17:16:11', 71);
INSERT INTO `family_userproperty` VALUES(425, 71, 'birthday', NULL, 1, '2012-03-08 17:16:14', 71);
INSERT INTO `family_userproperty` VALUES(426, 71, 'blurb', NULL, 1, '2012-03-01 02:16:08', 71);
INSERT INTO `family_userproperty` VALUES(427, 72, 'phone_number', NULL, 1, '2012-03-01 03:18:55', 72);
INSERT INTO `family_userproperty` VALUES(428, 72, 'address', NULL, 1, '2012-03-01 03:18:55', 72);
INSERT INTO `family_userproperty` VALUES(429, 72, 'skype', NULL, 1, '2012-03-01 03:18:55', 72);
INSERT INTO `family_userproperty` VALUES(430, 72, 'email', NULL, 1, '2012-03-01 03:19:17', 21);
INSERT INTO `family_userproperty` VALUES(431, 72, 'birthday', NULL, 1, '2012-03-01 03:18:56', 72);
INSERT INTO `family_userproperty` VALUES(432, 72, 'blurb', NULL, 1, '2012-03-01 03:18:57', 72);
INSERT INTO `family_userproperty` VALUES(433, 73, 'phone_number', NULL, 1, '2012-03-01 03:19:28', 73);
INSERT INTO `family_userproperty` VALUES(434, 73, 'address', NULL, 1, '2012-03-01 03:19:30', 73);
INSERT INTO `family_userproperty` VALUES(435, 73, 'skype', NULL, 1, '2012-03-01 03:19:32', 73);
INSERT INTO `family_userproperty` VALUES(436, 73, 'email', NULL, 1, '2012-03-01 03:19:45', 21);
INSERT INTO `family_userproperty` VALUES(437, 73, 'birthday', NULL, 1, '2012-03-01 03:19:35', 73);
INSERT INTO `family_userproperty` VALUES(438, 73, 'blurb', NULL, 1, '2012-03-01 03:19:36', 73);
INSERT INTO `family_userproperty` VALUES(439, 74, 'phone_number', NULL, 1, '2012-03-01 15:05:21', 74);
INSERT INTO `family_userproperty` VALUES(440, 74, 'address', NULL, 1, '2012-03-01 15:05:21', 74);
INSERT INTO `family_userproperty` VALUES(441, 74, 'skype', NULL, 1, '2012-03-01 15:05:22', 74);
INSERT INTO `family_userproperty` VALUES(442, 74, 'email', NULL, 1, '2012-03-01 15:05:30', 19);
INSERT INTO `family_userproperty` VALUES(443, 74, 'birthday', NULL, 1, '2012-03-01 15:05:31', 19);
INSERT INTO `family_userproperty` VALUES(444, 74, 'blurb', NULL, 1, '2012-03-01 15:05:22', 74);
INSERT INTO `family_userproperty` VALUES(445, 75, 'phone_number', NULL, 1, '2012-03-01 15:08:53', 75);
INSERT INTO `family_userproperty` VALUES(446, 75, 'address', NULL, 1, '2012-03-01 15:08:54', 75);
INSERT INTO `family_userproperty` VALUES(447, 75, 'skype', NULL, 1, '2012-03-01 15:08:54', 75);
INSERT INTO `family_userproperty` VALUES(448, 75, 'email', NULL, 1, '2012-03-01 15:08:57', 19);
INSERT INTO `family_userproperty` VALUES(449, 75, 'birthday', NULL, 1, '2012-03-01 15:08:55', 75);
INSERT INTO `family_userproperty` VALUES(450, 75, 'blurb', NULL, 1, '2012-03-01 15:08:55', 75);
INSERT INTO `family_userproperty` VALUES(451, 76, 'phone_number', NULL, 1, '2012-03-01 15:26:23', 76);
INSERT INTO `family_userproperty` VALUES(452, 76, 'address', NULL, 1, '2012-03-01 15:26:23', 76);
INSERT INTO `family_userproperty` VALUES(453, 76, 'skype', NULL, 1, '2012-03-01 15:26:23', 76);
INSERT INTO `family_userproperty` VALUES(454, 76, 'email', NULL, 1, '2012-03-01 15:26:37', 19);
INSERT INTO `family_userproperty` VALUES(455, 76, 'birthday', NULL, 1, '2012-03-01 15:26:24', 76);
INSERT INTO `family_userproperty` VALUES(456, 76, 'blurb', NULL, 1, '2012-03-01 15:26:24', 76);
INSERT INTO `family_userproperty` VALUES(457, 77, 'phone_number', NULL, 1, '2012-03-01 20:55:39', 77);
INSERT INTO `family_userproperty` VALUES(458, 77, 'address', NULL, 1, '2012-03-01 20:55:39', 77);
INSERT INTO `family_userproperty` VALUES(459, 77, 'skype', NULL, 1, '2012-03-01 20:55:39', 77);
INSERT INTO `family_userproperty` VALUES(460, 77, 'email', NULL, 1, '2012-03-01 20:59:30', 21);
INSERT INTO `family_userproperty` VALUES(461, 77, 'birthday', NULL, 1, '2012-03-01 20:59:31', 21);
INSERT INTO `family_userproperty` VALUES(462, 77, 'blurb', NULL, 1, '2012-03-01 20:55:40', 77);
INSERT INTO `family_userproperty` VALUES(493, 83, 'phone_number', NULL, 1, '2012-03-03 02:10:19', 83);
INSERT INTO `family_userproperty` VALUES(494, 83, 'address', NULL, 1, '2012-03-03 02:10:19', 83);
INSERT INTO `family_userproperty` VALUES(495, 83, 'skype', NULL, 1, '2012-03-03 02:10:19', 83);
INSERT INTO `family_userproperty` VALUES(496, 83, 'email', NULL, 1, '2012-03-03 02:10:25', 71);
INSERT INTO `family_userproperty` VALUES(497, 83, 'birthday', NULL, 1, '2012-03-03 02:10:26', 71);
INSERT INTO `family_userproperty` VALUES(498, 83, 'blurb', NULL, 1, '2012-03-03 02:10:20', 83);
INSERT INTO `family_userproperty` VALUES(499, 84, 'phone_number', NULL, 1, '2012-03-05 12:27:51', 84);
INSERT INTO `family_userproperty` VALUES(500, 84, 'address', NULL, 1, '2012-03-05 12:27:51', 84);
INSERT INTO `family_userproperty` VALUES(501, 84, 'skype', NULL, 1, '2012-03-05 12:27:52', 84);
INSERT INTO `family_userproperty` VALUES(502, 84, 'email', NULL, 1, '2012-03-05 12:27:52', 84);
INSERT INTO `family_userproperty` VALUES(503, 84, 'birthday', NULL, 1, '2012-03-05 12:27:52', 84);
INSERT INTO `family_userproperty` VALUES(504, 84, 'blurb', NULL, 1, '2012-03-05 12:27:52', 84);
INSERT INTO `family_userproperty` VALUES(505, 85, 'phone_number', NULL, 1, '2012-03-05 12:34:45', 85);
INSERT INTO `family_userproperty` VALUES(506, 85, 'address', NULL, 1, '2012-03-05 12:34:45', 85);
INSERT INTO `family_userproperty` VALUES(507, 85, 'skype', NULL, 1, '2012-03-05 12:34:46', 85);
INSERT INTO `family_userproperty` VALUES(508, 85, 'email', NULL, 1, '2012-03-05 12:34:46', 85);
INSERT INTO `family_userproperty` VALUES(509, 85, 'birthday', NULL, 1, '2012-03-05 12:34:46', 85);
INSERT INTO `family_userproperty` VALUES(510, 85, 'blurb', NULL, 1, '2012-03-05 12:34:46', 85);
INSERT INTO `family_userproperty` VALUES(511, 86, 'phone_number', NULL, 1, '2012-03-05 12:37:33', 86);
INSERT INTO `family_userproperty` VALUES(512, 86, 'address', NULL, 1, '2012-03-05 12:37:34', 86);
INSERT INTO `family_userproperty` VALUES(513, 86, 'skype', NULL, 1, '2012-03-05 12:37:34', 86);
INSERT INTO `family_userproperty` VALUES(514, 86, 'email', NULL, 1, '2012-03-05 12:37:34', 86);
INSERT INTO `family_userproperty` VALUES(515, 86, 'birthday', NULL, 1, '2012-03-05 12:37:34', 86);
INSERT INTO `family_userproperty` VALUES(516, 86, 'blurb', NULL, 1, '2012-03-05 12:37:35', 86);
INSERT INTO `family_userproperty` VALUES(529, 89, 'phone_number', '4255021843', 1, '2012-03-08 03:10:53', 89);
INSERT INTO `family_userproperty` VALUES(530, 89, 'address', '26803 SE 9th Way, Sammamish, WA 98075', 1, '2012-03-08 03:10:55', 89);
INSERT INTO `family_userproperty` VALUES(531, 89, 'skype', 'wesleyjzhao', 1, '2012-03-08 03:10:54', 89);
INSERT INTO `family_userproperty` VALUES(532, 89, 'email', NULL, 1, '2012-03-08 03:10:53', 89);
INSERT INTO `family_userproperty` VALUES(533, 89, 'birthday', NULL, 1, '2012-03-08 03:10:56', 89);
INSERT INTO `family_userproperty` VALUES(534, 89, 'blurb', NULL, 1, '2012-03-05 12:54:32', 89);
INSERT INTO `family_userproperty` VALUES(535, 90, 'phone_number', NULL, 1, '2012-03-05 16:23:27', 90);
INSERT INTO `family_userproperty` VALUES(536, 90, 'address', NULL, 1, '2012-03-05 16:23:27', 90);
INSERT INTO `family_userproperty` VALUES(537, 90, 'skype', NULL, 1, '2012-03-05 16:23:27', 90);
INSERT INTO `family_userproperty` VALUES(538, 90, 'email', NULL, 1, '2012-03-05 16:23:31', 89);
INSERT INTO `family_userproperty` VALUES(539, 90, 'birthday', NULL, 1, '2012-03-05 16:23:32', 89);
INSERT INTO `family_userproperty` VALUES(540, 90, 'blurb', NULL, 1, '2012-03-05 16:23:28', 90);
INSERT INTO `family_userproperty` VALUES(541, 91, 'phone_number', NULL, 1, '2012-03-05 16:50:59', 91);
INSERT INTO `family_userproperty` VALUES(542, 91, 'address', NULL, 1, '2012-03-05 16:51:00', 91);
INSERT INTO `family_userproperty` VALUES(543, 91, 'skype', NULL, 1, '2012-03-05 16:51:00', 91);
INSERT INTO `family_userproperty` VALUES(544, 91, 'email', NULL, 1, '2012-03-26 03:05:58', 137);
INSERT INTO `family_userproperty` VALUES(545, 91, 'birthday', NULL, 1, '2012-03-05 16:51:05', 90);
INSERT INTO `family_userproperty` VALUES(546, 91, 'blurb', NULL, 1, '2012-03-05 16:51:01', 91);
INSERT INTO `family_userproperty` VALUES(553, 93, 'phone_number', NULL, 1, '2012-03-05 22:19:43', 93);
INSERT INTO `family_userproperty` VALUES(554, 93, 'address', NULL, 1, '2012-03-05 22:19:43', 93);
INSERT INTO `family_userproperty` VALUES(555, 93, 'skype', NULL, 1, '2012-03-05 22:19:44', 93);
INSERT INTO `family_userproperty` VALUES(556, 93, 'email', NULL, 1, '2012-03-05 22:19:44', 93);
INSERT INTO `family_userproperty` VALUES(557, 93, 'birthday', NULL, 1, '2012-03-05 22:19:44', 93);
INSERT INTO `family_userproperty` VALUES(558, 93, 'blurb', NULL, 1, '2012-03-05 22:19:44', 93);
INSERT INTO `family_userproperty` VALUES(559, 94, 'phone_number', NULL, 1, '2012-03-05 22:21:31', 94);
INSERT INTO `family_userproperty` VALUES(560, 94, 'address', NULL, 1, '2012-03-05 22:21:32', 94);
INSERT INTO `family_userproperty` VALUES(561, 94, 'skype', NULL, 1, '2012-03-05 22:21:32', 94);
INSERT INTO `family_userproperty` VALUES(562, 94, 'email', NULL, 1, '2012-03-05 22:21:32', 94);
INSERT INTO `family_userproperty` VALUES(563, 94, 'birthday', NULL, 1, '2012-03-05 22:21:32', 94);
INSERT INTO `family_userproperty` VALUES(564, 94, 'blurb', NULL, 1, '2012-03-05 22:21:33', 94);
INSERT INTO `family_userproperty` VALUES(565, 95, 'phone_number', NULL, 1, '2012-03-05 22:23:33', 95);
INSERT INTO `family_userproperty` VALUES(566, 95, 'address', NULL, 1, '2012-03-05 22:23:33', 95);
INSERT INTO `family_userproperty` VALUES(567, 95, 'skype', NULL, 1, '2012-03-05 22:23:34', 95);
INSERT INTO `family_userproperty` VALUES(568, 95, 'email', NULL, 1, '2012-03-05 22:23:34', 95);
INSERT INTO `family_userproperty` VALUES(569, 95, 'birthday', NULL, 1, '2012-03-05 22:23:34', 95);
INSERT INTO `family_userproperty` VALUES(570, 95, 'blurb', NULL, 1, '2012-03-05 22:23:34', 95);
INSERT INTO `family_userproperty` VALUES(583, 98, 'phone_number', NULL, 1, '2012-03-06 02:11:06', 98);
INSERT INTO `family_userproperty` VALUES(584, 98, 'address', NULL, 1, '2012-03-06 02:11:07', 98);
INSERT INTO `family_userproperty` VALUES(585, 98, 'skype', NULL, 1, '2012-03-06 02:11:07', 98);
INSERT INTO `family_userproperty` VALUES(586, 98, 'email', NULL, 1, '2012-03-06 02:11:13', 89);
INSERT INTO `family_userproperty` VALUES(587, 98, 'birthday', NULL, 1, '2012-03-06 02:11:14', 89);
INSERT INTO `family_userproperty` VALUES(588, 98, 'blurb', NULL, 1, '2012-03-06 02:11:08', 98);
INSERT INTO `family_userproperty` VALUES(589, 99, 'phone_number', NULL, 1, '2012-03-06 02:14:59', 99);
INSERT INTO `family_userproperty` VALUES(590, 99, 'address', '2385 Williams St, Palo Alto CA 94306', 1, '2012-03-07 02:59:31', 89);
INSERT INTO `family_userproperty` VALUES(591, 99, 'skype', NULL, 1, '2012-03-06 02:15:00', 99);
INSERT INTO `family_userproperty` VALUES(592, 99, 'email', NULL, 1, '2012-03-07 02:59:31', 89);
INSERT INTO `family_userproperty` VALUES(593, 99, 'birthday', NULL, 1, '2012-03-06 02:15:06', 98);
INSERT INTO `family_userproperty` VALUES(594, 99, 'blurb', NULL, 1, '2012-03-06 02:15:00', 99);
INSERT INTO `family_userproperty` VALUES(661, 111, 'phone_number', NULL, 1, '2012-03-08 02:17:38', 111);
INSERT INTO `family_userproperty` VALUES(662, 111, 'address', NULL, 1, '2012-03-08 02:17:39', 111);
INSERT INTO `family_userproperty` VALUES(663, 111, 'skype', NULL, 1, '2012-03-08 02:17:39', 111);
INSERT INTO `family_userproperty` VALUES(664, 111, 'email', NULL, 1, '2012-03-08 02:17:39', 111);
INSERT INTO `family_userproperty` VALUES(665, 111, 'birthday', NULL, 1, '2012-03-08 02:17:42', 71);
INSERT INTO `family_userproperty` VALUES(666, 111, 'blurb', NULL, 1, '2012-03-08 02:17:40', 111);
INSERT INTO `family_userproperty` VALUES(667, 112, 'phone_number', NULL, 1, '2012-03-09 12:49:03', 112);
INSERT INTO `family_userproperty` VALUES(668, 112, 'address', NULL, 1, '2012-03-09 12:49:04', 112);
INSERT INTO `family_userproperty` VALUES(669, 112, 'skype', NULL, 1, '2012-03-09 12:49:05', 112);
INSERT INTO `family_userproperty` VALUES(670, 112, 'email', NULL, 1, '2012-03-09 12:49:05', 112);
INSERT INTO `family_userproperty` VALUES(671, 112, 'birthday', NULL, 1, '2012-03-09 12:49:06', 112);
INSERT INTO `family_userproperty` VALUES(672, 112, 'blurb', NULL, 1, '2012-03-09 12:49:06', 112);
INSERT INTO `family_userproperty` VALUES(673, 113, 'phone_number', NULL, 1, '2012-03-09 16:56:06', 113);
INSERT INTO `family_userproperty` VALUES(674, 113, 'address', NULL, 1, '2012-03-09 16:56:06', 113);
INSERT INTO `family_userproperty` VALUES(675, 113, 'skype', NULL, 1, '2012-03-09 16:56:07', 113);
INSERT INTO `family_userproperty` VALUES(676, 113, 'email', NULL, 1, '2012-03-09 16:56:25', 112);
INSERT INTO `family_userproperty` VALUES(677, 113, 'birthday', NULL, 1, '2012-03-09 16:56:26', 112);
INSERT INTO `family_userproperty` VALUES(678, 113, 'blurb', NULL, 1, '2012-03-09 16:56:07', 113);
INSERT INTO `family_userproperty` VALUES(679, 114, 'phone_number', NULL, 1, '2012-03-09 16:58:27', 114);
INSERT INTO `family_userproperty` VALUES(680, 114, 'address', NULL, 1, '2012-03-09 16:58:28', 114);
INSERT INTO `family_userproperty` VALUES(681, 114, 'skype', NULL, 1, '2012-03-09 16:58:28', 114);
INSERT INTO `family_userproperty` VALUES(682, 114, 'email', NULL, 1, '2012-03-09 16:58:33', 112);
INSERT INTO `family_userproperty` VALUES(683, 114, 'birthday', NULL, 1, '2012-03-09 16:58:34', 112);
INSERT INTO `family_userproperty` VALUES(684, 114, 'blurb', NULL, 1, '2012-03-09 16:58:29', 114);
INSERT INTO `family_userproperty` VALUES(685, 115, 'phone_number', NULL, 1, '2012-03-09 16:59:14', 115);
INSERT INTO `family_userproperty` VALUES(686, 115, 'address', NULL, 1, '2012-03-09 16:59:15', 115);
INSERT INTO `family_userproperty` VALUES(687, 115, 'skype', NULL, 1, '2012-03-09 16:59:15', 115);
INSERT INTO `family_userproperty` VALUES(688, 115, 'email', NULL, 1, '2012-03-09 16:59:20', 112);
INSERT INTO `family_userproperty` VALUES(689, 115, 'birthday', NULL, 1, '2012-03-09 16:59:21', 112);
INSERT INTO `family_userproperty` VALUES(690, 115, 'blurb', NULL, 1, '2012-03-09 16:59:16', 115);
INSERT INTO `family_userproperty` VALUES(691, 116, 'phone_number', NULL, 1, '2012-03-09 17:00:00', 116);
INSERT INTO `family_userproperty` VALUES(692, 116, 'address', NULL, 1, '2012-03-09 17:00:00', 116);
INSERT INTO `family_userproperty` VALUES(693, 116, 'skype', NULL, 1, '2012-03-09 17:00:00', 116);
INSERT INTO `family_userproperty` VALUES(694, 116, 'email', NULL, 1, '2012-03-09 17:00:06', 112);
INSERT INTO `family_userproperty` VALUES(695, 116, 'birthday', NULL, 1, '2012-03-09 17:00:07', 112);
INSERT INTO `family_userproperty` VALUES(696, 116, 'blurb', NULL, 1, '2012-03-09 17:00:01', 116);
INSERT INTO `family_userproperty` VALUES(697, 117, 'phone_number', NULL, 1, '2012-03-12 03:09:55', 117);
INSERT INTO `family_userproperty` VALUES(698, 117, 'address', NULL, 1, '2012-03-12 03:09:55', 117);
INSERT INTO `family_userproperty` VALUES(699, 117, 'skype', NULL, 1, '2012-03-12 03:09:56', 117);
INSERT INTO `family_userproperty` VALUES(702, 117, 'blurb', NULL, 1, '2012-03-12 03:09:56', 117);
INSERT INTO `family_userproperty` VALUES(715, 120, 'phone_number', NULL, 1, '2012-03-17 13:19:50', 120);
INSERT INTO `family_userproperty` VALUES(716, 120, 'address', NULL, 1, '2012-03-17 13:19:50', 120);
INSERT INTO `family_userproperty` VALUES(717, 120, 'skype', NULL, 1, '2012-03-17 13:19:50', 120);
INSERT INTO `family_userproperty` VALUES(718, 120, 'email', NULL, 1, '2012-03-17 13:20:00', 19);
INSERT INTO `family_userproperty` VALUES(719, 120, 'birthday', NULL, 1, '2012-03-17 13:19:51', 120);
INSERT INTO `family_userproperty` VALUES(720, 120, 'blurb', NULL, 1, '2012-03-17 13:19:51', 120);
INSERT INTO `family_userproperty` VALUES(721, 121, 'phone_number', NULL, 1, '2012-03-17 16:11:03', 121);
INSERT INTO `family_userproperty` VALUES(722, 121, 'address', NULL, 1, '2012-03-17 16:11:03', 121);
INSERT INTO `family_userproperty` VALUES(723, 121, 'skype', NULL, 1, '2012-03-17 16:11:03', 121);
INSERT INTO `family_userproperty` VALUES(724, 121, 'email', NULL, 1, '2012-03-18 17:50:40', 121);
INSERT INTO `family_userproperty` VALUES(725, 121, 'birthday', NULL, 1, '2012-03-17 16:11:04', 121);
INSERT INTO `family_userproperty` VALUES(726, 121, 'blurb', NULL, 1, '2012-03-17 16:11:04', 121);
INSERT INTO `family_userproperty` VALUES(745, 125, 'phone_number', NULL, 1, '2012-03-19 15:56:54', 125);
INSERT INTO `family_userproperty` VALUES(746, 125, 'address', NULL, 1, '2012-03-19 15:56:54', 125);
INSERT INTO `family_userproperty` VALUES(747, 125, 'skype', NULL, 1, '2012-03-19 15:56:54', 125);
INSERT INTO `family_userproperty` VALUES(748, 125, 'email', NULL, 1, '2012-03-19 15:56:59', 21);
INSERT INTO `family_userproperty` VALUES(749, 125, 'birthday', NULL, 1, '2012-03-19 15:57:00', 21);
INSERT INTO `family_userproperty` VALUES(750, 125, 'blurb', NULL, 1, '2012-03-19 15:56:55', 125);
INSERT INTO `family_userproperty` VALUES(763, 128, 'phone_number', NULL, 1, '2012-03-20 02:25:19', 128);
INSERT INTO `family_userproperty` VALUES(764, 128, 'address', NULL, 1, '2012-03-20 02:25:19', 128);
INSERT INTO `family_userproperty` VALUES(765, 128, 'skype', NULL, 1, '2012-03-20 02:25:20', 128);
INSERT INTO `family_userproperty` VALUES(766, 128, 'email', NULL, 1, '2012-03-20 02:25:27', 19);
INSERT INTO `family_userproperty` VALUES(767, 128, 'birthday', NULL, 1, '2012-03-20 02:25:20', 128);
INSERT INTO `family_userproperty` VALUES(768, 128, 'blurb', NULL, 1, '2012-03-20 02:25:21', 128);
INSERT INTO `family_userproperty` VALUES(769, 129, 'phone_number', NULL, 1, '2012-03-20 02:26:27', 129);
INSERT INTO `family_userproperty` VALUES(770, 129, 'address', '26803 SE 9th Way,', 1, '2012-03-20 02:26:34', 21);
INSERT INTO `family_userproperty` VALUES(771, 129, 'skype', NULL, 1, '2012-03-20 02:26:28', 129);
INSERT INTO `family_userproperty` VALUES(772, 129, 'email', NULL, 1, '2012-03-20 02:26:33', 21);
INSERT INTO `family_userproperty` VALUES(773, 129, 'birthday', NULL, 1, '2012-03-20 02:26:35', 21);
INSERT INTO `family_userproperty` VALUES(774, 129, 'blurb', NULL, 1, '2012-03-20 02:26:29', 129);
INSERT INTO `family_userproperty` VALUES(799, 135, 'phone_number', NULL, 1, '2012-03-21 08:51:10', 135);
INSERT INTO `family_userproperty` VALUES(800, 135, 'address', NULL, 1, '2012-03-21 08:51:10', 135);
INSERT INTO `family_userproperty` VALUES(801, 135, 'skype', NULL, 1, '2012-03-21 08:51:10', 135);
INSERT INTO `family_userproperty` VALUES(802, 135, 'email', NULL, 1, '2012-03-21 08:51:10', 135);
INSERT INTO `family_userproperty` VALUES(803, 135, 'birthday', NULL, 1, '2012-03-21 08:51:10', 135);
INSERT INTO `family_userproperty` VALUES(804, 135, 'blurb', NULL, 1, '2012-03-21 08:51:10', 135);
INSERT INTO `family_userproperty` VALUES(805, 136, 'phone_number', '2069928786', 1, '2012-03-21 15:30:00', 136);
INSERT INTO `family_userproperty` VALUES(806, 136, 'address', '1337 fake st.', 1, '2012-03-21 15:30:02', 136);
INSERT INTO `family_userproperty` VALUES(807, 136, 'skype', 'Jake.milla', 1, '2012-03-21 15:30:01', 136);
INSERT INTO `family_userproperty` VALUES(808, 136, 'email', NULL, 1, '2012-03-21 15:30:00', 136);
INSERT INTO `family_userproperty` VALUES(809, 136, 'birthday', NULL, 1, '2012-03-21 15:30:04', 136);
INSERT INTO `family_userproperty` VALUES(810, 136, 'blurb', NULL, 1, '2012-03-21 14:53:31', 136);
INSERT INTO `family_userproperty` VALUES(811, 137, 'phone_number', NULL, 1, '2012-03-26 02:09:40', 137);
INSERT INTO `family_userproperty` VALUES(812, 137, 'address', NULL, 1, '2012-03-26 02:09:40', 137);
INSERT INTO `family_userproperty` VALUES(813, 137, 'skype', NULL, 1, '2012-03-26 02:09:41', 137);
INSERT INTO `family_userproperty` VALUES(814, 137, 'email', NULL, 1, '2012-03-26 02:09:41', 137);
INSERT INTO `family_userproperty` VALUES(815, 137, 'birthday', NULL, 1, '2012-03-26 02:09:41', 137);
INSERT INTO `family_userproperty` VALUES(816, 137, 'blurb', NULL, 1, '2012-03-26 02:09:41', 137);
INSERT INTO `family_userproperty` VALUES(817, 138, 'phone_number', NULL, 1, '2012-03-26 03:20:06', 138);
INSERT INTO `family_userproperty` VALUES(818, 138, 'address', NULL, 1, '2012-03-26 03:20:06', 138);
INSERT INTO `family_userproperty` VALUES(819, 138, 'skype', NULL, 1, '2012-03-26 03:20:06', 138);
INSERT INTO `family_userproperty` VALUES(820, 138, 'email', NULL, 1, '2012-06-11 22:40:14', 137);
INSERT INTO `family_userproperty` VALUES(821, 138, 'birthday', NULL, 1, '2012-03-26 03:20:07', 138);
INSERT INTO `family_userproperty` VALUES(822, 138, 'blurb', NULL, 1, '2012-03-26 03:20:07', 138);
INSERT INTO `family_userproperty` VALUES(823, 139, 'phone_number', '2069928786', 1, '2012-04-01 01:12:28', 139);
INSERT INTO `family_userproperty` VALUES(824, 139, 'address', '314 23nd st', 1, '2012-04-01 01:12:30', 139);
INSERT INTO `family_userproperty` VALUES(825, 139, 'skype', 'Jake.milla', 1, '2012-04-01 01:12:29', 139);
INSERT INTO `family_userproperty` VALUES(826, 139, 'email', NULL, 1, '2012-04-01 01:12:27', 139);
INSERT INTO `family_userproperty` VALUES(827, 139, 'birthday', NULL, 1, '2012-04-01 01:12:33', 139);
INSERT INTO `family_userproperty` VALUES(828, 139, 'blurb', NULL, 1, '2012-03-30 18:26:21', 139);
INSERT INTO `family_userproperty` VALUES(829, 140, 'phone_number', NULL, 1, '2012-04-05 16:31:50', 140);
INSERT INTO `family_userproperty` VALUES(830, 140, 'address', NULL, 1, '2012-04-05 16:31:50', 140);
INSERT INTO `family_userproperty` VALUES(831, 140, 'skype', NULL, 1, '2012-04-05 16:31:51', 140);
INSERT INTO `family_userproperty` VALUES(832, 140, 'email', NULL, 1, '2012-04-05 16:31:51', 140);
INSERT INTO `family_userproperty` VALUES(833, 140, 'birthday', NULL, 1, '2012-04-05 16:31:51', 140);
INSERT INTO `family_userproperty` VALUES(834, 140, 'blurb', NULL, 1, '2012-04-05 16:31:51', 140);
INSERT INTO `family_userproperty` VALUES(835, 141, 'phone_number', NULL, 1, '2012-04-05 16:32:16', 141);
INSERT INTO `family_userproperty` VALUES(836, 141, 'address', NULL, 1, '2012-04-05 16:32:16', 141);
INSERT INTO `family_userproperty` VALUES(837, 141, 'skype', NULL, 1, '2012-04-05 16:32:16', 141);
INSERT INTO `family_userproperty` VALUES(838, 141, 'email', NULL, 1, '2012-04-05 16:32:17', 141);
INSERT INTO `family_userproperty` VALUES(839, 141, 'birthday', NULL, 1, '2012-04-05 16:32:17', 141);
INSERT INTO `family_userproperty` VALUES(840, 141, 'blurb', NULL, 1, '2012-04-05 16:32:17', 141);
INSERT INTO `family_userproperty` VALUES(841, 142, 'phone_number', NULL, 1, '2012-04-05 23:54:49', 142);
INSERT INTO `family_userproperty` VALUES(842, 142, 'address', NULL, 1, '2012-04-05 23:54:50', 142);
INSERT INTO `family_userproperty` VALUES(843, 142, 'skype', NULL, 1, '2012-04-05 23:54:50', 142);
INSERT INTO `family_userproperty` VALUES(844, 142, 'email', NULL, 1, '2012-04-05 23:54:50', 142);
INSERT INTO `family_userproperty` VALUES(845, 142, 'birthday', NULL, 1, '2012-04-05 23:54:50', 142);
INSERT INTO `family_userproperty` VALUES(846, 142, 'blurb', NULL, 1, '2012-04-05 23:54:51', 142);
INSERT INTO `family_userproperty` VALUES(853, 144, 'phone_number', NULL, 1, '2012-04-11 02:01:54', 144);
INSERT INTO `family_userproperty` VALUES(854, 144, 'address', NULL, 1, '2012-04-11 02:01:55', 144);
INSERT INTO `family_userproperty` VALUES(855, 144, 'skype', NULL, 1, '2012-04-11 02:01:55', 144);
INSERT INTO `family_userproperty` VALUES(856, 144, 'email', NULL, 1, '2012-04-11 02:01:55', 144);
INSERT INTO `family_userproperty` VALUES(857, 144, 'birthday', NULL, 1, '2012-04-11 02:01:55', 144);
INSERT INTO `family_userproperty` VALUES(858, 144, 'blurb', NULL, 1, '2012-04-11 02:01:56', 144);
INSERT INTO `family_userproperty` VALUES(871, 147, 'phone_number', NULL, 1, '2012-04-30 12:32:27', 147);
INSERT INTO `family_userproperty` VALUES(872, 147, 'address', NULL, 1, '2012-04-30 12:32:28', 147);
INSERT INTO `family_userproperty` VALUES(873, 147, 'skype', NULL, 1, '2012-04-30 12:32:28', 147);
INSERT INTO `family_userproperty` VALUES(875, 147, 'birthday', NULL, 1, '2012-04-30 12:32:28', 147);
INSERT INTO `family_userproperty` VALUES(876, 147, 'blurb', NULL, 1, '2012-04-30 12:32:29', 147);
INSERT INTO `family_userproperty` VALUES(877, 148, 'phone_number', NULL, 1, '2012-04-30 12:32:42', 148);
INSERT INTO `family_userproperty` VALUES(878, 148, 'address', NULL, 1, '2012-04-30 12:32:43', 148);
INSERT INTO `family_userproperty` VALUES(879, 148, 'skype', NULL, 1, '2012-04-30 12:32:43', 148);
INSERT INTO `family_userproperty` VALUES(881, 148, 'birthday', NULL, 1, '2012-04-30 12:32:43', 148);
INSERT INTO `family_userproperty` VALUES(882, 148, 'blurb', NULL, 1, '2012-04-30 12:32:44', 148);
INSERT INTO `family_userproperty` VALUES(1027, 173, 'phone_number', NULL, 1, '2012-05-28 19:27:36', 173);
INSERT INTO `family_userproperty` VALUES(1028, 173, 'address', NULL, 1, '2012-05-28 19:27:36', 173);
INSERT INTO `family_userproperty` VALUES(1029, 173, 'skype', NULL, 1, '2012-05-28 19:27:36', 173);
INSERT INTO `family_userproperty` VALUES(1030, 173, 'email', NULL, 1, '2012-05-28 19:27:36', 21);
INSERT INTO `family_userproperty` VALUES(1031, 173, 'birthday', NULL, 1, '2012-05-28 19:27:36', 173);
INSERT INTO `family_userproperty` VALUES(1032, 173, 'blurb', NULL, 1, '2012-05-28 19:27:36', 173);
INSERT INTO `family_userproperty` VALUES(1033, 174, 'phone_number', NULL, 1, '2012-06-04 16:39:33', 174);
INSERT INTO `family_userproperty` VALUES(1034, 174, 'address', NULL, 1, '2012-06-04 16:39:33', 174);
INSERT INTO `family_userproperty` VALUES(1035, 174, 'skype', NULL, 1, '2012-06-04 16:39:33', 174);
INSERT INTO `family_userproperty` VALUES(1036, 174, 'email', NULL, 1, '2012-06-04 16:39:33', 174);
INSERT INTO `family_userproperty` VALUES(1037, 174, 'birthday', NULL, 1, '2012-06-04 16:39:33', 174);
INSERT INTO `family_userproperty` VALUES(1038, 174, 'blurb', NULL, 1, '2012-06-04 16:39:33', 174);
INSERT INTO `family_userproperty` VALUES(1039, 175, 'phone_number', NULL, 1, '2012-06-07 16:42:27', 175);
INSERT INTO `family_userproperty` VALUES(1040, 175, 'address', NULL, 1, '2012-06-07 16:42:27', 175);
INSERT INTO `family_userproperty` VALUES(1041, 175, 'skype', NULL, 1, '2012-06-07 16:42:27', 175);
INSERT INTO `family_userproperty` VALUES(1042, 175, 'email', NULL, 1, '2012-06-07 16:42:27', 175);
INSERT INTO `family_userproperty` VALUES(1043, 175, 'birthday', NULL, 1, '2012-06-07 16:42:28', 21);
INSERT INTO `family_userproperty` VALUES(1044, 175, 'blurb', NULL, 1, '2012-06-07 16:42:27', 175);
INSERT INTO `family_userproperty` VALUES(1045, 176, 'phone_number', NULL, 1, '2012-06-07 16:42:42', 176);
INSERT INTO `family_userproperty` VALUES(1046, 176, 'address', NULL, 1, '2012-06-07 16:42:42', 176);
INSERT INTO `family_userproperty` VALUES(1047, 176, 'skype', NULL, 1, '2012-06-07 16:42:42', 176);
INSERT INTO `family_userproperty` VALUES(1048, 176, 'email', NULL, 1, '2012-06-07 16:42:42', 176);
INSERT INTO `family_userproperty` VALUES(1049, 176, 'birthday', NULL, 1, '2012-06-07 16:42:42', 21);
INSERT INTO `family_userproperty` VALUES(1050, 176, 'blurb', NULL, 1, '2012-06-07 16:42:42', 176);
INSERT INTO `family_userproperty` VALUES(1051, 177, 'phone_number', NULL, 1, '2012-06-07 16:43:14', 177);
INSERT INTO `family_userproperty` VALUES(1052, 177, 'address', NULL, 1, '2012-06-07 16:43:14', 177);
INSERT INTO `family_userproperty` VALUES(1053, 177, 'skype', NULL, 1, '2012-06-07 16:43:14', 177);
INSERT INTO `family_userproperty` VALUES(1054, 177, 'email', NULL, 1, '2012-06-07 16:43:14', 177);
INSERT INTO `family_userproperty` VALUES(1055, 177, 'birthday', NULL, 1, '2012-06-07 16:43:15', 21);
INSERT INTO `family_userproperty` VALUES(1056, 177, 'blurb', NULL, 1, '2012-06-07 16:43:14', 177);
INSERT INTO `family_userproperty` VALUES(1057, 178, 'phone_number', NULL, 1, '2012-06-07 16:53:06', 178);
INSERT INTO `family_userproperty` VALUES(1058, 178, 'address', NULL, 1, '2012-06-07 16:53:06', 178);
INSERT INTO `family_userproperty` VALUES(1059, 178, 'skype', NULL, 1, '2012-06-07 16:53:06', 178);
INSERT INTO `family_userproperty` VALUES(1060, 178, 'email', NULL, 1, '2012-06-07 16:53:06', 178);
INSERT INTO `family_userproperty` VALUES(1061, 178, 'birthday', NULL, 1, '2012-06-07 16:53:06', 21);
INSERT INTO `family_userproperty` VALUES(1062, 178, 'blurb', NULL, 1, '2012-06-07 16:53:06', 178);
INSERT INTO `family_userproperty` VALUES(1063, 179, 'phone_number', NULL, 1, '2012-06-07 16:53:31', 179);
INSERT INTO `family_userproperty` VALUES(1064, 179, 'address', NULL, 1, '2012-06-07 16:53:31', 179);
INSERT INTO `family_userproperty` VALUES(1065, 179, 'skype', NULL, 1, '2012-06-07 16:53:31', 179);
INSERT INTO `family_userproperty` VALUES(1066, 179, 'email', NULL, 1, '2012-06-07 16:53:31', 179);
INSERT INTO `family_userproperty` VALUES(1067, 179, 'birthday', NULL, 1, '2012-06-07 16:53:31', 21);
INSERT INTO `family_userproperty` VALUES(1068, 179, 'blurb', NULL, 1, '2012-06-07 16:53:31', 179);
INSERT INTO `family_userproperty` VALUES(1069, 180, 'phone_number', NULL, 1, '2012-06-07 16:59:03', 180);
INSERT INTO `family_userproperty` VALUES(1070, 180, 'address', NULL, 1, '2012-06-07 16:59:03', 180);
INSERT INTO `family_userproperty` VALUES(1071, 180, 'skype', NULL, 1, '2012-06-07 16:59:03', 180);
INSERT INTO `family_userproperty` VALUES(1072, 180, 'email', NULL, 1, '2012-06-07 16:59:33', 21);
INSERT INTO `family_userproperty` VALUES(1073, 180, 'birthday', NULL, 1, '2012-06-07 16:59:03', 180);
INSERT INTO `family_userproperty` VALUES(1074, 180, 'blurb', NULL, 1, '2012-06-07 16:59:03', 180);
INSERT INTO `family_userproperty` VALUES(1075, 181, 'phone_number', NULL, 1, '2012-06-07 17:00:12', 181);
INSERT INTO `family_userproperty` VALUES(1076, 181, 'address', NULL, 1, '2012-06-07 17:00:12', 181);
INSERT INTO `family_userproperty` VALUES(1077, 181, 'skype', NULL, 1, '2012-06-07 17:00:12', 181);
INSERT INTO `family_userproperty` VALUES(1078, 181, 'email', NULL, 1, '2012-06-07 17:00:14', 21);
INSERT INTO `family_userproperty` VALUES(1079, 181, 'birthday', NULL, 1, '2012-06-07 17:00:12', 181);
INSERT INTO `family_userproperty` VALUES(1080, 181, 'blurb', NULL, 1, '2012-06-07 17:00:12', 181);
INSERT INTO `family_userproperty` VALUES(1081, 182, 'phone_number', NULL, 1, '2012-06-07 17:00:34', 182);
INSERT INTO `family_userproperty` VALUES(1082, 182, 'address', NULL, 1, '2012-06-07 17:00:34', 182);
INSERT INTO `family_userproperty` VALUES(1083, 182, 'skype', NULL, 1, '2012-06-07 17:00:34', 182);
INSERT INTO `family_userproperty` VALUES(1084, 182, 'email', NULL, 1, '2012-06-11 22:35:04', 21);
INSERT INTO `family_userproperty` VALUES(1085, 182, 'birthday', NULL, 1, '2012-06-07 17:00:34', 182);
INSERT INTO `family_userproperty` VALUES(1086, 182, 'blurb', NULL, 1, '2012-06-07 17:00:34', 182);
INSERT INTO `family_userproperty` VALUES(1087, 183, 'phone_number', NULL, 1, '2012-06-07 17:00:34', 183);
INSERT INTO `family_userproperty` VALUES(1088, 183, 'address', NULL, 1, '2012-06-07 17:00:34', 183);
INSERT INTO `family_userproperty` VALUES(1089, 183, 'skype', NULL, 1, '2012-06-07 17:00:34', 183);
INSERT INTO `family_userproperty` VALUES(1090, 183, 'email', NULL, 1, '2012-06-11 22:31:07', 21);
INSERT INTO `family_userproperty` VALUES(1091, 183, 'birthday', NULL, 1, '2012-06-07 17:00:34', 183);
INSERT INTO `family_userproperty` VALUES(1092, 183, 'blurb', NULL, 1, '2012-06-07 17:00:34', 183);
INSERT INTO `family_userproperty` VALUES(1093, 184, 'phone_number', NULL, 1, '2012-06-07 17:01:25', 184);
INSERT INTO `family_userproperty` VALUES(1094, 184, 'address', NULL, 1, '2012-06-07 17:01:25', 184);
INSERT INTO `family_userproperty` VALUES(1095, 184, 'skype', NULL, 1, '2012-06-07 17:01:25', 184);
INSERT INTO `family_userproperty` VALUES(1096, 184, 'email', NULL, 1, '2012-06-11 22:30:44', 21);
INSERT INTO `family_userproperty` VALUES(1097, 184, 'birthday', NULL, 1, '2012-06-07 17:01:25', 184);
INSERT INTO `family_userproperty` VALUES(1098, 184, 'blurb', NULL, 1, '2012-06-07 17:01:25', 184);
INSERT INTO `family_userproperty` VALUES(1099, 185, 'phone_number', NULL, 1, '2012-06-07 17:01:42', 185);
INSERT INTO `family_userproperty` VALUES(1100, 185, 'address', NULL, 1, '2012-06-07 17:01:42', 185);
INSERT INTO `family_userproperty` VALUES(1101, 185, 'skype', NULL, 1, '2012-06-07 17:01:42', 185);
INSERT INTO `family_userproperty` VALUES(1102, 185, 'email', NULL, 1, '2012-06-07 17:01:42', 185);
INSERT INTO `family_userproperty` VALUES(1103, 185, 'birthday', NULL, 1, '2012-06-07 17:01:42', 21);
INSERT INTO `family_userproperty` VALUES(1104, 185, 'blurb', NULL, 1, '2012-06-07 17:01:42', 185);
INSERT INTO `family_userproperty` VALUES(1105, 186, 'phone_number', '', 1, '2012-07-08 20:37:48', 21);
INSERT INTO `family_userproperty` VALUES(1106, 186, 'address', '', 1, '2012-07-08 20:37:48', 21);
INSERT INTO `family_userproperty` VALUES(1107, 186, 'skype', NULL, 1, '2012-07-08 20:37:48', 21);
INSERT INTO `family_userproperty` VALUES(1108, 186, 'email', NULL, 1, '2012-07-08 20:37:48', 21);
INSERT INTO `family_userproperty` VALUES(1109, 186, 'birthday', NULL, 1, '2012-07-08 20:37:48', 21);
INSERT INTO `family_userproperty` VALUES(1110, 186, 'blurb', NULL, 1, '2012-07-08 20:37:48', 21);
INSERT INTO `family_userproperty` VALUES(1111, 187, 'phone_number', '', 1, '2012-07-08 20:40:45', 21);
INSERT INTO `family_userproperty` VALUES(1112, 187, 'address', '', 1, '2012-07-08 20:40:45', 21);
INSERT INTO `family_userproperty` VALUES(1113, 187, 'skype', NULL, 1, '2012-07-08 20:40:45', 21);
INSERT INTO `family_userproperty` VALUES(1114, 187, 'email', NULL, 1, '2012-07-08 20:40:45', 21);
INSERT INTO `family_userproperty` VALUES(1115, 187, 'birthday', NULL, 1, '2012-07-08 20:40:45', 21);
INSERT INTO `family_userproperty` VALUES(1116, 187, 'blurb', NULL, 1, '2012-07-08 20:40:45', 21);

-- --------------------------------------------------------

--
-- Table structure for table `life_emailprompt`
--

DROP TABLE IF EXISTS `life_emailprompt`;
CREATE TABLE `life_emailprompt` (
  `id` int(11) NOT NULL AUTO_INCREMENT,
  `text` longtext,
  `sent_count` int(11) NOT NULL DEFAULT '0',
  `reply_count` int(11) NOT NULL DEFAULT '0',
  `date_created` datetime NOT NULL,
  PRIMARY KEY (`id`)
) ENGINE=InnoDB DEFAULT CHARSET=utf8 AUTO_INCREMENT=1 ;

--
-- Dumping data for table `life_emailprompt`
--


-- --------------------------------------------------------

--
-- Table structure for table `life_lifestream`
--

DROP TABLE IF EXISTS `life_lifestream`;
CREATE TABLE `life_lifestream` (
  `id` int(11) NOT NULL AUTO_INCREMENT,
  `from_profile_id` int(11) NOT NULL,
  `date_created` datetime NOT NULL,
  `text` longtext,
  `unifying_id` int(11),
  `to_family_id` int(11) NOT NULL,
  `origin` varchar(1) NOT NULL,
  PRIMARY KEY (`id`),
  KEY `engine_lifestream_7d8b07c6` (`from_profile_id`),
  KEY `engine_lifestream_e8d1c74d` (`to_family_id`)
) ENGINE=InnoDB  DEFAULT CHARSET=utf8 AUTO_INCREMENT=10 ;

--
-- Dumping data for table `life_lifestream`
--

INSERT INTO `life_lifestream` VALUES(1, 19, '2012-08-08 09:15:55', 'Testing...', 1, 9, 'W');
INSERT INTO `life_lifestream` VALUES(2, 19, '2012-08-08 09:15:55', 'Testing...', 1, 11, 'W');
INSERT INTO `life_lifestream` VALUES(3, 19, '2012-08-08 09:15:55', 'Testing...', 1, 37, 'W');
INSERT INTO `life_lifestream` VALUES(4, 19, '2012-08-08 09:15:55', 'Testing...', 1, 41, 'W');
INSERT INTO `life_lifestream` VALUES(5, 19, '2012-08-08 09:15:55', 'Testing...', 1, 53, 'W');
INSERT INTO `life_lifestream` VALUES(6, 19, '2012-08-08 09:15:55', 'Testing...', 1, 54, 'W');
INSERT INTO `life_lifestream` VALUES(7, 19, '2012-08-08 09:15:55', 'Testing...', 1, 55, 'W');
INSERT INTO `life_lifestream` VALUES(8, 19, '2012-08-08 09:15:55', 'Testing...', 1, 56, 'W');
INSERT INTO `life_lifestream` VALUES(9, 19, '2012-08-08 09:15:55', 'Testing...', 1, 57, 'W');

-- --------------------------------------------------------

--
-- Table structure for table `life_subscription`
--

DROP TABLE IF EXISTS `life_subscription`;
CREATE TABLE `life_subscription` (
  `user_profile_id` int(11) NOT NULL,
  `date_created` datetime NOT NULL,
  `date_last_used` datetime DEFAULT NULL,
  `preferred_time` varchar(4),
  `region_code` varchar(2),
  `country_code` int(11),
  `phone_number` varchar(32),
  `indexed_phone_number` varchar(64) DEFAULT NULL,
  `frequency` varchar(1) NOT NULL,
  `subscription_type` varchar(1) NOT NULL,
  `utc_preferred_time` varchar(4),
  `date_created_text` datetime,
  `is_stopped` tinyint(1) NOT NULL,
  `stopped_date` datetime,
  `random_time` varchar(4),
  `number_texts_sent` int(11) NOT NULL,
  `last_text_prompt_id` int(11),
  `last_email_prompt_id` int(11),
  `index_custom_text` int(11) NOT NULL,
  UNIQUE KEY `life_subscription_user_profile_id_1044b0356ab6d3b6_uniq` (`user_profile_id`),
  UNIQUE KEY `life_subscription_indexed_phone_number_2d88c4252d207882_uniq` (`indexed_phone_number`),
  KEY `life_subscription_634d39b9` (`user_profile_id`),
  KEY `life_subscription_2f27533f` (`indexed_phone_number`),
  KEY `life_subscription_26020b45` (`last_text_prompt_id`),
  KEY `life_subscription_d8015715` (`last_email_prompt_id`)
) ENGINE=InnoDB DEFAULT CHARSET=utf8;

--
-- Dumping data for table `life_subscription`
--

INSERT INTO `life_subscription` VALUES(19, '2012-08-23 08:23:25', NULL, NULL, NULL, NULL, NULL, NULL, 'D', 'E', NULL, NULL, 0, NULL, NULL, 0, NULL, NULL, 1);

-- --------------------------------------------------------

--
-- Table structure for table `life_textprompt`
--

DROP TABLE IF EXISTS `life_textprompt`;
CREATE TABLE `life_textprompt` (
  `id` int(11) NOT NULL AUTO_INCREMENT,
  `text` longtext,
  `sent_count` int(11) NOT NULL DEFAULT '0',
  `reply_count` int(11) NOT NULL DEFAULT '0',
  `date_created` datetime NOT NULL,
  PRIMARY KEY (`id`)
) ENGINE=InnoDB DEFAULT CHARSET=utf8 AUTO_INCREMENT=1 ;

--
-- Dumping data for table `life_textprompt`
--


-- --------------------------------------------------------

--
-- Table structure for table `mailer_email`
--

DROP TABLE IF EXISTS `mailer_email`;
CREATE TABLE `mailer_email` (
  `id` int(11) NOT NULL AUTO_INCREMENT,
  `_from` varchar(255) DEFAULT NULL,
  `subject` varchar(255) DEFAULT NULL,
  `recipient` varchar(255) DEFAULT NULL,
  `sender` varchar(255) DEFAULT NULL,
  `timestamp` bigint(20) DEFAULT NULL,
  `signature` longtext,
  `stripped_text` longtext,
  `body_html` longtext,
  `date_created` datetime DEFAULT NULL,
  PRIMARY KEY (`id`),
  KEY `engine_email_sender` (`sender`)
) ENGINE=InnoDB  DEFAULT CHARSET=utf8 AUTO_INCREMENT=5 ;

--
-- Dumping data for table `mailer_email`
--

INSERT INTO `mailer_email` VALUES(1, 'Wesley Zhao <wesley.zhao@gmail.com>', '', 'staging.register@familyleaf.com', 'wesley.zhao@gmail.com', 1332274302, '', 'Wesley Zhao\r\n\r\n(425) 502 1843\r\nhttp://wesleyzhao.com', '', '2012-03-20 13:08:34');
INSERT INTO `mailer_email` VALUES(2, 'Wesley Zhao <wesley.zhao@gmail.com>', 'Test', 'staging.register@familyleaf.com', 'wesley.zhao@gmail.com', 1332274350, '', 'Wesley Zhao\r\n\r\n(425) 502 1843\r\nhttp://wesleyzhao.com', '', '2012-03-20 13:09:22');
INSERT INTO `mailer_email` VALUES(3, 'Wesley Zhao <wesley.zhao@gmail.com>', '', 'staging.register@familyleaf.com', 'wesley.zhao@gmail.com', 1332274450, '', 'Wesley Zhao\r\n\r\n(425) 502 1843\r\nhttp://wesleyzhao.com', '', '2012-03-20 13:11:02');
INSERT INTO `mailer_email` VALUES(4, 'Wesley Zhao <wesley.zhao@gmail.com>', '', 'staging.register@familyleaf.com', 'wesley.zhao@gmail.com', 1332274678, '', 'Wesley Zhao\r\n\r\n(425) 502 1843\r\nhttp://wesleyzhao.com', '', '2012-03-20 13:14:50');

-- --------------------------------------------------------

--
-- Table structure for table `mailer_emailevent`
--

DROP TABLE IF EXISTS `mailer_emailevent`;
CREATE TABLE `mailer_emailevent` (
  `id` int(11) NOT NULL AUTO_INCREMENT,
  `event` varchar(50) DEFAULT NULL,
  `recipient` varchar(255) DEFAULT NULL,
  `domain` varchar(255) DEFAULT NULL,
  `campaign_id` varchar(50) DEFAULT NULL,
  `tag` varchar(100) DEFAULT NULL,
  `mailing_list` varchar(200) DEFAULT NULL,
  `timestamp` bigint(20) DEFAULT NULL,
  `token` varchar(255) DEFAULT NULL,
  `signature` varchar(255) DEFAULT NULL,
  `date_created` datetime DEFAULT NULL,
  PRIMARY KEY (`id`),
  KEY `engine_emailevent_56f06eea` (`event`),
  KEY `engine_emailevent_1b3667` (`recipient`),
  KEY `engine_emailevent_702b94e6` (`campaign_id`)
) ENGINE=InnoDB  DEFAULT CHARSET=utf8 AUTO_INCREMENT=243 ;

--
-- Dumping data for table `mailer_emailevent`
--

INSERT INTO `mailer_emailevent` VALUES(1, 'opened', 'wesley.zhao@gmail.com', 'familyleaf.com', '85b4', '85b4', NULL, 1332274320, '92k-x5odd7vjj9l--4f3usmo8ucbgjxqig1ht-u1nzjh23sjy4', '13c6caa1d7cec4ea2d8e51e3f4950dbdd0a5707942cfa88d5da3eeaa5e51889c', NULL);
INSERT INTO `mailer_emailevent` VALUES(2, 'opened', 'wesley.zhao@gmail.com', 'familyleaf.com', NULL, NULL, NULL, 1332274342, '14-ctua91le13n3jy-kmf-pwefsja3j24c-68u2xvcr1ssbux2', '81a986265fa117f129eac71f5c5ee347f219d387467c23d1f482db16fef1deb5', NULL);
INSERT INTO `mailer_emailevent` VALUES(3, 'opened', 'wesley.zhao@gmail.com', 'familyleaf.com', '85b4', '85b4', NULL, 1332274356, '74sxujsm-zrymsfimfnvngvjfrswtbuqkv3oo753fuwxiqop44', 'a2f19df0585fdc8af484bd69bc51b33914d60ab53e41b6d9e8a1009a77e00330', NULL);
INSERT INTO `mailer_emailevent` VALUES(4, 'opened', 'wesley.zhao@gmail.com', 'familyleaf.com', '85b4', '85b4', NULL, 1332274413, '3j-lh6sgjrfmab4wy08r00fwxvvpz93bke83g7c3im505k3ut0', 'a22148caabaef49eadd055ca4e188c634ac2fbc42c5adee17c500f11b3dd661f', NULL);
INSERT INTO `mailer_emailevent` VALUES(5, 'opened', 'wesley.zhao@gmail.com', 'familyleaf.com', '85b4', '85b4', NULL, 1332274620, '11la9hz0zngaq1ttw70p8qpwh2vfdt7nyejhrsihg3elxnnmy9', 'c9a8b561031e8e3d797951d174faeb46ab13ce14c70d293b2259e396ae228c2e', NULL);
INSERT INTO `mailer_emailevent` VALUES(6, 'opened', 'wesley.zhao@gmail.com', 'familyleaf.com', '85b4', '85b4', NULL, 1332274628, '6lnjsahom1lee8jldzi61nkf13z63dslzsxsqogg7my5i9pvp2', '7c1aeb33070c0626793e4071875750ba8efc9b3fd02f68a88edb8394ce3d8397', NULL);
INSERT INTO `mailer_emailevent` VALUES(7, 'opened', 'wesley.zhao@gmail.com', 'familyleaf.com', '85b4', '85b4', NULL, 1332274692, '5k5-yx3t0mhgv8ggwlkik7gtyfj2psnmlcoljqq58q08qpsnt8', '198ee0fa6adb7bbb8fe71109d277d954dab0446e2d4276572e5f73e237cbe582', NULL);
INSERT INTO `mailer_emailevent` VALUES(8, 'opened', 'wesley.zhao@gmail.com', 'familyleaf.com', NULL, NULL, NULL, 1332274706, '5k3d57pcnm2mvrqt-4ewml0y9xrumll5ukiw9t5isqqfh5zww2', 'a7c1beb8bdd236cd0c80230c87dc952d5dd33de47b36e0c3fce98ce4eff8afc7', NULL);
INSERT INTO `mailer_emailevent` VALUES(9, 'clicked', 'wesley.zhao@gmail.com', 'familyleaf.com', NULL, NULL, NULL, 1332316790, '62mwqlp89iqhzkftl21-img6bvmc7dwp923-gel9m2yi2t7hz9', '2c15adae6b861c8c509185decc98e8868ec94dcdd732b0957eeea3d321c40219', NULL);
INSERT INTO `mailer_emailevent` VALUES(10, 'clicked', 'yannis.h@gmail.com', 'familyleaf.com', '85bp', '85bp', NULL, 1332317127, '0309ydwqu09359kbdtymt6umv75slu9ptiq5sasuj-s-pk2wm5', '06b67f7a706972e539a0a93c46b8c6bf8773184ce593f69a0be85ea5fe88bb4a', NULL);
INSERT INTO `mailer_emailevent` VALUES(11, 'clicked', 'wesley.zhao@gmail.com', 'familyleaf.com', NULL, NULL, NULL, 1332317347, '5peyvi9tbsmjni0frfyudqcepv8qfl8s8zclidysj9z654ime4', 'abc4a28f2cb6dedb284eeac1aeec3439f75a21e34a90215f8076710fc6ee8b75', NULL);
INSERT INTO `mailer_emailevent` VALUES(12, 'clicked', 'wesley.zhao@gmail.com', 'familyleaf.com', NULL, NULL, NULL, 1332317953, '9ygaka7epqqdu-l14klsn9biphqk7x8bdkw5q1zx0rvh-e8ak5', 'c0b3d398165d8b0ca940c2a73e641792049f23e76119301029dfe4f7f1d0a632', NULL);
INSERT INTO `mailer_emailevent` VALUES(13, 'clicked', 'wesley.zhao@gmail.com', 'familyleaf.com', NULL, NULL, NULL, 1332318581, '2l-fs9g05wqr84n8-mso6dj-d2d3vugejdpd-m6gvzupiq94b0', 'd18bca30e60e6207cb942bb690e760cb9b27fe349332a47303c662755b9e775d', NULL);
INSERT INTO `mailer_emailevent` VALUES(14, 'clicked', 'wesley.zhao@gmail.com', 'familyleaf.com', NULL, NULL, NULL, 1332318591, '0izvkjrk7u5x2g6y145ms1bc2de4knmkppb62z5h4t3gpjhi63', 'f73527bb12911f56d52134e8234115ea43c8116f4d1fe70970d0f504a90dda11', NULL);
INSERT INTO `mailer_emailevent` VALUES(15, 'opened', 'wesley.zhao@gmail.com', 'familyleaf.com', NULL, NULL, NULL, 1332318677, '0k3t6qgd42r22sk7e-90-my92ot5mxl411g4xgpg8ba7f-d2d4', '616b5c543ac070aeddf139db6b20ffe34d8289ed9ccb81831bb42fe2a08fe5a2', NULL);
INSERT INTO `mailer_emailevent` VALUES(16, 'opened', 'wesley.zhao@gmail.com', 'familyleaf.com', NULL, NULL, NULL, 1332318974, '70k8b7dztvp6iopcm6rjnr3shwaacuv0h967wb3763-6kbidv4', 'ad13b4bed59c57c8d89e0dd4beedf2a9815bef815851e372db5899cb767f0007', NULL);
INSERT INTO `mailer_emailevent` VALUES(17, 'opened', 'wesley.zhao@gmail.com', 'familyleaf.com', NULL, NULL, NULL, 1332318983, '11efi8c2rbh30c7ejixnmhxlpteuwg5q50oegcu9-p3vj9oc14', '1db1baebcaa1330a8b90e6ca2e8c45689b6bdcd91aa04e410c6e7332a1dd1c39', NULL);
INSERT INTO `mailer_emailevent` VALUES(18, 'opened', 'wesley.zhao@gmail.com', 'familyleaf.com', NULL, NULL, NULL, 1332319018, '8xhhapink7owr87kvnifc1qin-skk769e4zy4wwwab708laa-6', 'a98753da8ddf58d35ef66c0d7d50288441cd4011e275d21e7ce64dd6757a8dbf', NULL);
INSERT INTO `mailer_emailevent` VALUES(19, 'opened', 'wesley.zhao@gmail.com', 'familyleaf.com', NULL, NULL, NULL, 1332319019, '5eoq0j1ia4wmu8v4pk77d5ln3u4pvm-bwbthwmgq9qnexcjdw0', '87df00ec8f01b35243f3d54b75c5c1c02d64d379aaf425cf997a007cd06ab30e', NULL);
INSERT INTO `mailer_emailevent` VALUES(20, 'clicked', 'wesley.zhao@gmail.com', 'familyleaf.com', NULL, NULL, NULL, 1332319265, '9lsz56gxmxc36deoozwsd1a6ik696s16d4sd8zcvafe6skckj8', '4fd42b4b1d5323315eb9c2df093a9c0d72584b68c7fb3fd5de2044fb5dc6463a', NULL);
INSERT INTO `mailer_emailevent` VALUES(21, 'opened', 'wesley.zhao@gmail.com', 'familyleaf.com', NULL, NULL, NULL, 1332319499, '83o20dppzhbpb3l7thn5fucs3sqcweuowmx30ktauez4flax77', '6163ac8ee78d9f0fd782c79581bf02dbd9565ffdad29a4fb2941c6018e1c9dda', NULL);
INSERT INTO `mailer_emailevent` VALUES(22, 'opened', 'wesley.zhao@gmail.com', 'familyleaf.com', NULL, NULL, NULL, 1332319504, '81g85q85r0nw7it6ho-0yvu2muyrewb80xxi1qd-13avz6j8q7', 'a3bf64b284c70dd8b1971eb77e6ee44bc9c4f18c9dbe174c4362871c015760c7', NULL);
INSERT INTO `mailer_emailevent` VALUES(23, 'clicked', 'fanghzhao98075@yahoo.com', 'familyleaf.com', '85c9', '85c9', NULL, 1332319614, '2viyc3fhswgb6srfpgpnhi86gzu1mhcnsihbm58e-db23k2-03', '7b0a0535d32a63ce6a697b54ad4076dff68eb547b63669749d36ea5eeecb2189', NULL);
INSERT INTO `mailer_emailevent` VALUES(24, 'clicked', 'fanghzhao98075@yahoo.com', 'familyleaf.com', '85c9', '85c9', NULL, 1332319804, '8bxmz1-vg9nwyjlrn3rw69kunfamx0urw-hcj7p1nrp3v5gyk3', '502b356016d91dc628b67a6cb28678f4f1a9f1033a451e13e8183445c325f33b', NULL);
INSERT INTO `mailer_emailevent` VALUES(25, 'clicked', 'wesley.zhao@gmail.com', 'familyleaf.com', NULL, NULL, NULL, 1332320387, '61k1xna13c6pig9zo58lam07j00fbt--p0ud2sqyvfx6lqa-g4', '171bce0119f5d380d9c52fedcf35fb2c39881fcdc0926f503c0d3195e4a86bba', NULL);
INSERT INTO `mailer_emailevent` VALUES(26, 'clicked', 'wesley.zhao@gmail.com', 'familyleaf.com', NULL, NULL, NULL, 1332320887, '1dqowlt7owc219fl3sgb72znb3b5r7qb1-e77u6qrtv37f18b5', '87efe8ef938063211b94c250b58f39d268d32479e0094785082301d37544a5e8', NULL);
INSERT INTO `mailer_emailevent` VALUES(27, 'clicked', 'wesley.zhao@gmail.com', 'familyleaf.com', NULL, NULL, NULL, 1332320937, '8v2fxlil5fk56xq1n6nizcpx-eoj6777lfhp8jmgf40479x179', '83687360c6406bc29dec4060258c1c2b2c83164f8400a5c6e305ec97dc004017', NULL);
INSERT INTO `mailer_emailevent` VALUES(28, 'clicked', 'wesley.zhao@gmail.com', 'familyleaf.com', NULL, NULL, NULL, 1332321786, '14wj94ljqr82f1nj6gmwhskkts2gs6jd5jyq5ljf8ae0r4dxn4', 'b9923f6e698b5413b8e2f7203a6130c06b30c43606acfb16963f72a5dc2a796e', NULL);
INSERT INTO `mailer_emailevent` VALUES(29, 'opened', 'wesley.zhao@gmail.com', 'familyleaf.com', NULL, NULL, NULL, 1332321916, '01vhi49b-hmk5cru4om2f0g8j2z6p9m3isnmp2-xxvmkh9yhg5', '768b3662c14f719cf69b26a821ed7a0b49372108d0d9b5c6b374c3bf95cfd62f', NULL);
INSERT INTO `mailer_emailevent` VALUES(30, 'clicked', 'wesley.zhao@gmail.com', 'familyleaf.com', NULL, NULL, NULL, 1332321930, '8izndh-2gzt4x47xyghuita82pk7zj-g8b626yon-55x9wpuz8', 'e1669fcf8727b3fb85bdc2e9c7e9f8dce3e17e1261cc1b502b87472384943ff5', NULL);
INSERT INTO `mailer_emailevent` VALUES(31, 'opened', 'calvinwyoung@gmail.com', 'familyleaf.com', '85bn', '85bn', NULL, 1332322120, '6-g4xqot-p2q-g7ke-mkiaxuhvz4pk8-u4uvmn58mexfqd82f2', '506babd307ef8d227f5b7c8331dd6cccf450bd830e58263add57340122a60cba', NULL);
INSERT INTO `mailer_emailevent` VALUES(32, 'opened', 'spotgeorge2000@yahoo.com', 'familyleaf.com', '85bp', '85bp', NULL, 1332323511, '9g452uiz4hcy0ar06u5x70prznya51dxz68td4ew3a6owaq9p2', 'b056bcb82b9288221ab1034072a634dec77de1f6daaa2fd9e8948832400e0d93', NULL);
INSERT INTO `mailer_emailevent` VALUES(33, 'clicked', 'spotgeorge2000@yahoo.com', 'familyleaf.com', '85bp', '85bp', NULL, 1332323524, '9ai51u2mass57927n0fn-mwgj25o4mq6-k22o4nxc2zhtfz1i8', '36dc4cba33fb1e08479afc79a1b8c2780dd04730961fddb188d580b8a66b46e7', NULL);
INSERT INTO `mailer_emailevent` VALUES(34, 'clicked', 'spotgeorge2000@yahoo.com', 'familyleaf.com', '85bp', '85bp', NULL, 1332323548, '7c45n13782lt9w3fr4rkd6junyvw--f87q1qq9dia50ccmb1x4', '317b13fb1fd68a24385f12e43dcc8854de7ce51bf8e3b976d86cb450a97e452d', NULL);
INSERT INTO `mailer_emailevent` VALUES(35, 'opened', 'spotgeorge2000@yahoo.com', 'familyleaf.com', '85bp', '85bp', NULL, 1332323589, '3gdup40ivqkzqe5tlhw-cil0-bdilhtlait43p3dnr0jkoc2a0', '150ecf1af1f8d9cf52a51378643392a3663919000eb3faf577ba286f169706fb', NULL);
INSERT INTO `mailer_emailevent` VALUES(36, 'opened', 'rkofman@gmail.com', 'familyleaf.com', '85b4', '85b4', NULL, 1332323784, '4yxwyhah-t2s2337dvnonxoue3vivsamwnyi0qx4jd-u3vxq06', 'b620e2e5d9d4d2cc0bd69334410e2d9892242fd623b96b5ad8caf818d81dc262', NULL);
INSERT INTO `mailer_emailevent` VALUES(37, 'clicked', 'rkofman@gmail.com', 'familyleaf.com', '85b4', '85b4', NULL, 1332323784, '50znba8t758b-bvtr42xwt7jx363kprbfc77nn9oxutmo8j2q7', '2536dd6890cbb9f05e12c328b9be273ab7dba8097115d9d6eee05a1e4aac54fb', NULL);
INSERT INTO `mailer_emailevent` VALUES(38, 'opened', 'ketanhome1@hotmail.com', 'familyleaf.com', '85c9', '85c9', NULL, 1332324604, '6sv6ngddu72zyr1c7vb46380bl8elrxqkm7hubrkmy1s5diy28', '0e3c4004d013f3145afe292845dc169a4a71ec91787b9700e4642812a0961925', NULL);
INSERT INTO `mailer_emailevent` VALUES(39, 'opened', 'wesley.zhao@gmail.com', 'familyleaf.com', NULL, NULL, NULL, 1332324825, '57wp2wh5n2e7-gzq4qmo8jummfwpprmanxlv8zz9rv9xozwgk0', '9dde06ce2de9a5c695e03f740bb847165bdbb1e246941ab8a2c5cd936a12aed4', NULL);
INSERT INTO `mailer_emailevent` VALUES(40, 'opened', 'daisylinbluez@gmail.com', 'familyleaf.com', '85bp', '85bp', NULL, 1332324943, '3ktzj1kxdjmwbm-8gkqnxizs35bbhqbvtf5myj6idgkurdobo9', 'c30e6c5d454f6299095d61f6521810c9b3b6686ffddb325c6597a9507dad3157', NULL);
INSERT INTO `mailer_emailevent` VALUES(41, 'opened', 'daisylinbluez@gmail.com', 'familyleaf.com', '85bp', '85bp', NULL, 1332325097, '7vtuuqk6-i1mkj4vjl-nwbh5jlzru6cw0glraqy7htuafyagl2', 'c17cbccc3d775567202715d973460295c1ea21a1434a1daa6e6edeeca621d62a', NULL);
INSERT INTO `mailer_emailevent` VALUES(42, 'opened', 'daisylinbluez@gmail.com', 'familyleaf.com', '85bp', '85bp', NULL, 1332326872, '9j8-ce1oyjzcbtz2-8-3g35a1x8yuhnkm24xubvsecwezf3916', '8c08f9e2c9de6b3695099ebd82d3201eaaa6c69096cd347d8fdcec272ab8ca7a', NULL);
INSERT INTO `mailer_emailevent` VALUES(43, 'clicked', 'wesley.zhao@gmail.com', 'familyleaf.com', NULL, NULL, NULL, 1332327511, '1nv6034of17h5szieev2hijgrsswulyabprmcoahg9idiqssc7', '30caabcf3717609c5d23cc5c5bcbdbfcdb984f8eb1d983d18cffc5b02d5d42ac', NULL);
INSERT INTO `mailer_emailevent` VALUES(44, 'opened', 'wesley.zhao@gmail.com', 'familyleaf.com', '85bp', '85bp', NULL, 1332327521, '834avkxg6egnjt4l1h5gxjpk37m5alkeyv0k5vo64kxdjw-4h3', '994dec87a7ea5b9e90a8d7e3b1c908628ac04470d1417426a450a9ac00ad3187', NULL);
INSERT INTO `mailer_emailevent` VALUES(45, 'opened', 'wesley.zhao@gmail.com', 'familyleaf.com', '85bp', '85bp', NULL, 1332327521, '6m9xebsh02pkgl3f802s3yl536c98-431aqa3d81zc-h0m30f2', 'd1dbfa2d2c10914590f4d8ae76c033c8e06f8e1f1f1fb31b43ad29f4cf6d6879', NULL);
INSERT INTO `mailer_emailevent` VALUES(46, 'opened', 'wesley.zhao@gmail.com', 'familyleaf.com', NULL, NULL, NULL, 1332327530, '606tz6r3h22qqgz825dj-1b2-6x0l723828s93wll7l6kaumu4', '895568cf3f24815de43d167602841864aededecf91cb501fe6822d49bf6caad6', NULL);
INSERT INTO `mailer_emailevent` VALUES(47, 'opened', 'roublerana@yahoo.co.uk', 'familyleaf.com', '85c9', '85c9', NULL, 1332327868, '4lby7j-jgv5z1i-yiht75eilp9l6xe0255qmwxssgxy24swvv7', '1a1adf8c8d5a630d71efbf30a243fb140464eadaa75782009639c6bedcee8c26', NULL);
INSERT INTO `mailer_emailevent` VALUES(48, 'clicked', 'jjharringt@gmail.com', 'familyleaf.com', '85bp', '85bp', NULL, 1332329350, '3j6zla63v29a5x5pxpikygysgha6nqgjweqsedfv3gjzpwx1m2', '0ca8cb5bd33fdb2df720e971ae34783595a60a9a81309e2b5bc7e1678d53784e', NULL);
INSERT INTO `mailer_emailevent` VALUES(49, 'opened', 'daisylinbluez@gmail.com', 'familyleaf.com', '85bp', '85bp', NULL, 1332330208, '2-mmx02c88ikbvajuu9zb7kkskilwjtspl0e-p4y1jwxl46ld0', '8c384dd744a487be67dd032464c8df3f90a038e34f198761c85a8a43106660cf', NULL);
INSERT INTO `mailer_emailevent` VALUES(50, 'clicked', 'zhaowm61@gmail.com', 'familyleaf.com', '85bp', '85bp', NULL, 1332330414, '9wwm6phgxycruqf7jw2r9bf3k-i7h5-e9es680djpkhnzj9ep1', '96677cd769c8872e3bef99e1952e08bcb2bcba92ab6a82ec2c61c67092ea2561', NULL);
INSERT INTO `mailer_emailevent` VALUES(51, 'clicked', 'zhaowm61@gmail.com', 'familyleaf.com', '85bp', '85bp', NULL, 1332330461, '5vh3qttq52m93y-mxucu3d7z1lk-6arnxy-3s6s24oi30sv959', '1ed0bf7fd5d27389df7f54c3dfaede1eddf55d78b3ffb9daab867cb3b30f176b', NULL);
INSERT INTO `mailer_emailevent` VALUES(52, 'clicked', 'zhaowm61@gmail.com', 'familyleaf.com', '85c9', '85c9', NULL, 1332330718, '75aullk2722a8nnkqregjxs8z3i3tg24p9217hblnynzv8p796', '1d53212c007a16956e63ac4caba4f0da1a39ff9c3b8db3ea270e14861921b7ad', NULL);
INSERT INTO `mailer_emailevent` VALUES(53, 'clicked', 'jackie@binkert.org', 'familyleaf.com', '85bp', '85bp', NULL, 1332331509, '0qflt1gc4c1lacf7z1ah73skcnzn6l02h3cbna533alxlciy61', 'e5fca0437623d9a9de8405db9e4fb4e822e5e14003ed93598d4b29bf7ff525f8', NULL);
INSERT INTO `mailer_emailevent` VALUES(54, 'clicked', 'iamkeke@gmail.com', 'familyleaf.com', '85bp', '85bp', NULL, 1332332455, '2f6gt4-sk6zt043v8g4dswyj6pvsrh3eiojhx1btlcdis-gj43', 'dc03bfe1eb5e88a64f6f85447c0f9c8f86843fae68114cc46b42ca4482cf6bef', NULL);
INSERT INTO `mailer_emailevent` VALUES(55, 'opened', 'fanghzhao98075@yahoo.com', 'familyleaf.com', '85bp', '85bp', NULL, 1332334763, '81zv0jov-rwa-iu25h0zf1dl1owdtnhq6ptglsnlksnk9adkl8', 'acfedb42857bb32677132c6c74f24314e3750be65d3509f6db962890380be1c7', NULL);
INSERT INTO `mailer_emailevent` VALUES(56, 'opened', 'fanghzhao98075@yahoo.com', 'familyleaf.com', '85bp', '85bp', NULL, 1332334778, '1widewjd0ie0tiy5cu9rnx2znkfhzvh-or8t6x8htlnat25313', '6712260345ba28fb475d2de43b86b5297a11c31463d1f627f93449de93a6768c', NULL);
INSERT INTO `mailer_emailevent` VALUES(57, 'opened', 'trivediam@yahoo.com', 'familyleaf.com', '859x', '859x', NULL, 1332335164, '6dlfj271-jkb00g-h2l1zg14-1gho03vfj6fw4poxgquka6p97', 'ce4361a2d72aa1f62d2474bd1f56b4730899d8dfc5e5b2d2f336101637a192a1', NULL);
INSERT INTO `mailer_emailevent` VALUES(58, 'opened', 'gailladeiters@gmail.com', 'familyleaf.com', '859x', '859x', NULL, 1332336254, '8hpc3b309j-8-mfis2qjtgafhcljixwqnzs9dk90vo5tnv5p28', '75afd821571845f38c98585a3ff02e16a5397f71db171ac25e8fa9cb8d370b87', NULL);
INSERT INTO `mailer_emailevent` VALUES(59, 'opened', 'gailladeiters@gmail.com', 'familyleaf.com', '859x', '859x', NULL, 1332336254, '2on03pgo1945h37m2vct1-f9bl2cf59uzryerjeix0zna3xp25', 'ec2644d447abbbfe2d86f12bdbb54df6d0247ab1cdf3fbcbb4bcc76d3057e7cd', NULL);
INSERT INTO `mailer_emailevent` VALUES(60, 'opened', 'daniello626@yahoo.com', 'familyleaf.com', '85b4', '85b4', NULL, 1332336408, '2d4y963mw3xbeznkmj14yutek8i8nnr5f1fp33ajatadcvpsn2', '87b76d05e7031de8cd021ad0941336d3df2b9dfef90254bc7eec1eba90184513', NULL);
INSERT INTO `mailer_emailevent` VALUES(61, 'clicked', 'daniello626@yahoo.com', 'familyleaf.com', '85b4', '85b4', NULL, 1332336432, '7e52w61c9zpol67u2qkib01fzc10q8tddcgnw-5jk52uukq9y0', 'd16ce606c8c83eb375cd4ab7218f67cf1e752166ad163f690b8dde0e378b3397', NULL);
INSERT INTO `mailer_emailevent` VALUES(62, 'opened', 'daniello626@yahoo.com', 'familyleaf.com', '85b4', '85b4', NULL, 1332336441, '39hmbty-pg4616hcj0eq2i0tnmeue7j5dgjdjqoiv6oswwhq84', '3e38739af6d7c4fe0ab04a764538a024e2a34c5057a7b80d90ba0f6fd69868ea', NULL);
INSERT INTO `mailer_emailevent` VALUES(63, 'opened', 'gailladeiters@gmail.com', 'familyleaf.com', '859x', '859x', NULL, 1332336952, '5ki5c7ilhezxpnu832zax-03zs0nkf5crne0a9a1pf4znecd-4', 'e2b92b1d45dbad7e2fe5396135057e5e6a4a06d7ff5f01a49431d0d7dde74038', NULL);
INSERT INTO `mailer_emailevent` VALUES(64, 'opened', 'gailladeiters@gmail.com', 'familyleaf.com', '859x', '859x', NULL, 1332336952, '8z2v3ao86tj49gqq408ee8e-rry59fxhx9ij9bg1zuqaxrd6r7', 'e82972c71ee1b870532ccf7d6f3bfa4ef00cbb260b5b1470dcf1ee0c138ffedd', NULL);
INSERT INTO `mailer_emailevent` VALUES(65, 'opened', 'markvollmar@gmail.com', 'familyleaf.com', '85bp', '85bp', NULL, 1332338165, '2ukstre7houy2jf3jnrbavmxka7no68sd2h0qk5eub-qoj6ge1', '821bfc0bcfd17a6feedb94c729379d396663d558704ecf292a7cb38292a062d2', NULL);
INSERT INTO `mailer_emailevent` VALUES(66, 'clicked', 'markvollmar@gmail.com', 'familyleaf.com', '85bp', '85bp', NULL, 1332338165, '3534nquyvreg72686j65ga-e5iq86nvw8oxh665ljpysavf5s2', '584b18d71745d0e3049fe15f8b1c3bc6dfac9ff5331b70f9f208692022e681a5', NULL);
INSERT INTO `mailer_emailevent` VALUES(67, 'opened', 'drsoniadmd@gmail.com', 'familyleaf.com', '859x', '859x', NULL, 1332339425, '50hceemdq92051s3ekvgqlsfzbqxxk0x9q5vvwne9al07uuk54', '4128fed5c5bb5337f55c46ddcd1426afc6e36a2d616d82e09a24dedf2f85fd64', NULL);
INSERT INTO `mailer_emailevent` VALUES(68, 'clicked', 'drsoniadmd@gmail.com', 'familyleaf.com', '859x', '859x', NULL, 1332339425, '68asiy3-vyw5ba6tcqqawofc8pr9yljk-g14kj4pvxnecuk3x9', '6bd60fd814471db9235cf90a07f28f40f3f2c611f893d71f820f3e0fcbffc2f0', NULL);
INSERT INTO `mailer_emailevent` VALUES(69, 'opened', 'jjharringt@gmail.com', 'familyleaf.com', '85bp', '85bp', NULL, 1332340667, '7ydiumhytmyhnx6wmm4dpcbflqrw-mwzagd7cktb7qh9orham4', '3743b338a5ec45d3930ebdd0f2ace3d5e65bcd60629df6710be1e27055c4645b', NULL);
INSERT INTO `mailer_emailevent` VALUES(70, 'opened', 'lindahzhao@gmail.com', 'familyleaf.com', '85bp', '85bp', NULL, 1332340675, '3dthqgdwa47lw56tvzld35eyg6tlm5hgu1a3w7qk2sa8r6kyd5', '89274638cc9252d6483418423399f6bed4f0e4cf695e118a6b69ff42ee5fac2d', NULL);
INSERT INTO `mailer_emailevent` VALUES(71, 'opened', 'lindahzhao@gmail.com', 'familyleaf.com', '85bp', '85bp', NULL, 1332340675, '63ssfk7xr4-0i--5favza8ln0kzfp3lmytfqjn2vez3bmr9na6', '08cd910ff7752f9ee22ff5b665a343c0a85ed09daf5736b44337282afde65350', NULL);
INSERT INTO `mailer_emailevent` VALUES(72, 'opened', 'zhaowm61@gmail.com', 'familyleaf.com', '85bp', '85bp', NULL, 1332341306, '87fwxjdks83jadccv-tkxm4pkxf5tasdmchcibzneihbfrb6w9', '18b7aeeec03bee146b62d9e4bc063aea66f249f54415b852f65a66378338b917', NULL);
INSERT INTO `mailer_emailevent` VALUES(73, 'clicked', 'zhaowm61@gmail.com', 'familyleaf.com', '85bp', '85bp', NULL, 1332341312, '6gnwr-bvvz1txw9om2-cf29e0k2p030z8mlkp67xlggcguwzk4', '942777be141d9f76e16b4fdbbe000f5e88b8114573e2bb626c35d4550296e0cf', NULL);
INSERT INTO `mailer_emailevent` VALUES(74, 'clicked', 'avramachandran@gmail.com', 'familyleaf.com', '85bp', '85bp', NULL, 1332341396, '9xlbv-dktgw5uvpb5bswkumui8wbkf8kxcbdn9u0m95ty72dq8', 'a87482bcae93a64dca3ad373001322565e2801eaa413520173102c42278c1b92', NULL);
INSERT INTO `mailer_emailevent` VALUES(75, 'opened', 'avramachandran@gmail.com', 'familyleaf.com', '85bp', '85bp', NULL, 1332341396, '65xvls3fmsquzn32j-7bc6e1st3l0gh8vdwfjj58kt25r6ieh2', '527cdbd00b9afa6ef1cc80003dcf133ba99ffa643654899655e94f589d37266d', NULL);
INSERT INTO `mailer_emailevent` VALUES(76, 'clicked', 'zhaowm61@gmail.com', 'familyleaf.com', '85bp', '85bp', NULL, 1332341398, '8po0xsney033sed-vqutp9b0-ka3h4drqz-cbcbzi5s015k6-0', 'a3dc47de26ef85b7c51d12ac934f010803f5423c75413d029a5576a7580d1d46', NULL);
INSERT INTO `mailer_emailevent` VALUES(77, 'clicked', 'avramachandran@gmail.com', 'familyleaf.com', '85bp', '85bp', NULL, 1332341845, '6trmve41ij90l25kb967gxbc8q1qhtw8-p-720be5i7ayt5uh0', '2420ae3f920e960d906665a1d96f3eb40cf2050065fb975f7ba827ca1df69144', NULL);
INSERT INTO `mailer_emailevent` VALUES(78, 'opened', 'avr@nouvou.com', 'familyleaf.com', '85bp', '85bp', NULL, 1332342154, '78-a2l9n5ru5ke8w6zmncsvpj9va30f8tgj9y7rw7nkq593zy3', 'cfe485e20bbe37fe2ea73e57bffac9b6a3f22404402917789785dd01f5764e6c', NULL);
INSERT INTO `mailer_emailevent` VALUES(79, 'clicked', 'avr@nouvou.com', 'familyleaf.com', '85bp', '85bp', NULL, 1332342158, '83bbh2oup5l8ml3jccpb5vi3ah2o9bbae5dwf-p18g4augvvl0', '5914f36b8150ddd9357d9be467dafb7af05ecbce58d72401956475730c6dcfdb', NULL);
INSERT INTO `mailer_emailevent` VALUES(80, 'clicked', 'zhaowm61@gmail.com', 'familyleaf.com', '85bp', '85bp', NULL, 1332342180, '1pjppc7mv6t6r04pi927u9tnhikpwnz87t2zaj-q-5ulapm3o2', 'd3321f8d88ea2f08de77e3e9e9549a9f01467aa4ea903fffd70eaed1c206af21', NULL);
INSERT INTO `mailer_emailevent` VALUES(81, 'opened', 'avr@nouvou.com', 'familyleaf.com', '85bp', '85bp', NULL, 1332342217, '85-fzdqtfgefv9tzwxeqlnt197lbj1kfwo34k8ul5642y05c74', 'c7680fced25407aeba13c65b0dc7a82fba014aa2edd724a976fbd22b0160086a', NULL);
INSERT INTO `mailer_emailevent` VALUES(82, 'opened', 'avr@nouvou.com', 'familyleaf.com', '85bp', '85bp', NULL, 1332342323, '6u39ot0tt2r1nr9jihyymednoit7c-aamvflce526y1-yax2q0', '74a97bc8c8b6bd9fd57c5920cc191c7c01a8c8c836250737e78ad6f42a061202', NULL);
INSERT INTO `mailer_emailevent` VALUES(83, 'opened', 'jianmin.zhao@gmail.com', 'familyleaf.com', '85bp', '85bp', NULL, 1332343066, '0lseh8qu6y7h5-nfinxy1byj0kjkx9misgf-kco5ukty6z3uu7', '71a2e61d0147e52056bbae0de9ee600bbbb45d3ed4f0a45a5b046f3224f981bb', NULL);
INSERT INTO `mailer_emailevent` VALUES(84, 'opened', 'daisylinbluez@gmail.com', 'familyleaf.com', '85bp', '85bp', NULL, 1332343515, '2m351oewe244l5soo1fkfmbrvl5opo53cx6wj-yf9s4z34p4x2', '73a73f74b760e2e05b3bb70c5b2033b3a8988dc0a23a77d4834341551a79a4a0', NULL);
INSERT INTO `mailer_emailevent` VALUES(85, 'clicked', 'zhaowm61@gmail.com', 'familyleaf.com', '85bp', '85bp', NULL, 1332343518, '6456nyaylmhc1n1uipcwdscwlm7wss6ix9tmyr0axa1uhzo5c0', '6865909cba914d5b4bce7e9d57133cdfc4d85591f5d8f53da03e6b7dd06f0254', NULL);
INSERT INTO `mailer_emailevent` VALUES(86, 'opened', 'lsekhar@u.washington.edu', 'familyleaf.com', '85b4', '85b4', NULL, 1332343647, '2ajkjuy-ewee05kyu9jncdl6yc81tntbfv99te1895f041kc49', 'cca08f58fc8e41dfbcdc18933ffc06b12ee2dd83ea0a2d76a7ed664668641764', NULL);
INSERT INTO `mailer_emailevent` VALUES(87, 'opened', 'lsekhar@u.washington.edu', 'familyleaf.com', '859x', '859x', NULL, 1332343651, '1hamujs66v60ba9s1cb885kyjxq3bspde7d5uf5k4p33l5ge61', 'f0298f9d87c3266fe0b959884e2dd4b7647e47da38e0b18f2ea3630b06a04f45', NULL);
INSERT INTO `mailer_emailevent` VALUES(88, 'opened', 'lindahzhao@gmail.com', 'familyleaf.com', '85bp', '85bp', NULL, 1332343717, '6u319nfdck1hntj24gff74mleuk0qu21ys51kfjm4e3507-k14', '0704d36f0511cfbd2b12286af8c136f3a72f936ece987e63ad47fbd47040200e', NULL);
INSERT INTO `mailer_emailevent` VALUES(89, 'opened', 'wesley.zhao@gmail.com', 'familyleaf.com', NULL, NULL, NULL, 1332344511, '6f0ompjo4a733hyngjt49stromzg5hcgvs7cm3r85116ovlo47', '590bec10765f804b30c811a039f070efe8500880237d6b7813d97969436aaf92', NULL);
INSERT INTO `mailer_emailevent` VALUES(90, 'opened', 'wesley.zhao@gmail.com', 'familyleaf.com', NULL, NULL, NULL, 1332344521, '89ixomfmpczrthay4rw2n3h5s78j98dhuphtjkq2flg9pdvwo6', 'a349dc1efb8f1c4759847c06ea80912b04d4e4ac7b0513379c411146c4afd45f', NULL);
INSERT INTO `mailer_emailevent` VALUES(91, 'opened', 'wesley.zhao@gmail.com', 'familyleaf.com', NULL, NULL, NULL, 1332344610, '02r8ezii7z0idgixicf6vo4zvc0q32gxsfd0roan09kcwh0998', '62726de1555e8056942dcd66ef57c0b4144e8d7a6c5cafb9db81f815b28f7ec8', NULL);
INSERT INTO `mailer_emailevent` VALUES(92, 'opened', 'wesley.zhao@gmail.com', 'familyleaf.com', NULL, NULL, NULL, 1332344614, '5tu3ccgk-fc5i3-ie4gaeoi6pm88otetdpmvlpp7qo4y0phga8', '2366e4326b43aca223b6304472b56101de345784b8fa82d75e094d8436689618', NULL);
INSERT INTO `mailer_emailevent` VALUES(93, 'opened', 'wesley.zhao@gmail.com', 'familyleaf.com', NULL, NULL, NULL, 1332344646, '1rlv3z4pfytwvpc8uoz0qi9l66y1f1iq9vzu22scf4tw0lbpl0', 'bd46bfd237d5fc7ad8c1b050a890650788003616ab4a1bbdcaf0efab1c18fa9e', NULL);
INSERT INTO `mailer_emailevent` VALUES(94, 'opened', 'wesley.zhao@gmail.com', 'familyleaf.com', '85bp', '85bp', NULL, 1332344657, '6mj3qadutysywic85wbocsd58gv5ozvd-9i5lzdhnvzoyl89z8', '40489e2f34e83ca334dccc4836e3f08338340630cf5d002be144bf2752a7527e', NULL);
INSERT INTO `mailer_emailevent` VALUES(95, 'opened', 'wesley.zhao@gmail.com', 'familyleaf.com', NULL, NULL, NULL, 1332344665, '0rwoe1icfh3f51-sn80my0n3pefawnm2j97kjr6kkf-bbk2eh7', 'dc34f066e3f0336c51331d326466071103447a0a95115df7995ea33d55784351', NULL);
INSERT INTO `mailer_emailevent` VALUES(96, 'opened', 'kiritbharwada@yahoo.com', 'familyleaf.com', '85bp', NULL, NULL, 1332345044, '4mwdd9b-ueqmfqk-r6z5mw3ta4zqyfpt4tjmlrkbsxhh9qv7m7', '20a73612934ed979392a7ce483b91a3255311bc3d33eff200212e9466c0573c1', NULL);
INSERT INTO `mailer_emailevent` VALUES(97, 'clicked', 'kiritbharwada@yahoo.com', 'familyleaf.com', '85bp', NULL, NULL, 1332345077, '25r1boort0jf8zqigbjq5ebbg6p7lcom1xduo3s03zm93b8u63', '43aa9855fc4f375dd8ff19f2b60b63381e17d87c5db5dd669f0691207ba55dcf', NULL);
INSERT INTO `mailer_emailevent` VALUES(98, 'opened', 'gaurav.qwe@gmail.com', 'familyleaf.com', '85bn', '85bn', NULL, 1332345497, '9430o9uoz0c3jyp35-t3am9qs9r-cxtq7yej79721kcw25mzw6', '09b7303c4a8f9cd799d2ce060ba1b0c04d71574ffac6f3734eca1e895304e1e6', NULL);
INSERT INTO `mailer_emailevent` VALUES(99, 'opened', 'daisylinbluez@gmail.com', 'familyleaf.com', '85bp', '85bp', NULL, 1332346326, '7dr79xwo2v7qf4g3xok7pu1am58qjjmmh-s6mma2-rqdf607k9', '20578cc71c5980b16e569dde57509f198baa23e40fd0548219fef38858ff74c6', NULL);
INSERT INTO `mailer_emailevent` VALUES(100, 'opened', 'ajayumehta@gmail.com', 'familyleaf.com', NULL, NULL, NULL, 1332347116, '58--picakm3h2s4o0e49x45-pj6h89tpkfykn6we1i9wnjmvx6', 'f62b196b4abe6d55b5462024a099713a61092db4fcb0658c0ed9d1b46140415c', NULL);
INSERT INTO `mailer_emailevent` VALUES(101, 'opened', 'ajayumehta@gmail.com', 'familyleaf.com', NULL, NULL, NULL, 1332347639, '63wvk4turyge0gaacgm47swjwiyd9g1rxoi9j7vocaly3m1ge6', '94b501ebbe27ea9c7877eab5d84a0f9f3e91fec8b48d77942b2120c5caf60946', NULL);
INSERT INTO `mailer_emailevent` VALUES(102, 'opened', 'send2anagha@gmail.com', 'familyleaf.com', '85bp', '85bp', NULL, 1332347947, '4byg-0n8-7729rkjw0qsfr-2xepa68-1w2uc-885g7uo5kauc1', '7d1f829796960bd2460738fe4e79c58e124369f437d5b10d60f4e6e70c69e638', NULL);
INSERT INTO `mailer_emailevent` VALUES(103, 'clicked', 'send2anagha@gmail.com', 'familyleaf.com', '85bp', '85bp', NULL, 1332347947, '3zz1130p0tcui99qpwxokwsu9rjsxrgrazti89msgh1bga7in6', '6fcc8686791177eb4eb121f8cc15bce1e9c959fd948c9d2726a41dea6b85246f', NULL);
INSERT INTO `mailer_emailevent` VALUES(104, 'clicked', 'send2anagha@gmail.com', 'familyleaf.com', '85bp', '85bp', NULL, 1332348008, '8uahux32zew39-y899ftlz40dizzlxo9k7ni1b2akg6j3pvam4', '285ea6da74cf71b61cc133c5619b0aa86c561112dd348c2cdb956ad9ee84072e', NULL);
INSERT INTO `mailer_emailevent` VALUES(105, 'opened', 'send2anagha@gmail.com', 'familyleaf.com', '85bp', '85bp', NULL, 1332348043, '0-8511-2qa2nq9r8ag2rjprhfysv266azbz8gtvf1pem4bolt5', 'd62ae2a9d7b863b2a8875a4dcdbfc9b12aaf684f95cf3217957df12888c18f74', NULL);
INSERT INTO `mailer_emailevent` VALUES(106, 'opened', 'gauri.ketcher@rbs.com', 'familyleaf.com', '85c9', '85c9', NULL, 1332348381, '27wuq5ebo-k4luowtwax6vzcjnfdioqtgpnx0dp7j6xbzkrb69', '300322186a5f29197225407f0939fe02ea400ce818a25554a4e7393ee99c8069', NULL);
INSERT INTO `mailer_emailevent` VALUES(107, 'clicked', 'gauri.ketcher@rbs.com', 'familyleaf.com', '85c9', '85c9', NULL, 1332348381, '1m3lijxz-ahly0ppeakqgr4v901ytee1qi4cjwmp1bv82duqk3', '066fd24eb87cd38885ab57dcc055d464654eb787a80487bf3e27b25700f6c3a6', NULL);
INSERT INTO `mailer_emailevent` VALUES(108, 'clicked', 'gauri.ketcher@rbs.com', 'familyleaf.com', '85c9', '85c9', NULL, 1332348381, '5ec9sehb1zo-afpc3cnng82g098c4xkkd5o7e6xkrt5186niy2', 'f05aed50603df15689dcc5fa2ffd6f96f075052bed72cc981578ba828d5d59d2', NULL);
INSERT INTO `mailer_emailevent` VALUES(109, 'clicked', 'gauri.ketcher@rbs.com', 'familyleaf.com', '85c9', '85c9', NULL, 1332348389, '610xv11mf8hxi3eymtqu8fwlr4y31o4yuzwnyx0vo3v97lemp7', 'af3ed315ad6be8b4bc78e114f5ba581d2f5fda5d5d6cc8feaca10d87023e1c73', NULL);
INSERT INTO `mailer_emailevent` VALUES(110, 'clicked', 'gauri.ketcher@rbs.com', 'familyleaf.com', '85c9', '85c9', NULL, 1332348399, '9av3ev4tum4ruz9m3038-06s0s61kyc3ngl6n27snzik352yk7', '8c6a69c6da69f1edfda3e819a994272c29a7294a367a2647ae3fd205c00b3ac1', NULL);
INSERT INTO `mailer_emailevent` VALUES(111, 'clicked', 'gauri.ketcher@rbs.com', 'familyleaf.com', '85c9', '85c9', NULL, 1332348399, '6pbw2t459-x9i1mlxbe59sh85ll2je-0dqg-r1biopiybfvkq8', '6ce439643e3bd049ee93678696e33920d60710b605a5ce12f1063a8948e2e5e9', NULL);
INSERT INTO `mailer_emailevent` VALUES(112, 'clicked', 'wesley.zhao@gmail.com', 'familyleaf.com', NULL, NULL, NULL, 1332351417, '7x0ib2y5ijhjijwm1flv17ke60gka04tif81ud04qeslykmwm3', 'cfa9203ecfa6b0fa8c80d263a3a30ead23044b2e7805461b0758e54b43c1d7ca', NULL);
INSERT INTO `mailer_emailevent` VALUES(113, 'clicked', 'wesley.zhao@gmail.com', 'familyleaf.com', NULL, NULL, NULL, 1332351469, '0q6cbrg1uhfu7x0vx76dbfmpwdv4nzqx5nsf1avsmpdi4dami2', '7e6776ee46aeaeda21a1699a236864122beef54dd375ea92aa1882ce32ab97d0', NULL);
INSERT INTO `mailer_emailevent` VALUES(114, 'clicked', 'wesley.zhao@gmail.com', 'familyleaf.com', NULL, NULL, NULL, 1332351506, '46rxi6xe50tzew6f4tirx0-952jm20u76f2oygg8rxx02ynem1', 'b1cfa8d37aa185b4aa5fe31898ef6b8a8869d11e695ccbb741cfd5df0834795c', NULL);
INSERT INTO `mailer_emailevent` VALUES(115, 'clicked', 'wesley.zhao@gmail.com', 'familyleaf.com', NULL, NULL, NULL, 1332351539, '0pxaq-65mfwqotffo51cio99wq8kh0o379p32r938p2qukz-u1', 'df6d1b3bd2d1d2c983c1dc8324b725c1204e9a9360767d2e5b22829993458ab5', NULL);
INSERT INTO `mailer_emailevent` VALUES(116, 'clicked', 'wesley.zhao@gmail.com', 'familyleaf.com', NULL, NULL, NULL, 1332351570, '81jdzfr3rh2oux-4ll8f0dy7uq-y7dbzrk4yxir8qp9loz0n00', '5df51390dcdc2435ae34c39626552bba98ad9eeae4eb4f06879dcb20c5c6d6b8', NULL);
INSERT INTO `mailer_emailevent` VALUES(117, 'clicked', 'wesley.zhao@gmail.com', 'familyleaf.com', NULL, NULL, NULL, 1332351589, '60ns65xhsu2rjz9s7l-bne6-o4mgvety6g509yqaqaa5ttule1', 'ba1d6b92231a04fad1a926aa57d9b7f947da68624687e54bb6f6efe2ebf1f352', NULL);
INSERT INTO `mailer_emailevent` VALUES(118, 'clicked', 'wesley.zhao@gmail.com', 'familyleaf.com', NULL, NULL, NULL, 1332351614, '4dou5biam0y66rkdi7z5wckqnhl6n21izsqkssmp2sz5y6z5n6', 'b44f4dafb0ebf643bf808f4bc862ce87b6abb8c58d36204072a1932cd74c8af0', NULL);
INSERT INTO `mailer_emailevent` VALUES(119, 'clicked', 'wesley.zhao@gmail.com', 'familyleaf.com', NULL, NULL, NULL, 1332351621, '54e00jrazj8zkif0rivi6xio9z2sv3cihqw8omis7hio-s7hl8', '0f4bca7f54a1fb7f08476b6c10268d60fbb5a47fec0a20292cffa39ae7682e70', NULL);
INSERT INTO `mailer_emailevent` VALUES(120, 'clicked', 'wesley.zhao@gmail.com', 'familyleaf.com', NULL, NULL, NULL, 1332351624, '8h3p9v7iihnzul8b5xvd1lmeh2r4gdgtm-7czofwnp2o18rw85', '53315fe2f8c4a47f945cfafc9aeeb6061ed8518fdfbd7d04966fe0e2958fe273', NULL);
INSERT INTO `mailer_emailevent` VALUES(121, 'opened', 'wesley.zhao@gmail.com', 'familyleaf.com', NULL, NULL, NULL, 1332351988, '0681jjuvoezpuw6w7s14sh8n3atq6-4obpxjfu1372-2ukmli4', 'fc4b34ec0606a919697d4461ae821d10c1e6bf8cbd863fc31cf4e3aadb169093', NULL);
INSERT INTO `mailer_emailevent` VALUES(122, 'opened', 'wesley.zhao@gmail.com', 'familyleaf.com', NULL, NULL, NULL, 1332351990, '6jo6r2h62dri3k0xh3-h8-d54f3mwjy1hv-zsagigxs8i4lrh1', '53d57bb34ec72d674b55392c98f66c40ca23dc65052816336128d7c6dbf1e8ee', NULL);
INSERT INTO `mailer_emailevent` VALUES(123, 'opened', 'wesley.zhao@gmail.com', 'familyleaf.com', NULL, NULL, NULL, 1332352006, '95cnmxoqx29qdfkapdktlcabru5bjk5uk3h-1udfz-1puzn0v8', '7bb3a3737d2936114c352d2e492c21a1c35f5036de6645c57a6e302ca1005234', NULL);
INSERT INTO `mailer_emailevent` VALUES(124, 'opened', 'wesley.zhao@gmail.com', 'familyleaf.com', NULL, NULL, NULL, 1332352007, '2dalyh01bct0pbfk9y-u07-abe4255h-0i93oh4ytbht8yxoh3', '0c73171b997a7f5e11eb763317f02e69b81637b9eaef1ebd45ef26ecd55c806a', NULL);
INSERT INTO `mailer_emailevent` VALUES(125, 'opened', 'wesley.zhao@gmail.com', 'familyleaf.com', NULL, NULL, NULL, 1332352009, '88ha13a-8a-7uajx2l5z0inip2smrm4kwb50fciq5nf00387u9', 'c91a8a927f1e8c6e87c8b3e7234f9e7e30092bf0a1b355203c53ec35460fa36e', NULL);
INSERT INTO `mailer_emailevent` VALUES(126, 'opened', 'wesley.zhao@gmail.com', 'familyleaf.com', NULL, NULL, NULL, 1332352011, '0nioyyjderhbw7ty9995nk9z3qgusgp6xuxpbjk1okxmlvt0k6', 'ba1a16684a9f0f84c3b89abe74ea2189bb6e2e36b1812f59f535a72aa65f65dc', NULL);
INSERT INTO `mailer_emailevent` VALUES(127, 'opened', 'wesley.zhao@gmail.com', 'familyleaf.com', '85bq', '85bq', NULL, 1332352013, '0nmkff0ndufc9-1d4xmepmwucr287l1v01vlftlm-qudtz13t3', '882bdbf75b97a8985471ddbdb6e8d84e2cbaa57e297ccdfece4c50cea39fcd5b', NULL);
INSERT INTO `mailer_emailevent` VALUES(128, 'opened', 'wesley.zhao@gmail.com', 'familyleaf.com', '85bq', '85bq', NULL, 1332352023, '2l76zsgaww4lsx1rugrjcrew15yjt5-x9eolg3yookduico4y2', 'aa542e7a77b4e7383fb9e5775af0edb9e993aeb30bb407f4c314e510204e71ca', NULL);
INSERT INTO `mailer_emailevent` VALUES(129, 'opened', 'wesley.zhao@gmail.com', 'familyleaf.com', '85bq', '85bq', NULL, 1332352029, '3lx9zez3n8vvbd98orck3eln-x6t1z68kcy00bw76xnn3-27p9', '6ba56c01cb088c608802536c2880556385429f985a28c6f38db2f64e7b9a442f', NULL);
INSERT INTO `mailer_emailevent` VALUES(130, 'opened', 'wesley.zhao@gmail.com', 'familyleaf.com', '85bq', '85bq', NULL, 1332352030, '7k6-pq-jgj3ze1j13mdbdoqggo5frfm5wf28njokg9v4gvuf74', 'e6fdcce870e9b6c3db910dda48335fefb03f115fad4ae0f09a75fbcb8ec28d61', NULL);
INSERT INTO `mailer_emailevent` VALUES(131, 'opened', 'gaurav.qwe@gmail.com', 'familyleaf.com', '85bn', '85bn', NULL, 1332352869, '5h0j6fqvfvexa1olrs8ejefzcmet5trdjr85s9g081u758ik84', '9b6450738598804d8e6bdbeff24f3d724b3883741e3db47618b3d4005dd89497', NULL);
INSERT INTO `mailer_emailevent` VALUES(132, 'opened', 'jayanthan_pk@yahoo.co.in', 'familyleaf.com', '85bn', '85bn', NULL, 1332352892, '8h8-zo4xm3r1s0gv4w3jdrk7eg50p1gr5ug4g7ebe73oe4urf4', '7bbde5b95679c7817290eabe0a810bc70e36650ba88bf2b83324733150c5eda1', NULL);
INSERT INTO `mailer_emailevent` VALUES(133, 'opened', 'wesley.zhao@gmail.com', 'familyleaf.com', '85bq', '85bq', NULL, 1332354106, '4nceiplf49lzcm5ohtn78fymc2run0m73cy4af60irriylxie6', '362365ab67d60ad0c8a80aa714e7bf42649815f8e5923bb5f1103ba9b1f3703a', NULL);
INSERT INTO `mailer_emailevent` VALUES(134, 'opened', 'wesley.zhao@gmail.com', 'familyleaf.com', '85bq', '85bq', NULL, 1332354106, '5c1tafq6cs4jmqq2t3gnbm1uv1vq4glf13t3-kq0fu6grjfat3', 'ad82bd05a06ffd730c4973ed302e325c4c0db0ccbcaafe1678b950b13f476988', NULL);
INSERT INTO `mailer_emailevent` VALUES(135, 'opened', 'wesley.zhao@gmail.com', 'familyleaf.com', '85bq', '85bq', NULL, 1332354112, '3ws7i2r8v6gbpl4lcxo7qf04xak-nozl9i62s5-7ksrtgobv49', 'db88121dbf60ff4c4fa86b0e75dde9675fc2070023be9eb8216a1b7c733bc4a5', NULL);
INSERT INTO `mailer_emailevent` VALUES(136, 'opened', 'wesley.zhao@gmail.com', 'familyleaf.com', '85bq', '85bq', NULL, 1332354121, '1pvzpcgyxwebctwptpdrb78o4mq1rzzysd6q45ylr9vnjr0jz9', 'bf6237652f27cfd1c97c6bad96a6ac8b7c32e5c6e5f023bb3b34eadfe0ee785f', NULL);
INSERT INTO `mailer_emailevent` VALUES(137, 'opened', 'wesley.zhao@gmail.com', 'familyleaf.com', '85bq', '85bq', NULL, 1332354121, '4zrs2uf73g7h47l3y2qhyt-r156e2mcboqwjueax-ms6995x87', '4f4e23ae345213fcc185e21b2fdf6f5d6102623e658fba8f63db902d1f407662', NULL);
INSERT INTO `mailer_emailevent` VALUES(138, 'opened', 'jianmin.zhao@gmail.com', 'familyleaf.com', '85bp', '85bp', NULL, 1332354147, '2lq6w46075wz3rmo33ejkyj28ta0-3jy964u02-qkpzvnff0q3', '712cfe2121dace6ab3b30d625bb55550037d3f48b70d92ecde4cff5f659d0057', NULL);
INSERT INTO `mailer_emailevent` VALUES(139, 'opened', 'jianmin.zhao@gmail.com', 'familyleaf.com', '85bp', '85bp', NULL, 1332354147, '1aj4yy965otiu1s70qs0txx6gnudu29s7f1so9j5uy61v2j5k6', '9ecd1d91622bb0c6326fffef32bd4d20ac7547f0c7febde7ed13a6c5d57a0498', NULL);
INSERT INTO `mailer_emailevent` VALUES(140, 'clicked', 'wesley.zhao@gmail.com', 'familyleaf.com', NULL, NULL, NULL, 1332354218, '5v7kgrzopvxeqwn-2gxj-sijspjk3n6el1lpqa4npt1piuhws4', '168d767ab734031a4d56f091487fbebb409e52a701b53fc8812c8c055f29a071', NULL);
INSERT INTO `mailer_emailevent` VALUES(141, 'clicked', 'wesley.zhao@gmail.com', 'familyleaf.com', NULL, NULL, NULL, 1332354315, '330yx0hypgssj3w17l88tj8-0fazcs377xv7ouhej1zwrtwfj9', '2bfd49f569eb2978455dc584367ed68a38c081efde754925dd8200ae5b837480', NULL);
INSERT INTO `mailer_emailevent` VALUES(142, 'opened', 'wesley.zhao@gmail.com', 'familyleaf.com', '85bq', '85bq', NULL, 1332354352, '0wp661xpghuf16zniztvfqs9vd8gicjxitdw1799i9d6yaqtd3', 'b9a934f3d1100b248552e675f5e315ca8b03f5f96935415e01927c9f87d65793', NULL);
INSERT INTO `mailer_emailevent` VALUES(143, 'opened', 'wesley.zhao@gmail.com', 'familyleaf.com', '85bq', '85bq', NULL, 1332354354, '64kylifygz685il02dohzhg9yogbf7t9daqglm7qxaxb64qe-1', 'e19896cd774e6a73cbb94538947c01d26125db002564dd5b7ce5f74796e2ad7f', NULL);
INSERT INTO `mailer_emailevent` VALUES(144, 'clicked', 'wesley.zhao@gmail.com', 'familyleaf.com', '85bq', '85bq', NULL, 1332354354, '1swvuu-vx719egb6hru6juglgtoiq0r5wpjo76w4t8qu3ww075', '312375c887ce65ee067f4016a0435dfcf4142af298d7db3e26b206d940167e19', NULL);
INSERT INTO `mailer_emailevent` VALUES(145, 'opened', 'wesley.zhao@gmail.com', 'familyleaf.com', NULL, NULL, NULL, 1332354446, '6yrzrk38itarhpyhen3w1dmoeleaygv1021wlf3mm-t2q9-r58', '5ed05a6fb57780db94e2b7cf06b19e58c874a3536b8277bf29273af574e2d5f0', NULL);
INSERT INTO `mailer_emailevent` VALUES(146, 'opened', 'wesley.zhao@gmail.com', 'familyleaf.com', NULL, NULL, NULL, 1332354447, '37u36lu8t512jbzs9-wpfywv17es67pdh019hhdeupvcuyxph2', '06a0842deb391e30c2f9be393f56892fa332ccb0a278d6e58df7a857a5891b74', NULL);
INSERT INTO `mailer_emailevent` VALUES(147, 'clicked', 'wesley.zhao@gmail.com', 'familyleaf.com', NULL, NULL, NULL, 1332354571, '2fg-fjcxtno5u4emjg71u9astia3s44k-t-igj39xehm4dkka1', '0b925a4a0af2c5759ca96fca05d8e50c184e8f9cd217c11565e191cde955570c', NULL);
INSERT INTO `mailer_emailevent` VALUES(148, 'opened', 'byeap@partners.org', 'familyleaf.com', '859x', '859x', NULL, 1332357091, '1-w9exjmjyx727lur4c2ug-b0b4yz2ntor3z8yd352xmpjlj27', '7cc5f17aa83e7b4299767e318a2c9f94c6b32eefc0add6b71c2db386c68a36c8', NULL);
INSERT INTO `mailer_emailevent` VALUES(149, 'opened', 'fanghzhao98075@yahoo.com', 'familyleaf.com', '85c9', '85c9', NULL, 1332358638, '727pjd0ndmpcas3hk8zxz9gua0oi1968l2efasd-hd95yxdlk9', '84eadd46d2b522cca6b27839d7b6f7c63f9b33b9c64e69a4ecaed3540c4a541c', NULL);
INSERT INTO `mailer_emailevent` VALUES(150, 'opened', 'fanghzhao98075@yahoo.com', 'familyleaf.com', '85c9', '85c9', NULL, 1332358650, '7d-vmyfxxzmxt6zy8drrl9tqkrcwt4pu2080x0a3oa-wujlni1', '5944277988aaad157d7d655beb481176564111e05ca8b227d1d08f9917abc947', NULL);
INSERT INTO `mailer_emailevent` VALUES(151, 'opened', 'wesley.zhao@gmail.com', 'familyleaf.com', NULL, NULL, NULL, 1332358687, '6o0mv5f-yfpotxfk9pj0tshnxpjllcegnt33vqu4yjvsnubbz7', 'cd847f3657b76b2fb41c09edf2d34befeea52d3314e4dd3177c0b220c7299760', NULL);
INSERT INTO `mailer_emailevent` VALUES(152, 'opened', 'fanghzhao98075@yahoo.com', 'familyleaf.com', '85c9', '85c9', NULL, 1332358687, '2546n8kgd4aldf150r8pho-mbpn00lpp88jc01iwdv-2forjp2', '0af153131b756b305630d50b0c993c9e5104eb13b508751f23a57654bc50c7f7', NULL);
INSERT INTO `mailer_emailevent` VALUES(153, 'opened', 'wesley.zhao@gmail.com', 'familyleaf.com', NULL, NULL, NULL, 1332358689, '9nfjy06b6pan3j7gc1llzlyokfkresq73dgbo71es81xd34ac2', '35a5e683bedbcad31636af0dd2da11b8b38a0fde87c9e1fc6de47459fcd0bc41', NULL);
INSERT INTO `mailer_emailevent` VALUES(154, 'opened', 'fanghzhao98075@yahoo.com', 'familyleaf.com', '85c9', '85c9', NULL, 1332358689, '70gxjsr382et-m1d2hd1k-8s3228i9dxhlgvvksy6mpp5dyy32', '10f3f7fcc673dd4033524b23e90ec9a0eb662cc0dcdd71fb56aaace6d7815cc1', NULL);
INSERT INTO `mailer_emailevent` VALUES(155, 'opened', 'byeap@partners.org', 'familyleaf.com', '859x', '859x', NULL, 1332360415, '3sv23sha-0cszdv3lr1goi6gdqnk5g4ohjvmnu1gipli3xevf8', '009ec6a784f3fde7ebd529fd22366e4921ff462fed4888edb5a3df2ae871e43a', NULL);
INSERT INTO `mailer_emailevent` VALUES(156, 'opened', 'nikos.harizopoulos@yahoo.gr', 'familyleaf.com', '859x', '859x', NULL, 1332361173, '6syvnnk40r0bk0ym89xxlphmu5auvh5k0yz3ytmsm3d3yfge56', 'ee227c06de4ebf79a2f9b2669511f8feac2e17de965c14f0ed0611886d2a1d9b', NULL);
INSERT INTO `mailer_emailevent` VALUES(157, 'opened', 'nikos.harizopoulos@yahoo.gr', 'familyleaf.com', '85bn', '85bn', NULL, 1332361189, '4tq8wzaoorb2sd7fbo7nktqh5oogoesoljm3mr7unt1bcyyqn6', '7e810906182c17ae3bcd6d57b2ba514274c6ed5a23ecf6d98d52fd8241461ee7', NULL);
INSERT INTO `mailer_emailevent` VALUES(158, 'opened', 'nikos.harizopoulos@yahoo.gr', 'familyleaf.com', '85bp', '85bp', NULL, 1332361256, '7rwzwdr7c-trrbrbh9yoj6p564yw5wg332vjol1ft0j599-9-3', 'af3448e3ba56820d2ce96150e7bdcad6362f9072ca76872bd61d31d7774a30f4', NULL);
INSERT INTO `mailer_emailevent` VALUES(159, 'clicked', 'nikos.harizopoulos@yahoo.gr', 'familyleaf.com', '85bp', '85bp', NULL, 1332361263, '0bwqk7nq6fiew7kpg1zjof0lw8bnlgt13ncl-dlz5q75ln1205', '516fc0ff265d39e120fdaeac0fd7a5ef4c47f0105ea3eeb02bda07e28f160e99', NULL);
INSERT INTO `mailer_emailevent` VALUES(160, 'clicked', 'nikos.harizopoulos@yahoo.gr', 'familyleaf.com', '85bp', '85bp', NULL, 1332361297, '4qxiugicgtxb0-o5iqhmxf4fboh-iv6hdx5snevbwjab40sss3', 'f0ef6ae2147c6874b04e2fd89eb5b66156f2527b6d61be9770aea1154de34d14', NULL);
INSERT INTO `mailer_emailevent` VALUES(161, 'opened', 'nikos.harizopoulos@yahoo.gr', 'familyleaf.com', '85bp', '85bp', NULL, 1332361326, '4h0p0tig85r3-2pxhtv9vuidsuz8104trmji8ilbt5awk46dy0', '5857f1500a1fdfa65f20e108f2b51f76cde0ceae869889c04e78ab39fecfbf40', NULL);
INSERT INTO `mailer_emailevent` VALUES(162, 'clicked', 'nikos.harizopoulos@yahoo.gr', 'familyleaf.com', '85bp', '85bp', NULL, 1332361338, '0wp9w7xr3acbui66d8v2wb10br6cbqb1vsr62xgmgcafacmpx2', '110f9d6a5c69c2db94370087c55e14b486f429bbb0205ec023c8fd196c6944e4', NULL);
INSERT INTO `mailer_emailevent` VALUES(163, 'opened', 'byeap@partners.org', 'familyleaf.com', '859x', '859x', NULL, 1332366614, '5zbk-34go884wtwtp6ko3j3695k2uocrmdcm3e7ezp1ujdsgc6', '51c72fa914b5f169fcedd502dc80aaaf1a5fa343179db9ff0a94b0edc3ce3572', NULL);
INSERT INTO `mailer_emailevent` VALUES(164, 'opened', 'wesley.zhao@gmail.com', 'familyleaf.com', NULL, NULL, NULL, 1332367965, '6xc9kbgwahivs6yuqikb6tm4jsmwidjesinicds8q4jfhje7z9', 'd83627bc9afdda4041974838a117a83b940efe71c5bdb7ce2a898f5e58918bff', NULL);
INSERT INTO `mailer_emailevent` VALUES(165, 'clicked', 'wesley.zhao@gmail.com', 'familyleaf.com', NULL, NULL, NULL, 1332369074, '5iqcf3r-crss7-zf4w7h0m-0z-p0df29d8--oab0messhk9x09', 'a1772fd89a01d1a42c0a881adcd2d6f49dc49a751c297fe6349efbf3fdf2e91a', NULL);
INSERT INTO `mailer_emailevent` VALUES(166, 'clicked', 'wesley.zhao@gmail.com', 'familyleaf.com', NULL, NULL, NULL, 1332369345, '0jedpdnvnc5v2a7thp8m1g6wlqcl-sbog4250ipztkcitgy1v8', 'fb16de852bdd1eccdd086cf7bede36a3bdc6f54bc6aa79b2cb393bc1b58a1c9a', NULL);
INSERT INTO `mailer_emailevent` VALUES(167, 'clicked', 'wesley.zhao@gmail.com', 'familyleaf.com', NULL, NULL, NULL, 1332369419, '46jcup8bf8083e558n6tg5kyo-28vfdx6xe0amjgk30sn7swt1', 'c0205785fcd04ec8a4b784fdd32586ddce48940382be850a041b6458c05d6712', NULL);
INSERT INTO `mailer_emailevent` VALUES(168, 'opened', 'wesley.zhao@gmail.com', 'familyleaf.com', NULL, NULL, NULL, 1332370563, '5rfkt4ezbhgwo83v0-qf8i2qou1cg60b4aaqumyjphfr04yiw1', '8e43eebc54019599e5f8e4a5ab1538f38f5752c7dcf58fe31480ebf905c57d35', NULL);
INSERT INTO `mailer_emailevent` VALUES(169, 'opened', 'fanghzhao98075@yahoo.com', 'familyleaf.com', '85c9', '85c9', NULL, 1332370563, '4qxj97gw87j5vuqj3znaedtjxm8x3sw7upzsdebwgeqwux4zv7', '031297c7be14b8e24a92f6d68a907181609d00c959ac46fda4d329099a26d4c7', NULL);
INSERT INTO `mailer_emailevent` VALUES(170, 'opened', 'fanghzhao98075@yahoo.com', 'familyleaf.com', '85c9', '85c9', NULL, 1332370577, '0dsl62r35epj5l50g8ss1piw9ul5htbfd1lqis-ef45r-4nbf9', 'bb9b4ea37856a5b67daf5ebb987477468712b10ee941a08e3e92e7880b56cd84', NULL);
INSERT INTO `mailer_emailevent` VALUES(171, 'opened', 'fanghzhao98075@yahoo.com', 'familyleaf.com', '85c9', '85c9', NULL, 1332370579, '7zbhth00vt3h59qbfofjubkblzgle8bxlz6qgoxkpiipbapdl8', 'c6b4fa38a51a127bb3c2a9662229ea9477668c8b46dc3da379a596e81e169c34', NULL);
INSERT INTO `mailer_emailevent` VALUES(172, 'opened', 'wesley.zhao@gmail.com', 'familyleaf.com', NULL, NULL, NULL, 1332370579, '6tqqoikfs2pir4tm3jdualn0fi0a5b73cpzobpmd4uyrwuxl84', '45d20ff4087ab3197d7d2ffff29646f33830346da362283f19ccf7f096cd9179', NULL);
INSERT INTO `mailer_emailevent` VALUES(173, 'opened', 'shawiz@gmail.com', 'familyleaf.com', '85c9', '85c9', NULL, 1332371618, '2x3dc379ga69i3ny5rp6isfcgqziwztk67te7a-xuyalm3x5m5', 'e362b94728ae4ef96be1fa5b7e5289a05de09857b2907f76498533bd27b1fd4a', NULL);
INSERT INTO `mailer_emailevent` VALUES(174, 'opened', 'shawiz@gmail.com', 'familyleaf.com', '859x', '859x', NULL, 1332371661, '3mgjralagit422dxctwzmz-gwgmupr131pekaxyvghftoh0g27', 'd6b169c0a40da20f8eb192175e0ce5de20c052cc8e29ca95d5b04e2b75b30597', NULL);
INSERT INTO `mailer_emailevent` VALUES(175, 'opened', 'shawiz@gmail.com', 'familyleaf.com', '859x', '859x', NULL, 1332371862, '04g449eokffi0mixv1-jh0f82ukotk2xvgnm34lwjt6uwy6948', '7b2195d49f4759d04d7f05151330f0c42d69e5433f88a58b0d4a9f8e79621d8d', NULL);
INSERT INTO `mailer_emailevent` VALUES(176, 'clicked', 'shmuelmets@gmail.com', 'familyleaf.com', '85bp', '85bp', NULL, 1332375347, '1fa73pb0cnaz2kycf19f79ncho4o9qbvmvyjhkg527mcu93234', '82c684c468fc51256c9da2d66bd9e391afbc1a4bf40673c69e1392d66738344a', NULL);
INSERT INTO `mailer_emailevent` VALUES(177, 'opened', 'acharyam@cogeco.ca', 'familyleaf.com', '85bp', '85bp', NULL, 1332378931, '4h-1me61-xm-vh07xolla9-s827e4i4mtq435lg2qannzl99f8', '846482fc5132602ead6d1a8f089fc135177e1fb2c7e29bb644fba7262f0d79a5', NULL);
INSERT INTO `mailer_emailevent` VALUES(178, 'opened', 'tammydsouza2010@yahoo.com', 'familyleaf.com', '85b4', '85b4', NULL, 1332379613, '5fg9gf2vlda6mv1jch-r9zsk9ct6ki75qehrxvx40nolyobsb3', '3b94db7a99132bdfd535808971b08cfa0aa0a74e6cf350256373b4b8beb08516', NULL);
INSERT INTO `mailer_emailevent` VALUES(179, 'opened', 'tammydsouza2010@yahoo.com', 'familyleaf.com', '859x', '859x', NULL, 1332379627, '902px79b1d9y1zvo0mmuav6x24mg0sa-cn8pv2i9how-75n5l3', '4657d8efbc2d83941e91d9da958f00c9cfc2740d1d6a745efd80648aa4cfeddb', NULL);
INSERT INTO `mailer_emailevent` VALUES(180, 'clicked', 'avr@nouvou.com', 'familyleaf.com', '85bp', '85bp', NULL, 1332380280, '7i5o05vg339s-h7yt21ojjr6mg4vaeldbnjab75prdynsm59r3', '585e247efce40ca0d79df4a02baf83b5ab03c26b2c82084d66a672fdd6fbda6a', NULL);
INSERT INTO `mailer_emailevent` VALUES(181, 'opened', 'wesley.zhao@gmail.com', 'familyleaf.com', NULL, NULL, NULL, 1332382857, '67oq1bqsy96u0ol9z0iad6711ikfen3rfwsc84i8weibi37vj2', 'b17af1a9a99fa14d182205fad52272c8521d2bdac09b77ef8ac65c3c071a4407', NULL);
INSERT INTO `mailer_emailevent` VALUES(182, 'opened', 'wesley.zhao@gmail.com', 'familyleaf.com', NULL, NULL, NULL, 1332382867, '42dxbritu07lhn8tfnw88zkjdqdelkhl80mtzgzoicp0pgxze4', '970b32a40db2495a141727e0038cd2d41c5b46a6db94d6f9266020e15d806672', NULL);
INSERT INTO `mailer_emailevent` VALUES(183, 'clicked', 'zhaowm61@gmail.com', 'familyleaf.com', '85c9', '85c9', NULL, 1332384338, '394rqhkapmmpcfru5am6tvu75yswkxs4o23ztmlpbvvnau2ns4', 'b3603ee7e6afe126dbe0f125512a771e7587fa3ff2f96fb6a4c87e45e709d868', NULL);
INSERT INTO `mailer_emailevent` VALUES(184, 'opened', 'sparikh@radiax.com', 'familyleaf.com', '85b4', '85b4', NULL, 1332387916, '4ifuq3ff-ykmvw9as6-dr6cw-hakszzf1j9t1zwef5h4vrbed6', '2d53c6ac67dd356f59e9a048eced6792332c39d000481fd2c5211b62ee2684cd', NULL);
INSERT INTO `mailer_emailevent` VALUES(185, 'clicked', 'sparikh@radiax.com', 'familyleaf.com', '85b4', '85b4', NULL, 1332387916, '7iod9nf6y5s38i91qhu6ws-0w7-xeubpdil8wgp1gra4l4cvi2', 'fe62146851192a7e82f5fe24775189894c61da0fab2bf17dc0ff3b625bfea105', NULL);
INSERT INTO `mailer_emailevent` VALUES(186, 'clicked', 'wesley.zhao@gmail.com', 'familyleaf.com', NULL, NULL, NULL, 1332388184, '2sx7v2so1lluy5wfkhegvi33twjjn3tge683kgrdd1vg2x88l5', '156023d7fe8459a4df0d69fe33697f1428ad6e86310d0a7ac284ec911dc24a9d', NULL);
INSERT INTO `mailer_emailevent` VALUES(187, 'opened', 'fanghzhao98075@yahoo.com', 'familyleaf.com', '85c9', '85c9', NULL, 1332388562, '54pwu2q3mdt539oa8p5f68268at8wv4vgfkciur6xid18p6gr7', '2b994e5ff19dd4aa6274bf1d2289d675dc813e9ebdcb5b220d1b14ce47227fc0', NULL);
INSERT INTO `mailer_emailevent` VALUES(188, 'clicked', 'vipuljshah@gmail.com', 'familyleaf.com', '85c9', '85c9', NULL, 1332389157, '3w5ezsjo1u412d9acituocm8ldxmyyjr7ych2j7fk-8aj4eee1', '83d7ecc4222a24efa246a3b6067f805ef30c8b8648cdd29acfe490fc384d95b4', NULL);
INSERT INTO `mailer_emailevent` VALUES(189, 'opened', 'vipuljshah@gmail.com', 'familyleaf.com', '85c9', '85c9', NULL, 1332389157, '7527ma6t2achpxgwer1i9jo2bbof-0v80m6-sgx-6o53sqb-y3', '2661646fc38b2fc0915a1ad9227111ff958c11f2c70c48bcf301515c8a9302c5', NULL);
INSERT INTO `mailer_emailevent` VALUES(190, 'opened', 'ajayumehta@gmail.com', 'familyleaf.com', NULL, NULL, NULL, 1332393691, '27xmom08hbmdty-x3leo5fzeasdxcsdwrj6bgp50d1xxf3a2k7', '97189f9df1385cb3359c2b7bdb0e217d088f8233cbab38b5cd94b64e933aa87d', NULL);
INSERT INTO `mailer_emailevent` VALUES(191, 'opened', 'ajayumehta@gmail.com', 'familyleaf.com', NULL, NULL, NULL, 1332393699, '6zfrvg9cq2weszqtvajtd8y8s6v4d5isyjwtqm6p0so4789ki5', 'dfff1a92739f2db4fa6885fb30bfa84e48c5ddfc93073150c527bee8a9b22794', NULL);
INSERT INTO `mailer_emailevent` VALUES(192, 'opened', 'wesley.zhao@gmail.com', 'familyleaf.com', NULL, NULL, NULL, 1332393765, '37zwfwr7-3ql5ji0gfitzhr5qrxrkogkh-4kzg-yncglsqkr59', 'a6a0f5b4a1214c3d99e0613a1951bab84aed49fee7f9c78749359d08216033be', NULL);
INSERT INTO `mailer_emailevent` VALUES(193, 'clicked', 'wesley.zhao@gmail.com', 'familyleaf.com', NULL, NULL, NULL, 1332393899, '5-4u34qca3dzins7ha9t1253mcxoiy-dqrkk5yluhnzsf5cd54', '9a4e19f64994c344b2fabf116c11f8dc8397a4f6334a578f4840e2a1b08fdc80', NULL);
INSERT INTO `mailer_emailevent` VALUES(194, 'clicked', 'wesley.zhao@gmail.com', 'familyleaf.com', NULL, NULL, NULL, 1332393980, '4j5rgw-cfcumr10dwsb2zt93hs2e40kvvfoc90tpiwpuacej80', '6a8378f37fd7b07be1d74603c73a165f864047ef5c8b63292f2be1623ff2995d', NULL);
INSERT INTO `mailer_emailevent` VALUES(195, 'opened', 'wesley.zhao@gmail.com', 'familyleaf.com', NULL, 'notification', NULL, 1332394051, '0mn6dpfl-1uj51v80xljbqzyrvao92v7n3qbvwlac1qvxqtl47', '39ea9f1f10f03cd8da972f48b0c0fd697fcee13333b8d58ac81e624b509a66dc', NULL);
INSERT INTO `mailer_emailevent` VALUES(196, 'opened', 'wesley.zhao@gmail.com', 'familyleaf.com', NULL, 'notification', NULL, 1332394055, '682e8pq94fp22bv-zu8t5nv5wckl83i46-iriwfgkcr-vg3347', '31ba1a6849da88c46b6176cdc7cabd454fc37b265702878ebbe2283170c5efde', NULL);
INSERT INTO `mailer_emailevent` VALUES(197, 'opened', 'wesley.zhao@gmail.com', 'familyleaf.com', NULL, NULL, NULL, 1332394062, '5uf70qu8nu52ct1s0rbpzvnufdcar8fb6zw2aks9e6a4bxxqk5', 'b0393bc1487edcb48a5929ddcd8a3e7b1fe52e07aa248db118bbee06c592a409', NULL);
INSERT INTO `mailer_emailevent` VALUES(198, 'opened', 'wesley.zhao@gmail.com', 'familyleaf.com', NULL, NULL, NULL, 1332394066, '9wots63ydewj0nhdvuz01efv6auq6fkwht88rieo8qmm5jppg8', 'b0cf75f4d12d731ac191618eee7dc6eeb24176f8f804fff982ad255314ceef64', NULL);
INSERT INTO `mailer_emailevent` VALUES(199, 'opened', 'wesley.zhao@gmail.com', 'familyleaf.com', NULL, NULL, NULL, 1332394070, '3mhvon94qboim6dtf4u8lya8uvgsxlbimsztd2awl0ktvbzrr5', '4c9db5fd3aad1e4fc115dc7ae6e730789553db599002ddf7e661981270f2bfff', NULL);
INSERT INTO `mailer_emailevent` VALUES(200, 'opened', 'wesley.zhao@gmail.com', 'familyleaf.com', NULL, NULL, NULL, 1332394082, '68x200ic2u5r0t3i38lr6y5n6dqzu0n0dedv0l51v7y6ljopg1', '362aa0879e7443d539363d3f828d8ec44080167008dcb23ec5e5f8ce3964b0a4', NULL);
INSERT INTO `mailer_emailevent` VALUES(201, 'opened', 'wesley.zhao@gmail.com', 'familyleaf.com', NULL, NULL, NULL, 1332394083, '26z8vi85gjbckhi6fqbp7se-6a89r3lzkc2e68r91gtdc5f8y0', '43506417356202b398c6e18b63fc0a131321321446ce6fa26213578d7fd273ff', NULL);
INSERT INTO `mailer_emailevent` VALUES(202, 'opened', 'wesley.zhao@gmail.com', 'familyleaf.com', NULL, NULL, NULL, 1332394311, '1yo6emg61o9kb0kx46jmpdtxekmo5vxle0oyjkbbxqir98ot98', '57182b539c829a8133cfde796dbc827c7454e8ef2ae53a61cfe0e162a739480d', NULL);
INSERT INTO `mailer_emailevent` VALUES(203, 'opened', 'wesley.zhao@gmail.com', 'familyleaf.com', NULL, NULL, NULL, 1332394316, '62lnymvinswucq1s2mfnejjd80t4frue8ze2hmic90qbsrnjs5', '43ce5034b523094ba09a49ae77687111fc1c5ef5bd54ac621116a2c7cade2e6c', NULL);
INSERT INTO `mailer_emailevent` VALUES(204, 'opened', 'wesley.zhao@gmail.com', 'familyleaf.com', NULL, NULL, NULL, 1332394324, '8du3-y4fxv2lncyzecpvp2j-zl562lz13-lcb2b42cl0mj9at4', '0ae5c45fb454f818f731937b115c4473d4801246f8b3c00166d6e265bdf9f0e8', NULL);
INSERT INTO `mailer_emailevent` VALUES(205, 'opened', 'wesley.zhao@gmail.com', 'familyleaf.com', NULL, NULL, NULL, 1332394324, '6jcumz63hlrja34zkqg7sy3ncdl7vaqgbjklx5q4kg0kl32kp0', '1a50f047b9417e0930252cb2cf71098693ffcce48f626c003aeb18fb670ddc98', NULL);
INSERT INTO `mailer_emailevent` VALUES(206, 'opened', 'wesley.zhao@gmail.com', 'familyleaf.com', NULL, NULL, NULL, 1332394325, '4sid9q295iuq71jg2jtk3zh2mjm13-n0qgctc70fqrbhpd3kn0', 'b1ab60dfcba44d2c9d1471300efd450096d0acf46949045a6627c93b9fd36edd', NULL);
INSERT INTO `mailer_emailevent` VALUES(207, 'opened', 'wesley.zhao@gmail.com', 'familyleaf.com', NULL, NULL, NULL, 1332394329, '29nsvz-nj-x-6hv8bpxtjwulguwtvtrswx53zy7krnparxce21', 'd0ae6cbce7b96935756a97235eafef54da374e1d47a01aee54ee8817630afa28', NULL);
INSERT INTO `mailer_emailevent` VALUES(208, 'opened', 'wesley.zhao@gmail.com', 'familyleaf.com', NULL, NULL, NULL, 1332394332, '3moaw7oji87jgyq3q2klm8snzfkb7ngbnbw9wsjyvc4x2ic7c9', '5a83bd4c93dd8349bf6bf8c44f51d748e8db664daa5f80e04b8490ebda233723', NULL);
INSERT INTO `mailer_emailevent` VALUES(209, 'opened', 'wesley.zhao@gmail.com', 'familyleaf.com', NULL, NULL, NULL, 1332395026, '3rhcts1k9j2d--d3uwp71w4wwgenj12lego-2rq685eaeg6jy8', 'bd4124b9da7994056207618e9eb722717bcac7c90c0e41b26d6fa265b89b75c8', NULL);
INSERT INTO `mailer_emailevent` VALUES(210, 'opened', 'ajayumehta@gmail.com', 'familyleaf.com', NULL, NULL, NULL, 1332395026, '1bdu-h0g65eaf42qzgmvuolsd03fbn-am746rmqwik9t4pfh60', '5e5de662482efad9d709530c51af748c81491f8316122701097779258e656716', NULL);
INSERT INTO `mailer_emailevent` VALUES(211, 'clicked', 'wesley.zhao@gmail.com', 'familyleaf.com', NULL, NULL, NULL, 1332395041, '07q7b3mqd-0gx9kgtqdzlahegyane4u-m9f42sfqoyf16rehp3', 'bd693d2a30fa183838a1cda2e61bc04500f64ed2a4bca86edbbba7b0d176aefd', NULL);
INSERT INTO `mailer_emailevent` VALUES(212, 'opened', 'ajayumehta@gmail.com', 'familyleaf.com', NULL, NULL, NULL, 1332395107, '4v71h-aryfl4o5l5cfulhpbinol-qgvvhtuae8sp6-y-xh9l67', 'cccce8b1b9d8d2d9a1f9b4a340b0da66d0408a8382d2a6c00f6543565c825edf', NULL);
INSERT INTO `mailer_emailevent` VALUES(213, 'opened', 'jaisinghdalal@gmail.com', 'familyleaf.com', '85c9', '85c9', NULL, 1332395223, '598ym79m9ek0dqnjwnne61ah21q1y54z3186sqh0571-9vxtg8', '3ad5133b96216ad2b6c95a90edaef1894fdaff2af20169fc1a11f4c6fcf8b0b7', NULL);
INSERT INTO `mailer_emailevent` VALUES(214, 'clicked', 'jaisinghdalal@gmail.com', 'familyleaf.com', '85c9', '85c9', NULL, 1332395223, '1a-vtsyi4t9ye0ydvqv7xiyf9nnrsqzlhe-l8fu9j0dzmy24u8', '1ffc7d72c3b409017adb87751a443fbab1167df88f5dabf43dba8dc7b3f1d5f3', NULL);
INSERT INTO `mailer_emailevent` VALUES(215, 'clicked', 'wesley.zhao@gmail.com', 'familyleaf.com', NULL, NULL, NULL, 1332395277, '60peyb0jegss4vxzla5i15ap875bxntm7bxcz3wni0t2ckp0x4', 'ed7e929f81630d301a9428ab9e40a39b3c0ce7d35d23a3ee550a4ffcb59a002c', NULL);
INSERT INTO `mailer_emailevent` VALUES(216, 'clicked', 'wesley.zhao@gmail.com', 'familyleaf.com', NULL, NULL, NULL, 1332395301, '576y960i26-ywphk-cix4qgmf9ejzd7t0imvugmryxm0iau-91', '0a8b84971d116ea67ce26fa79f7ea24627c9db8052bf89c1d4ea16a94ce1f4cc', NULL);
INSERT INTO `mailer_emailevent` VALUES(217, 'clicked', 'wesley.zhao@gmail.com', 'familyleaf.com', NULL, NULL, NULL, 1332395590, '3ov00lrq1voi75tg8pre50xdh7sba3e-9ibl271zc1-8n6tgp1', '2af536a9d9ceb407a1c00df7c401d456ada8eebd0cacc592bd9ddfcc0fa8260a', NULL);
INSERT INTO `mailer_emailevent` VALUES(218, 'opened', 'ajayumehta@gmail.com', 'familyleaf.com', NULL, NULL, NULL, 1332395921, '5rhkek2owk1vmhx0kzhf1yr5p-isw85ro5zu3vhqfdx8k40r80', '79298518a663738f73933c76a07e2a8542c92972bc3b13576488d7b0c87dfc05', NULL);
INSERT INTO `mailer_emailevent` VALUES(219, 'opened', 'ajayumehta@gmail.com', 'familyleaf.com', NULL, NULL, NULL, 1332395955, '3gbld3qh6i52jufalfho94cqp5zs25q7mhf9s94q8amds5ckx5', '9b2a04b7700e5ee0cb7a568fd37d403f4b9bd109e65cefb5be76f654c2d1cf19', NULL);
INSERT INTO `mailer_emailevent` VALUES(220, 'opened', 'ajayumehta@gmail.com', 'familyleaf.com', NULL, 'notification', NULL, 1332395972, '00gbosxdi3obo6jcr-n8mr039ewd-qa1mrbnxxjbol3cs-vw-1', 'd8bf56093c75f237253fe9e9735f30a14abac4fe23a7bdaa4b66193cb49b2b2b', NULL);
INSERT INTO `mailer_emailevent` VALUES(221, 'opened', 'ajayumehta@gmail.com', 'familyleaf.com', NULL, NULL, NULL, 1332395976, '0bgrtsy3sqe6qcawtkeshqpz87nmfogwn9q54ckcge5121v9e7', 'ff74e334c6758858cee978b6cd20dd606e16ffe4773dbb8236dc8bb62e1802a6', NULL);
INSERT INTO `mailer_emailevent` VALUES(222, 'opened', 'wesley.zhao@gmail.com', 'familyleaf.com', NULL, NULL, NULL, 1332396059, '25gfja2fvqjhvi24thmhu--6ejht495-1rylh7e9mdsf32gfi8', '8d051786609e555e4e73f4974c887b4ccaa116d40f6d5e79fcd320f1e283d358', NULL);
INSERT INTO `mailer_emailevent` VALUES(223, 'opened', 'ajayumehta@gmail.com', 'familyleaf.com', NULL, NULL, NULL, 1332396180, '7a0u5tj982k-k0qvl41civ6jfumnipvv4emm8cksv9kb0um-v7', 'f9d2aa12b6c344b10e3607ce5b7b0823d60a92e8cb9289efb65a6fd1d795d3b3', NULL);
INSERT INTO `mailer_emailevent` VALUES(224, 'clicked', 'wesley.zhao@gmail.com', 'familyleaf.com', NULL, NULL, NULL, 1332396314, '0woo9aqnibv6rs39tyjgbacp2c6kqljcmm1mi4vsvxbu0u23s0', 'cade5102d486e2cd7f867f0da0cbfb930195bbec9d7db5758c6e1b276c24f117', NULL);
INSERT INTO `mailer_emailevent` VALUES(225, 'opened', 'cishidasan@aol.com', 'familyleaf.com', '85b4', '85b4', NULL, 1332396563, '5jcnjm35gxfy3zjntysx7ius8fjs8oh97he57wl6mr51quygf8', 'accbb58768b76474eb6793e48c61b50f3b2705624eb33fedc8c30207d816a387', NULL);
INSERT INTO `mailer_emailevent` VALUES(226, 'clicked', 'cishidasan@aol.com', 'familyleaf.com', '85b4', '85b4', NULL, 1332396607, '2-4uvbnhvpwpuc4fizp-o270mu1turkgo7pz5a0-i4z1cht6d8', 'daf51a1b207244aedb3973781761efa04dbc2ecd077f298f5d1e81e6ecf157b9', NULL);
INSERT INTO `mailer_emailevent` VALUES(227, 'opened', 'ajayumehta@gmail.com', 'familyleaf.com', NULL, NULL, NULL, 1332397185, '1qwbzrzzwexe85qvbyzjx6csoxcm89wlmh-awmhsp-41b5kb72', '593a3da6a2475ad46c19569c4b19676da6cfee19c618d029eb5ff6c7b928343f', NULL);
INSERT INTO `mailer_emailevent` VALUES(228, 'clicked', 'wesley.zhao@gmail.com', 'familyleaf.com', NULL, NULL, NULL, 1332397361, '7wez6eh046zbnev56woonvk2ofoblat93mzxx0qs1qcr90kvm6', '90815d62c40107f40c4ad1f430d3d645bad80bfb87235cca8e7af2550fe5c802', NULL);
INSERT INTO `mailer_emailevent` VALUES(229, 'clicked', 'jaisinghdalal@gmail.com', 'familyleaf.com', '85bp', '85bp', NULL, 1332398749, '84qkwsurz50o9a2lgn2svnh87ouh1xmk78ha-cux5ns4333ae6', '7db648283754ec411422416823135f7de8f651522bb46860b28017dbec4d9e25', NULL);
INSERT INTO `mailer_emailevent` VALUES(230, 'clicked', 'jaisinghdalal@gmail.com', 'familyleaf.com', '85c9', '85c9', NULL, 1332398804, '5h7rmaodmcvoywyh8a7i6kdysch1n3mce925lpgmqrfbqxh0v4', 'e0eba36a34a278da51a57b74b1990ba78a2f44123ff4a5f2be3a3b68678f58cf', NULL);
INSERT INTO `mailer_emailevent` VALUES(231, 'clicked', 'wesley.zhao@gmail.com', 'familyleaf.com', NULL, NULL, NULL, 1332402792, '0phwo2z8yp5tx4v9t045lv0cichj2d9xotqm8zc17ur0zdvkc1', 'ff4764898e9a8b8252b7fb392d700e4f9cfefa104ee581a4b5d06b88ee2155c7', NULL);
INSERT INTO `mailer_emailevent` VALUES(232, 'clicked', 'wesley.zhao@gmail.com', 'familyleaf.com', NULL, NULL, NULL, 1332403047, '5wdu3e4h80nwg3ag2718zltrp41az1f-l8lz47zzn07owmg-22', '822e7df477dfeebfaab15050f5aeb5464e46740a0cb658d2f4c16136a8f115f9', NULL);
INSERT INTO `mailer_emailevent` VALUES(233, 'opened', 'fanghzhao98075@yahoo.com', 'familyleaf.com', '85c9', '85c9', NULL, 1332403049, '3t649wpk-kau7lge2q-96t7t52avo48s9ehvyvng4s3rmha8c1', '5d0627ced1f44d1e787b518515c5ee3bedc36ab59692089eb13e3a45ba739fee', NULL);
INSERT INTO `mailer_emailevent` VALUES(234, 'opened', 'nikos.harizopoulos@yahoo.gr', 'familyleaf.com', '85b4', '85b4', NULL, 1332403095, '66wn9zj4dpt4c2pubhtrxoxd92n26q2dyz9hmis27qxa28y2l1', '79362de8ea28a013d215d0c3e6371dcb8752cec9b779c7d8451864dca18d968d', NULL);
INSERT INTO `mailer_emailevent` VALUES(235, 'clicked', 'fanghzhao98075@yahoo.com', 'familyleaf.com', '85c9', '85c9', NULL, 1332403158, '0norc7sk7okct2x50q9rtwoah272wvmm9tf33qhk824uxjg-09', 'b2ae339e397fbd3824ef1707fa011ae5d98c4ed69c757eb2c7031567b6c8d0b1', NULL);
INSERT INTO `mailer_emailevent` VALUES(236, 'opened', 'nikos.harizopoulos@yahoo.gr', 'familyleaf.com', '85bp', '85bp', NULL, 1332403592, '3w506r1z7y-fejdona7clgfqzfz43-r-lfg5hiu90jak2q17g6', 'b2b5064e01d52a4e3d6327383a6484dd8761bb79bf0bb76d846dd183b9861923', NULL);
INSERT INTO `mailer_emailevent` VALUES(237, 'opened', 'nikos.harizopoulos@yahoo.gr', 'familyleaf.com', '85bp', '85bp', NULL, 1332403904, '35ze8rrzp5747ofia8lastxust315ers73bexyrnwfi7j68204', 'be3470de2a3008a7434da9da44999dee1d8bee700bda3a19920c94c339ba1853', NULL);
INSERT INTO `mailer_emailevent` VALUES(238, 'opened', 'wesley.zhao@gmail.com', 'familyleaf.com', NULL, NULL, NULL, 1332404016, '8fbjydx-jqf7i8aenqpi0razft1d65-1fo3swef2v45jafvms4', '3531bdd563e5347b2e635152566c2144f8d6d7cddab7ed289c29b44473f185a9', NULL);
INSERT INTO `mailer_emailevent` VALUES(239, 'opened', 'wesley.zhao@gmail.com', 'familyleaf.com', NULL, NULL, NULL, 1332404028, '8xh163xk6dmayr35qwk218jbar7ivkbu0amu2hypr3irejy0-2', 'af600c8f7c9c110e84f0b8c72ed3543ac99c4e0e1903098113def9df8013bcca', NULL);
INSERT INTO `mailer_emailevent` VALUES(240, 'opened', 'wesley.zhao@gmail.com', 'familyleaf.com', NULL, NULL, NULL, 1332404367, '4aujnl27hm35fea2465q5c4mswpckk59dg6icfcsfd-0gq0en3', '353c276b74222e33c045293ff9db9fe5f3affc0884873f2f2315558f1308928f', NULL);
INSERT INTO `mailer_emailevent` VALUES(241, 'opened', 'wesley.zhao@gmail.com', 'familyleaf.com', NULL, 'welcome_email', NULL, 1332404805, '6882z2byvhjc3vqx0q-fg0-z1m-ihui1f5qvt6s0k8tly8w4f8', '1caf1230dd65a2534f47440b8f9fc4caefdd6cce819810ef4385ddb56f2fa8f5', NULL);
INSERT INTO `mailer_emailevent` VALUES(242, 'clicked', 'wesley.zhao@gmail.com', 'familyleaf.com', NULL, NULL, NULL, 1332405357, '5-bom4j8n-hwtav9i7clz9hsi9t3b8lt5car20cdc29jws6tj5', 'b500faaf2d342afbbf7e481b1ad2677f9a92be9153c6b9d56adbacdc901e83c5', NULL);

-- --------------------------------------------------------

--
-- Table structure for table `mailer_emaileventproperty`
--

DROP TABLE IF EXISTS `mailer_emaileventproperty`;
CREATE TABLE `mailer_emaileventproperty` (
  `id` int(11) NOT NULL AUTO_INCREMENT,
  `name` varchar(255) NOT NULL,
  `value` varchar(255) DEFAULT NULL,
  `email_event_id` int(11) NOT NULL,
  PRIMARY KEY (`id`),
  KEY `engine_emaileventproperty_52094d6e` (`name`),
  KEY `engine_emaileventproperty_40858fbd` (`value`),
  KEY `engine_emaileventproperty_422ed986` (`email_event_id`)
) ENGINE=InnoDB  DEFAULT CHARSET=utf8 AUTO_INCREMENT=148 ;

--
-- Dumping data for table `mailer_emaileventproperty`
--

INSERT INTO `mailer_emaileventproperty` VALUES(1, 'family_id', '106', 10);
INSERT INTO `mailer_emaileventproperty` VALUES(2, 'family_id', '7', 23);
INSERT INTO `mailer_emaileventproperty` VALUES(3, 'user_profile_id', '22', 23);
INSERT INTO `mailer_emaileventproperty` VALUES(4, 'family_id', '7', 24);
INSERT INTO `mailer_emaileventproperty` VALUES(5, 'user_profile_id', '22', 24);
INSERT INTO `mailer_emaileventproperty` VALUES(6, 'user_profile_id', '581', 31);
INSERT INTO `mailer_emaileventproperty` VALUES(7, 'family_id', '108', 32);
INSERT INTO `mailer_emaileventproperty` VALUES(8, 'family_id', '108', 33);
INSERT INTO `mailer_emaileventproperty` VALUES(9, 'family_id', '108', 34);
INSERT INTO `mailer_emaileventproperty` VALUES(10, 'family_id', '108', 35);
INSERT INTO `mailer_emaileventproperty` VALUES(11, 'family_id', '23', 38);
INSERT INTO `mailer_emaileventproperty` VALUES(12, 'user_profile_id', '56', 38);
INSERT INTO `mailer_emaileventproperty` VALUES(13, 'family_id', '7', 40);
INSERT INTO `mailer_emaileventproperty` VALUES(14, 'family_id', '7', 41);
INSERT INTO `mailer_emaileventproperty` VALUES(15, 'family_id', '7', 42);
INSERT INTO `mailer_emaileventproperty` VALUES(16, 'family_id', '7', 44);
INSERT INTO `mailer_emaileventproperty` VALUES(17, 'family_id', '78', 45);
INSERT INTO `mailer_emaileventproperty` VALUES(18, 'family_id', '129', 47);
INSERT INTO `mailer_emaileventproperty` VALUES(19, 'user_profile_id', '450', 47);
INSERT INTO `mailer_emaileventproperty` VALUES(20, 'family_id', '108', 48);
INSERT INTO `mailer_emaileventproperty` VALUES(21, 'family_id', '7', 49);
INSERT INTO `mailer_emaileventproperty` VALUES(22, 'family_id', '7', 50);
INSERT INTO `mailer_emaileventproperty` VALUES(23, 'family_id', '7', 51);
INSERT INTO `mailer_emaileventproperty` VALUES(24, 'family_id', '7', 52);
INSERT INTO `mailer_emaileventproperty` VALUES(25, 'user_profile_id', '22', 52);
INSERT INTO `mailer_emaileventproperty` VALUES(26, 'family_id', '105', 53);
INSERT INTO `mailer_emaileventproperty` VALUES(27, 'family_id', '7', 54);
INSERT INTO `mailer_emaileventproperty` VALUES(28, 'family_id', '7', 55);
INSERT INTO `mailer_emaileventproperty` VALUES(29, 'family_id', '78', 56);
INSERT INTO `mailer_emaileventproperty` VALUES(30, 'family_id', '175', 57);
INSERT INTO `mailer_emaileventproperty` VALUES(31, 'family_id', '169', 58);
INSERT INTO `mailer_emaileventproperty` VALUES(32, 'family_id', '169', 59);
INSERT INTO `mailer_emaileventproperty` VALUES(33, 'family_id', '169', 64);
INSERT INTO `mailer_emaileventproperty` VALUES(34, 'family_id', '169', 63);
INSERT INTO `mailer_emaileventproperty` VALUES(35, 'family_id', '116', 66);
INSERT INTO `mailer_emaileventproperty` VALUES(36, 'family_id', '116', 65);
INSERT INTO `mailer_emaileventproperty` VALUES(37, 'family_id', '175', 68);
INSERT INTO `mailer_emaileventproperty` VALUES(38, 'family_id', '175', 67);
INSERT INTO `mailer_emaileventproperty` VALUES(39, 'family_id', '108', 69);
INSERT INTO `mailer_emaileventproperty` VALUES(40, 'family_id', '78', 70);
INSERT INTO `mailer_emaileventproperty` VALUES(41, 'family_id', '7', 71);
INSERT INTO `mailer_emaileventproperty` VALUES(42, 'family_id', '7', 72);
INSERT INTO `mailer_emaileventproperty` VALUES(43, 'family_id', '7', 73);
INSERT INTO `mailer_emaileventproperty` VALUES(44, 'family_id', '134', 75);
INSERT INTO `mailer_emaileventproperty` VALUES(45, 'family_id', '134', 74);
INSERT INTO `mailer_emaileventproperty` VALUES(46, 'family_id', '7', 76);
INSERT INTO `mailer_emaileventproperty` VALUES(47, 'family_id', '134', 77);
INSERT INTO `mailer_emaileventproperty` VALUES(48, 'family_id', '134', 78);
INSERT INTO `mailer_emaileventproperty` VALUES(49, 'family_id', '134', 79);
INSERT INTO `mailer_emaileventproperty` VALUES(50, 'family_id', '7', 80);
INSERT INTO `mailer_emaileventproperty` VALUES(51, 'family_id', '134', 81);
INSERT INTO `mailer_emaileventproperty` VALUES(52, 'family_id', '134', 82);
INSERT INTO `mailer_emaileventproperty` VALUES(53, 'family_id', '7', 83);
INSERT INTO `mailer_emaileventproperty` VALUES(54, 'family_id', '7', 84);
INSERT INTO `mailer_emaileventproperty` VALUES(55, 'family_id', '7', 85);
INSERT INTO `mailer_emaileventproperty` VALUES(56, 'family_id', '175', 87);
INSERT INTO `mailer_emaileventproperty` VALUES(57, 'family_id', '7', 88);
INSERT INTO `mailer_emaileventproperty` VALUES(58, 'family_id', '7', 94);
INSERT INTO `mailer_emaileventproperty` VALUES(59, 'family_id', '23', 96);
INSERT INTO `mailer_emaileventproperty` VALUES(60, 'family_id', '23', 97);
INSERT INTO `mailer_emaileventproperty` VALUES(61, 'user_profile_id', '135', 98);
INSERT INTO `mailer_emaileventproperty` VALUES(62, 'family_id', '7', 99);
INSERT INTO `mailer_emaileventproperty` VALUES(63, 'family_id', '134', 102);
INSERT INTO `mailer_emaileventproperty` VALUES(64, 'family_id', '134', 103);
INSERT INTO `mailer_emaileventproperty` VALUES(65, 'family_id', '134', 104);
INSERT INTO `mailer_emaileventproperty` VALUES(66, 'family_id', '134', 105);
INSERT INTO `mailer_emaileventproperty` VALUES(67, 'family_id', '154', 106);
INSERT INTO `mailer_emaileventproperty` VALUES(68, 'family_id', '154', 108);
INSERT INTO `mailer_emaileventproperty` VALUES(69, 'family_id', '154', 107);
INSERT INTO `mailer_emaileventproperty` VALUES(70, 'user_profile_id', '511', 106);
INSERT INTO `mailer_emaileventproperty` VALUES(71, 'user_profile_id', '511', 108);
INSERT INTO `mailer_emaileventproperty` VALUES(72, 'user_profile_id', '511', 107);
INSERT INTO `mailer_emaileventproperty` VALUES(73, 'family_id', '154', 109);
INSERT INTO `mailer_emaileventproperty` VALUES(74, 'user_profile_id', '511', 109);
INSERT INTO `mailer_emaileventproperty` VALUES(75, 'family_id', '154', 110);
INSERT INTO `mailer_emaileventproperty` VALUES(76, 'family_id', '154', 111);
INSERT INTO `mailer_emaileventproperty` VALUES(77, 'user_profile_id', '511', 110);
INSERT INTO `mailer_emaileventproperty` VALUES(78, 'user_profile_id', '511', 111);
INSERT INTO `mailer_emaileventproperty` VALUES(79, 'family_id', '7', 127);
INSERT INTO `mailer_emaileventproperty` VALUES(80, 'family_id', '7', 128);
INSERT INTO `mailer_emaileventproperty` VALUES(81, 'family_id', '7', 129);
INSERT INTO `mailer_emaileventproperty` VALUES(82, 'family_id', '7', 130);
INSERT INTO `mailer_emaileventproperty` VALUES(83, 'user_profile_id', '135', 131);
INSERT INTO `mailer_emaileventproperty` VALUES(84, 'user_profile_id', '534', 132);
INSERT INTO `mailer_emaileventproperty` VALUES(85, 'family_id', '7', 134);
INSERT INTO `mailer_emaileventproperty` VALUES(86, 'family_id', '7', 133);
INSERT INTO `mailer_emaileventproperty` VALUES(87, 'family_id', '7', 135);
INSERT INTO `mailer_emaileventproperty` VALUES(88, 'family_id', '7', 136);
INSERT INTO `mailer_emaileventproperty` VALUES(89, 'family_id', '7', 137);
INSERT INTO `mailer_emaileventproperty` VALUES(90, 'family_id', '7', 138);
INSERT INTO `mailer_emaileventproperty` VALUES(91, 'family_id', '7', 139);
INSERT INTO `mailer_emaileventproperty` VALUES(92, 'family_id', '7', 142);
INSERT INTO `mailer_emaileventproperty` VALUES(93, 'family_id', '7', 143);
INSERT INTO `mailer_emaileventproperty` VALUES(94, 'family_id', '7', 144);
INSERT INTO `mailer_emaileventproperty` VALUES(95, 'family_id', '103', 148);
INSERT INTO `mailer_emaileventproperty` VALUES(96, 'family_id', '7', 149);
INSERT INTO `mailer_emaileventproperty` VALUES(97, 'user_profile_id', '22', 149);
INSERT INTO `mailer_emaileventproperty` VALUES(98, 'family_id', '7', 150);
INSERT INTO `mailer_emaileventproperty` VALUES(99, 'user_profile_id', '22', 150);
INSERT INTO `mailer_emaileventproperty` VALUES(100, 'family_id', '7', 152);
INSERT INTO `mailer_emaileventproperty` VALUES(101, 'user_profile_id', '22', 152);
INSERT INTO `mailer_emaileventproperty` VALUES(102, 'family_id', '7', 154);
INSERT INTO `mailer_emaileventproperty` VALUES(103, 'user_profile_id', '22', 154);
INSERT INTO `mailer_emaileventproperty` VALUES(104, 'family_id', '103', 155);
INSERT INTO `mailer_emaileventproperty` VALUES(105, 'family_id', '106', 156);
INSERT INTO `mailer_emaileventproperty` VALUES(106, 'user_profile_id', '352', 157);
INSERT INTO `mailer_emaileventproperty` VALUES(107, 'family_id', '106', 158);
INSERT INTO `mailer_emaileventproperty` VALUES(108, 'family_id', '106', 159);
INSERT INTO `mailer_emaileventproperty` VALUES(109, 'family_id', '106', 160);
INSERT INTO `mailer_emaileventproperty` VALUES(110, 'family_id', '106', 161);
INSERT INTO `mailer_emaileventproperty` VALUES(111, 'family_id', '106', 162);
INSERT INTO `mailer_emaileventproperty` VALUES(112, 'family_id', '103', 163);
INSERT INTO `mailer_emaileventproperty` VALUES(113, 'family_id', '7', 169);
INSERT INTO `mailer_emaileventproperty` VALUES(114, 'user_profile_id', '22', 169);
INSERT INTO `mailer_emaileventproperty` VALUES(115, 'family_id', '7', 170);
INSERT INTO `mailer_emaileventproperty` VALUES(116, 'user_profile_id', '22', 170);
INSERT INTO `mailer_emaileventproperty` VALUES(117, 'family_id', '7', 171);
INSERT INTO `mailer_emaileventproperty` VALUES(118, 'user_profile_id', '22', 171);
INSERT INTO `mailer_emaileventproperty` VALUES(119, 'family_id', '74', 173);
INSERT INTO `mailer_emaileventproperty` VALUES(120, 'user_profile_id', '193', 173);
INSERT INTO `mailer_emaileventproperty` VALUES(121, 'family_id', '74', 174);
INSERT INTO `mailer_emaileventproperty` VALUES(122, 'family_id', '74', 175);
INSERT INTO `mailer_emaileventproperty` VALUES(123, 'family_id', '97', 176);
INSERT INTO `mailer_emaileventproperty` VALUES(124, 'family_id', '29', 177);
INSERT INTO `mailer_emaileventproperty` VALUES(125, 'family_id', '175', 179);
INSERT INTO `mailer_emaileventproperty` VALUES(126, 'family_id', '134', 180);
INSERT INTO `mailer_emaileventproperty` VALUES(127, 'family_id', '7', 183);
INSERT INTO `mailer_emaileventproperty` VALUES(128, 'user_profile_id', '22', 183);
INSERT INTO `mailer_emaileventproperty` VALUES(129, 'family_id', '7', 187);
INSERT INTO `mailer_emaileventproperty` VALUES(130, 'user_profile_id', '22', 187);
INSERT INTO `mailer_emaileventproperty` VALUES(131, 'family_id', '44', 188);
INSERT INTO `mailer_emaileventproperty` VALUES(132, 'family_id', '44', 189);
INSERT INTO `mailer_emaileventproperty` VALUES(133, 'user_profile_id', '127', 188);
INSERT INTO `mailer_emaileventproperty` VALUES(134, 'user_profile_id', '127', 189);
INSERT INTO `mailer_emaileventproperty` VALUES(135, 'family_id', '129', 213);
INSERT INTO `mailer_emaileventproperty` VALUES(136, 'family_id', '129', 214);
INSERT INTO `mailer_emaileventproperty` VALUES(137, 'user_profile_id', '452', 213);
INSERT INTO `mailer_emaileventproperty` VALUES(138, 'user_profile_id', '452', 214);
INSERT INTO `mailer_emaileventproperty` VALUES(139, 'family_id', '129', 229);
INSERT INTO `mailer_emaileventproperty` VALUES(140, 'family_id', '129', 230);
INSERT INTO `mailer_emaileventproperty` VALUES(141, 'user_profile_id', '450', 230);
INSERT INTO `mailer_emaileventproperty` VALUES(142, 'family_id', '7', 233);
INSERT INTO `mailer_emaileventproperty` VALUES(143, 'user_profile_id', '22', 233);
INSERT INTO `mailer_emaileventproperty` VALUES(144, 'family_id', '7', 235);
INSERT INTO `mailer_emaileventproperty` VALUES(145, 'user_profile_id', '22', 235);
INSERT INTO `mailer_emaileventproperty` VALUES(146, 'family_id', '106', 236);
INSERT INTO `mailer_emaileventproperty` VALUES(147, 'family_id', '106', 237);

-- --------------------------------------------------------

--
-- Table structure for table `mailer_emailroute`
--

DROP TABLE IF EXISTS `mailer_emailroute`;
CREATE TABLE `mailer_emailroute` (
  `id` int(11) NOT NULL AUTO_INCREMENT,
  `name` varchar(255) NOT NULL,
  `priority` int(11) NOT NULL DEFAULT '99',
  `mailgun_id` varchar(255) DEFAULT NULL,
  PRIMARY KEY (`id`),
  KEY `engine_emailroute_52094d6e` (`name`),
  KEY `engine_emailroute_25f5c402` (`mailgun_id`)
) ENGINE=InnoDB  DEFAULT CHARSET=utf8 AUTO_INCREMENT=6 ;

--
-- Dumping data for table `mailer_emailroute`
--

INSERT INTO `mailer_emailroute` VALUES(1, 'zhao', 99, '4f66a7cdba8a482a72024d24');
INSERT INTO `mailer_emailroute` VALUES(2, 'zhao_1', 99, '4f66acd53181337b540266d8');
INSERT INTO `mailer_emailroute` VALUES(5, 'zhao1', 99, '4f66b7e73533541133027cc4');

-- --------------------------------------------------------

--
-- Table structure for table `messaging_message`
--

DROP TABLE IF EXISTS `messaging_message`;
CREATE TABLE `messaging_message` (
  `id` int(11) NOT NULL AUTO_INCREMENT,
  `from_profile_id` int(11) NOT NULL,
  `to_family_id` int(11) NOT NULL,
  `text` longtext,
  `post_type` varchar(100) NOT NULL DEFAULT 'wall',
  `date_created` datetime DEFAULT NULL,
  `thread_id` int(11) NOT NULL,
  PRIMARY KEY (`id`),
  KEY `engine_post_7d8b07c6` (`from_profile_id`),
  KEY `engine_post_172e38b3` (`to_family_id`),
  KEY `engine_post_6b1eae41` (`post_type`),
  KEY `messaging_post_65912a8a` (`thread_id`)
) ENGINE=InnoDB  DEFAULT CHARSET=utf8 AUTO_INCREMENT=98 ;

--
-- Dumping data for table `messaging_message`
--

INSERT INTO `messaging_message` VALUES(1, 89, 18, 'test post', 'wall', '2012-04-30 16:48:10', 1);
INSERT INTO `messaging_message` VALUES(2, 89, 18, 'post test', 'wall', '2012-04-30 16:48:10', 2);
INSERT INTO `messaging_message` VALUES(3, 89, 18, 'test [pst', 'wall', '2012-04-30 16:48:11', 3);
INSERT INTO `messaging_message` VALUES(4, 89, 18, 'meowth', 'wall', '2012-04-30 16:48:11', 4);
INSERT INTO `messaging_message` VALUES(5, 89, 18, 'test post', 'wall', '2012-04-30 16:48:12', 5);
INSERT INTO `messaging_message` VALUES(6, 89, 18, 'test ajax', 'wall', '2012-04-30 16:48:12', 6);
INSERT INTO `messaging_message` VALUES(7, 89, 18, 'test ajax', 'wall', '2012-04-30 16:48:13', 7);
INSERT INTO `messaging_message` VALUES(8, 89, 18, 'test', 'wall', '2012-04-30 16:48:13', 8);
INSERT INTO `messaging_message` VALUES(9, 89, 18, 'test meowth', 'wall', '2012-04-30 16:48:14', 9);
INSERT INTO `messaging_message` VALUES(10, 89, 18, 'another test pleaseworkd', 'wall', '2012-04-30 16:48:14', 10);
INSERT INTO `messaging_message` VALUES(11, 89, 18, 'another test pleaseworkd again lulz lulz lulz', 'wall', '2012-04-30 16:48:15', 11);
INSERT INTO `messaging_message` VALUES(12, 89, 18, 'another test for mailgun lulz', 'wall', '2012-04-30 16:48:15', 12);
INSERT INTO `messaging_message` VALUES(13, 71, 19, 'This is a test message. Everyone check it out.', 'wall', '2012-04-30 16:48:16', 13);
INSERT INTO `messaging_message` VALUES(14, 71, 19, 'This is a test post. Whatup yo. This is a test post. Whatup yo. This is a test post. Whatup yo. This is a test post. Whatup yo. This is a test post. Whatup yo. This is a test post. Whatup yo. This is', 'wall', '2012-04-30 16:48:16', 14);
INSERT INTO `messaging_message` VALUES(15, 71, 19, 'Test testtest\n\nLine break. test.', 'wall', '2012-04-30 16:48:17', 15);
INSERT INTO `messaging_message` VALUES(16, 89, 18, '', 'wall', '2012-04-30 16:48:17', 16);
INSERT INTO `messaging_message` VALUES(17, 19, 9, 'Test test test.', 'wall', '2012-04-30 16:48:18', 17);
INSERT INTO `messaging_message` VALUES(18, 19, 9, 'Test me up', 'wall', '2012-04-30 16:48:18', 18);
INSERT INTO `messaging_message` VALUES(19, 19, 9, 'All about that testing.', 'wall', '2012-04-30 16:48:19', 19);
INSERT INTO `messaging_message` VALUES(20, 19, 9, 'Testing fleep flop it up Testing fleep flop it up Testing fleep flop it up Testing fleep flop it up Testing fleep flop it up Testing fleep flop it up Testing fleep flop it up .Testing fleep flop it up .Testing fleep flop it up .Testing fleep flop it up .', 'wall', '2012-04-30 16:48:19', 20);
INSERT INTO `messaging_message` VALUES(25, 21, 11, 'TEST line breaks\n\ntest test test\n', 'wall', '2012-04-30 16:48:20', 21);
INSERT INTO `messaging_message` VALUES(26, 21, 11, 'test', 'wall', '2012-04-30 16:48:20', 22);
INSERT INTO `messaging_message` VALUES(28, 21, 11, 'test firefox post', 'wall', '2012-04-30 16:48:21', 23);
INSERT INTO `messaging_message` VALUES(30, 19, 11, 'Test.', 'wall', '2012-04-30 16:48:21', 24);
INSERT INTO `messaging_message` VALUES(31, 121, 25, 'hello', 'wall', '2012-04-30 16:48:22', 25);
INSERT INTO `messaging_message` VALUES(32, 121, 25, 'Test post 2', 'wall', '2012-04-30 16:48:22', 26);
INSERT INTO `messaging_message` VALUES(33, 121, 25, 'aaa', 'wall', '2012-04-30 16:48:23', 27);
INSERT INTO `messaging_message` VALUES(34, 136, 40, 'Wow this is really sexy. PSYCH', 'wall', '2012-04-30 16:48:23', 28);
INSERT INTO `messaging_message` VALUES(35, 139, 43, 'LOL this shit..', 'wall', '2012-04-30 16:48:23', 29);
INSERT INTO `messaging_message` VALUES(36, 139, 43, 'sdsd', 'wall', '2012-04-30 16:48:24', 30);
INSERT INTO `messaging_message` VALUES(37, 139, 43, 'sdsd', 'wall', '2012-04-30 16:48:24', 31);
INSERT INTO `messaging_message` VALUES(38, 139, 43, 'sds', 'wall', '2012-04-30 16:48:25', 32);
INSERT INTO `messaging_message` VALUES(39, 139, 43, 'write a message to your family...', 'wall', '2012-04-30 16:48:25', 33);
INSERT INTO `messaging_message` VALUES(40, 139, 43, 'I''m writing this on my iPhone!', 'wall', '2012-04-30 16:48:26', 34);
INSERT INTO `messaging_message` VALUES(41, 139, 43, 'Organize upcoming trips, send congratulations, update everyone on what you''re up to, or just say hi!Organize upcoming trips, send congratulations, update everyone on what you''re up to, or just say hi!Organize upcoming trips, send congratulations, update everyone on what you''re up to, or just say hi!Organize upcoming trips, send congratulations, update everyone on what you''re up to, or just say hi!', 'wall', '2012-04-30 16:48:26', 35);
INSERT INTO `messaging_message` VALUES(42, 139, 43, 'lolololololololololololololooloololollolloolololoooololooooolooolooololololooooloooololoooollololololololololololollolololololololololololololololololololoolololololololololololololololololololololololololol', 'wall', '2012-04-30 16:48:27', 36);
INSERT INTO `messaging_message` VALUES(43, 139, 44, 'This is a dope message board', 'wall', '2012-04-30 16:48:27', 37);
INSERT INTO `messaging_message` VALUES(44, 139, 44, 'IPhone message', 'wall', '2012-04-30 16:48:28', 38);
INSERT INTO `messaging_message` VALUES(45, 121, 25, 'TEST NEW ESSAGE', 'wall', '2012-04-30 16:48:28', 39);
INSERT INTO `messaging_message` VALUES(46, 121, 25, 'This test', 'wall', '2012-04-30 16:48:29', 40);
INSERT INTO `messaging_message` VALUES(47, 121, 25, 'Gelloo', 'wall', '2012-04-30 16:48:30', 41);
INSERT INTO `messaging_message` VALUES(48, 121, 25, 'Yeah yeah yeah', 'wall', '2012-04-30 16:48:30', 42);
INSERT INTO `messaging_message` VALUES(49, 121, 25, 'Kooo', 'wall', '2012-04-30 16:48:31', 43);
INSERT INTO `messaging_message` VALUES(50, 121, 25, 'Post', 'wall', '2012-04-30 16:48:31', 44);
INSERT INTO `messaging_message` VALUES(51, 121, 25, 'OPPPP', 'wall', '2012-04-30 16:48:32', 45);
INSERT INTO `messaging_message` VALUES(52, 121, 25, 'nanan', 'wall', '2012-04-30 16:48:32', 46);
INSERT INTO `messaging_message` VALUES(53, 121, 25, 'UIn', 'wall', '2012-04-30 16:48:33', 47);
INSERT INTO `messaging_message` VALUES(54, 121, 25, 'Qin', 'wall', '2012-04-30 16:48:33', 48);
INSERT INTO `messaging_message` VALUES(55, 121, 25, 'Run', 'wall', '2012-04-30 16:48:34', 49);
INSERT INTO `messaging_message` VALUES(56, 121, 25, 'AWesome', 'wall', '2012-04-30 16:48:34', 50);
INSERT INTO `messaging_message` VALUES(57, 121, 25, 'NEw test', 'wall', '2012-04-30 16:48:35', 51);
INSERT INTO `messaging_message` VALUES(58, 121, 25, 'Test again!', 'wall', '2012-04-30 16:48:35', 52);
INSERT INTO `messaging_message` VALUES(59, 121, 25, 'Try?', 'wall', '2012-04-30 16:48:35', 53);
INSERT INTO `messaging_message` VALUES(60, 121, 25, 'Lol?', 'wall', '2012-04-30 16:48:36', 54);
INSERT INTO `messaging_message` VALUES(61, 121, 25, 'eaa', 'wall', '2012-04-30 16:48:37', 55);
INSERT INTO `messaging_message` VALUES(62, 121, 25, 'Test', 'wall', '2012-04-30 16:48:37', 56);
INSERT INTO `messaging_message` VALUES(63, 21, 11, 'this is sexy\n', 'wall', '2012-04-30 16:48:37', 57);
INSERT INTO `messaging_message` VALUES(64, 21, 11, 'poo', 'wall', '2012-04-30 16:48:38', 58);
INSERT INTO `messaging_message` VALUES(65, 121, 25, 'OMH! SHiIIII', 'wall', '2012-04-30 16:48:38', 59);
INSERT INTO `messaging_message` VALUES(66, 121, 25, 'Meow', 'wall', '2012-04-30 16:48:39', 60);
INSERT INTO `messaging_message` VALUES(67, 121, 25, 'Geni', 'wall', '2012-04-30 16:48:39', 61);
INSERT INTO `messaging_message` VALUES(68, 21, 11, 'http://wesleyzhao.com', 'wall', '2012-04-30 16:48:40', 62);
INSERT INTO `messaging_message` VALUES(69, 21, 11, 'http://ajayumehta.com', 'wall', '2012-04-30 16:48:40', 63);
INSERT INTO `messaging_message` VALUES(70, 21, 11, 'test', 'wall', '2012-04-30 16:48:41', 64);
INSERT INTO `messaging_message` VALUES(84, 21, 11, 'test comment', 'wall', NULL, 64);
INSERT INTO `messaging_message` VALUES(85, 21, 11, 'why do i suck at life', 'wall', '2012-05-23 01:09:09', 65);
INSERT INTO `messaging_message` VALUES(88, 21, 36, 'here''s another one lolol', 'wall', '2012-06-02 15:18:30', 68);
INSERT INTO `messaging_message` VALUES(89, 21, 11, 'interesting things', 'wall', '2012-06-03 16:25:29', 69);
INSERT INTO `messaging_message` VALUES(90, 21, 11, 'more interesting things', 'wall', '2012-06-03 16:25:32', 70);
INSERT INTO `messaging_message` VALUES(91, 21, 11, 'some more interesting things', 'wall', '2012-06-03 16:25:37', 71);
INSERT INTO `messaging_message` VALUES(92, 21, 11, 'Is everyone doing well?', 'wall', '2012-06-03 16:29:39', 72);
INSERT INTO `messaging_message` VALUES(93, 21, 11, 'yes we are', 'wall', '2012-06-03 16:29:41', 72);
INSERT INTO `messaging_message` VALUES(94, 21, 11, 'lolol are we?', 'wall', '2012-06-03 16:29:43', 72);
INSERT INTO `messaging_message` VALUES(95, 21, 11, 'what what what?', 'wall', '2012-06-03 16:29:46', 72);
INSERT INTO `messaging_message` VALUES(96, 21, 11, 'dsfasdf', 'wall', '2012-06-03 16:30:24', 72);
INSERT INTO `messaging_message` VALUES(97, 21, 11, 'adsf', 'wall', '2012-06-03 16:30:56', 71);

-- --------------------------------------------------------

--
-- Table structure for table `messaging_thread`
--

DROP TABLE IF EXISTS `messaging_thread`;
CREATE TABLE `messaging_thread` (
  `id` int(11) NOT NULL AUTO_INCREMENT,
  `family_id` int(11) NOT NULL,
  `date_created` datetime NOT NULL,
  `whole_family` tinyint(1) NOT NULL DEFAULT '1',
  `subject` varchar(255) DEFAULT NULL,
  `date_last_message` datetime DEFAULT NULL,
  PRIMARY KEY (`id`),
  KEY `messaging_thread_330df8aa` (`family_id`)
) ENGINE=InnoDB  DEFAULT CHARSET=utf8 AUTO_INCREMENT=73 ;

--
-- Dumping data for table `messaging_thread`
--

INSERT INTO `messaging_thread` VALUES(1, 18, '2012-04-30 16:48:10', 1, 'test post', NULL);
INSERT INTO `messaging_thread` VALUES(2, 18, '2012-04-30 16:48:10', 1, 'post test', NULL);
INSERT INTO `messaging_thread` VALUES(3, 18, '2012-04-30 16:48:11', 1, 'test [pst', NULL);
INSERT INTO `messaging_thread` VALUES(4, 18, '2012-04-30 16:48:11', 1, 'meowth', NULL);
INSERT INTO `messaging_thread` VALUES(5, 18, '2012-04-30 16:48:12', 1, 'test post', NULL);
INSERT INTO `messaging_thread` VALUES(6, 18, '2012-04-30 16:48:12', 1, 'test ajax', NULL);
INSERT INTO `messaging_thread` VALUES(7, 18, '2012-04-30 16:48:13', 1, 'test ajax', NULL);
INSERT INTO `messaging_thread` VALUES(8, 18, '2012-04-30 16:48:13', 1, 'test', NULL);
INSERT INTO `messaging_thread` VALUES(9, 18, '2012-04-30 16:48:14', 1, 'test meowth', NULL);
INSERT INTO `messaging_thread` VALUES(10, 18, '2012-04-30 16:48:14', 1, 'another test pleaseworkd', NULL);
INSERT INTO `messaging_thread` VALUES(11, 18, '2012-04-30 16:48:15', 1, 'another test pleaseworkd again lulz lulz lulz', NULL);
INSERT INTO `messaging_thread` VALUES(12, 18, '2012-04-30 16:48:15', 1, 'another test for mailgun lulz', NULL);
INSERT INTO `messaging_thread` VALUES(13, 19, '2012-04-30 16:48:16', 1, 'This is a test message. Everyone check it out.', NULL);
INSERT INTO `messaging_thread` VALUES(14, 19, '2012-04-30 16:48:16', 1, 'This is a test post. Whatup yo. This is a test post. Whatup yo. This is a test p', NULL);
INSERT INTO `messaging_thread` VALUES(15, 19, '2012-04-30 16:48:17', 1, 'Test testtest\n\nLine break. test.', NULL);
INSERT INTO `messaging_thread` VALUES(16, 18, '2012-04-30 16:48:17', 1, '', NULL);
INSERT INTO `messaging_thread` VALUES(17, 9, '2012-04-30 16:48:18', 1, 'Test test test.', NULL);
INSERT INTO `messaging_thread` VALUES(18, 9, '2012-04-30 16:48:18', 1, 'Test me up', NULL);
INSERT INTO `messaging_thread` VALUES(19, 9, '2012-04-30 16:48:19', 1, 'All about that testing.', NULL);
INSERT INTO `messaging_thread` VALUES(20, 9, '2012-04-30 16:48:19', 1, 'Testing fleep flop it up Testing fleep flop it up Testing fleep flop it up Testi', NULL);
INSERT INTO `messaging_thread` VALUES(21, 11, '2012-04-30 16:48:20', 1, 'TEST line breaks\n\ntest test test\n', NULL);
INSERT INTO `messaging_thread` VALUES(22, 11, '2012-04-30 16:48:20', 1, 'test', NULL);
INSERT INTO `messaging_thread` VALUES(23, 11, '2012-04-30 16:48:21', 1, 'test firefox post', NULL);
INSERT INTO `messaging_thread` VALUES(24, 11, '2012-04-30 16:48:21', 1, 'Test.', NULL);
INSERT INTO `messaging_thread` VALUES(25, 25, '2012-04-30 16:48:22', 1, 'hello', NULL);
INSERT INTO `messaging_thread` VALUES(26, 25, '2012-04-30 16:48:22', 1, 'Test post 2', NULL);
INSERT INTO `messaging_thread` VALUES(27, 25, '2012-04-30 16:48:23', 1, 'aaa', NULL);
INSERT INTO `messaging_thread` VALUES(28, 40, '2012-04-30 16:48:23', 1, 'Wow this is really sexy. PSYCH', NULL);
INSERT INTO `messaging_thread` VALUES(29, 43, '2012-04-30 16:48:23', 1, 'LOL this shit..', NULL);
INSERT INTO `messaging_thread` VALUES(30, 43, '2012-04-30 16:48:24', 1, 'sdsd', NULL);
INSERT INTO `messaging_thread` VALUES(31, 43, '2012-04-30 16:48:24', 1, 'sdsd', NULL);
INSERT INTO `messaging_thread` VALUES(32, 43, '2012-04-30 16:48:25', 1, 'sds', NULL);
INSERT INTO `messaging_thread` VALUES(33, 43, '2012-04-30 16:48:25', 1, 'write a message to your family...', NULL);
INSERT INTO `messaging_thread` VALUES(34, 43, '2012-04-30 16:48:26', 1, 'I''m writing this on my iPhone!', NULL);
INSERT INTO `messaging_thread` VALUES(35, 43, '2012-04-30 16:48:26', 1, 'Organize upcoming trips, send congratulations, update everyone on what you''re up', NULL);
INSERT INTO `messaging_thread` VALUES(36, 43, '2012-04-30 16:48:27', 1, 'lolololololololololololololooloololollolloolololoooololooooolooolooololololooool', NULL);
INSERT INTO `messaging_thread` VALUES(37, 44, '2012-04-30 16:48:27', 1, 'This is a dope message board', NULL);
INSERT INTO `messaging_thread` VALUES(38, 44, '2012-04-30 16:48:28', 1, 'IPhone message', NULL);
INSERT INTO `messaging_thread` VALUES(39, 25, '2012-04-30 16:48:28', 1, 'TEST NEW ESSAGE', NULL);
INSERT INTO `messaging_thread` VALUES(40, 25, '2012-04-30 16:48:29', 1, 'This test', NULL);
INSERT INTO `messaging_thread` VALUES(41, 25, '2012-04-30 16:48:30', 1, 'Gelloo', NULL);
INSERT INTO `messaging_thread` VALUES(42, 25, '2012-04-30 16:48:30', 1, 'Yeah yeah yeah', NULL);
INSERT INTO `messaging_thread` VALUES(43, 25, '2012-04-30 16:48:31', 1, 'Kooo', NULL);
INSERT INTO `messaging_thread` VALUES(44, 25, '2012-04-30 16:48:31', 1, 'Post', NULL);
INSERT INTO `messaging_thread` VALUES(45, 25, '2012-04-30 16:48:32', 1, 'OPPPP', NULL);
INSERT INTO `messaging_thread` VALUES(46, 25, '2012-04-30 16:48:32', 1, 'nanan', NULL);
INSERT INTO `messaging_thread` VALUES(47, 25, '2012-04-30 16:48:33', 1, 'UIn', NULL);
INSERT INTO `messaging_thread` VALUES(48, 25, '2012-04-30 16:48:33', 1, 'Qin', NULL);
INSERT INTO `messaging_thread` VALUES(49, 25, '2012-04-30 16:48:34', 1, 'Run', NULL);
INSERT INTO `messaging_thread` VALUES(50, 25, '2012-04-30 16:48:34', 1, 'AWesome', NULL);
INSERT INTO `messaging_thread` VALUES(51, 25, '2012-04-30 16:48:35', 1, 'NEw test', NULL);
INSERT INTO `messaging_thread` VALUES(52, 25, '2012-04-30 16:48:35', 1, 'Test again!', NULL);
INSERT INTO `messaging_thread` VALUES(53, 25, '2012-04-30 16:48:35', 1, 'Try?', NULL);
INSERT INTO `messaging_thread` VALUES(54, 25, '2012-04-30 16:48:36', 1, 'Lol?', NULL);
INSERT INTO `messaging_thread` VALUES(55, 25, '2012-04-30 16:48:37', 1, 'eaa', NULL);
INSERT INTO `messaging_thread` VALUES(56, 25, '2012-04-30 16:48:37', 1, 'Test', NULL);
INSERT INTO `messaging_thread` VALUES(57, 11, '2012-04-30 16:48:37', 1, 'this is sexy\n', NULL);
INSERT INTO `messaging_thread` VALUES(58, 11, '2012-04-30 16:48:38', 1, 'poo', NULL);
INSERT INTO `messaging_thread` VALUES(59, 25, '2012-04-30 16:48:38', 1, 'OMH! SHiIIII', NULL);
INSERT INTO `messaging_thread` VALUES(60, 25, '2012-04-30 16:48:39', 1, 'Meow', NULL);
INSERT INTO `messaging_thread` VALUES(61, 25, '2012-04-30 16:48:39', 1, 'Geni', NULL);
INSERT INTO `messaging_thread` VALUES(62, 11, '2012-04-30 16:48:40', 1, 'http://wesleyzhao.com', NULL);
INSERT INTO `messaging_thread` VALUES(63, 11, '2012-04-30 16:48:40', 1, 'http://ajayumehta.com', NULL);
INSERT INTO `messaging_thread` VALUES(64, 11, '2012-04-30 16:48:41', 1, 'test', NULL);
INSERT INTO `messaging_thread` VALUES(65, 11, '2012-05-23 01:09:09', 1, '', NULL);
INSERT INTO `messaging_thread` VALUES(68, 36, '2012-06-02 15:18:30', 1, '', NULL);
INSERT INTO `messaging_thread` VALUES(69, 11, '2012-06-03 16:25:29', 1, '', NULL);
INSERT INTO `messaging_thread` VALUES(70, 11, '2012-06-03 16:25:32', 1, '', NULL);
INSERT INTO `messaging_thread` VALUES(71, 11, '2012-06-03 16:25:37', 1, '', NULL);
INSERT INTO `messaging_thread` VALUES(72, 11, '2012-06-03 16:29:39', 1, '', NULL);

-- --------------------------------------------------------

--
-- Table structure for table `messaging_thread_participants`
--

DROP TABLE IF EXISTS `messaging_thread_participants`;
CREATE TABLE `messaging_thread_participants` (
  `id` int(11) NOT NULL AUTO_INCREMENT,
  `thread_id` int(11) NOT NULL,
  `userprofile_id` int(11) NOT NULL,
  PRIMARY KEY (`id`),
  UNIQUE KEY `messaging_thread_participants_thread_id_36289b92_uniq` (`thread_id`,`userprofile_id`),
  KEY `messaging_thread_participants_65912a8a` (`thread_id`),
  KEY `messaging_thread_participants_1be3128f` (`userprofile_id`)
) ENGINE=InnoDB DEFAULT CHARSET=utf8 AUTO_INCREMENT=1 ;

--
-- Dumping data for table `messaging_thread_participants`
--


-- --------------------------------------------------------

--
-- Table structure for table `metrics_activity`
--

DROP TABLE IF EXISTS `metrics_activity`;
CREATE TABLE `metrics_activity` (
  `id` int(11) NOT NULL AUTO_INCREMENT,
  `name` varchar(255) NOT NULL,
  `user_profile_id` int(11) DEFAULT NULL,
  `family_id` int(11) DEFAULT NULL,
  `description` varchar(255) DEFAULT NULL,
  `date_created` datetime DEFAULT NULL,
  PRIMARY KEY (`id`),
  KEY `engine_activity_52094d6e` (`name`),
  KEY `engine_activity_634d39b9` (`user_profile_id`),
  KEY `engine_activity_330df8aa` (`family_id`)
) ENGINE=InnoDB  DEFAULT CHARSET=utf8 AUTO_INCREMENT=65 ;

--
-- Dumping data for table `metrics_activity`
--

INSERT INTO `metrics_activity` VALUES(1, 'Page View', 21, 11, 'family_profile_board', NULL);
INSERT INTO `metrics_activity` VALUES(2, 'Page View', 21, 11, 'family_profile_board', NULL);
INSERT INTO `metrics_activity` VALUES(3, 'Page View', 21, 11, 'family_profile_dash', NULL);
INSERT INTO `metrics_activity` VALUES(4, 'Page View', 21, 11, 'family_profile_dash', NULL);
INSERT INTO `metrics_activity` VALUES(5, 'Page View', 21, 11, 'family_profile_board', NULL);
INSERT INTO `metrics_activity` VALUES(6, 'Page View', 21, 11, 'family_profile_board', NULL);
INSERT INTO `metrics_activity` VALUES(7, 'Page View', 21, 11, 'family_profile_board', NULL);
INSERT INTO `metrics_activity` VALUES(8, 'Page View', 21, 11, 'family_profile_board', NULL);
INSERT INTO `metrics_activity` VALUES(9, 'Page View', 21, 11, 'family_profile_board', NULL);
INSERT INTO `metrics_activity` VALUES(10, 'Page View', 21, 11, 'family_profile_board', NULL);
INSERT INTO `metrics_activity` VALUES(11, 'Page View', 21, 11, 'family_profile_board', NULL);
INSERT INTO `metrics_activity` VALUES(12, 'Page View', 21, 11, 'family_profile_board', NULL);
INSERT INTO `metrics_activity` VALUES(13, 'Page View', 21, 11, 'family_profile_board', NULL);
INSERT INTO `metrics_activity` VALUES(14, 'Page View', 21, 11, 'family_profile_board', NULL);
INSERT INTO `metrics_activity` VALUES(15, 'Page View', 21, 11, 'family_profile_board', NULL);
INSERT INTO `metrics_activity` VALUES(16, 'Login', 21, NULL, NULL, '2012-05-28 17:24:52');
INSERT INTO `metrics_activity` VALUES(17, 'Logout', 21, NULL, NULL, '2012-06-03 14:23:31');
INSERT INTO `metrics_activity` VALUES(18, 'Login', 21, NULL, NULL, '2012-06-04 17:10:56');
INSERT INTO `metrics_activity` VALUES(19, 'Login', 19, NULL, NULL, '2012-06-04 17:11:57');
INSERT INTO `metrics_activity` VALUES(20, 'Login', 19, NULL, NULL, '2012-06-04 17:12:22');
INSERT INTO `metrics_activity` VALUES(21, 'Logout', 19, NULL, NULL, '2012-06-04 17:13:00');
INSERT INTO `metrics_activity` VALUES(22, 'Login', 21, NULL, NULL, '2012-06-04 17:13:03');
INSERT INTO `metrics_activity` VALUES(23, 'Login', 21, NULL, NULL, '2012-06-04 20:00:48');
INSERT INTO `metrics_activity` VALUES(24, 'Login', 21, NULL, NULL, '2012-06-05 02:37:39');
INSERT INTO `metrics_activity` VALUES(25, 'Logout', 21, NULL, NULL, '2012-06-05 02:38:15');
INSERT INTO `metrics_activity` VALUES(26, 'Login', 21, NULL, NULL, '2012-06-05 02:40:42');
INSERT INTO `metrics_activity` VALUES(27, 'Login', 21, NULL, NULL, '2012-06-05 02:41:19');
INSERT INTO `metrics_activity` VALUES(28, 'Logout', 21, NULL, NULL, '2012-06-05 03:24:36');
INSERT INTO `metrics_activity` VALUES(29, 'Login', 21, NULL, NULL, '2012-06-05 15:03:22');
INSERT INTO `metrics_activity` VALUES(30, 'Logout', 21, NULL, NULL, '2012-06-05 18:17:47');
INSERT INTO `metrics_activity` VALUES(31, 'Login', 21, NULL, NULL, '2012-06-05 19:11:22');
INSERT INTO `metrics_activity` VALUES(32, 'Logout', 21, NULL, NULL, '2012-06-05 23:09:01');
INSERT INTO `metrics_activity` VALUES(33, 'Login', 21, NULL, NULL, '2012-06-05 23:11:11');
INSERT INTO `metrics_activity` VALUES(34, 'Logout', 21, NULL, NULL, '2012-06-08 14:55:45');
INSERT INTO `metrics_activity` VALUES(35, 'Login', 21, NULL, NULL, '2012-06-08 14:55:50');
INSERT INTO `metrics_activity` VALUES(36, 'Logout', 21, NULL, NULL, '2012-06-10 01:02:56');
INSERT INTO `metrics_activity` VALUES(37, 'Login', 21, NULL, NULL, '2012-06-10 01:33:55');
INSERT INTO `metrics_activity` VALUES(38, 'Logout', 21, NULL, NULL, '2012-06-10 02:18:50');
INSERT INTO `metrics_activity` VALUES(39, 'Login', 21, NULL, NULL, '2012-06-10 02:19:05');
INSERT INTO `metrics_activity` VALUES(40, 'Login', 21, NULL, NULL, '2012-06-11 00:16:47');
INSERT INTO `metrics_activity` VALUES(41, 'Login', 21, NULL, NULL, '2012-07-08 20:36:17');
INSERT INTO `metrics_activity` VALUES(42, 'Logout', 21, NULL, NULL, '2012-07-08 20:36:27');
INSERT INTO `metrics_activity` VALUES(43, 'Login', 21, NULL, NULL, '2012-07-08 20:36:38');
INSERT INTO `metrics_activity` VALUES(44, 'Login', 21, NULL, NULL, '2012-07-08 20:37:18');
INSERT INTO `metrics_activity` VALUES(45, 'Logout', 46, NULL, NULL, '2012-07-28 17:37:31');
INSERT INTO `metrics_activity` VALUES(46, 'Login', 46, NULL, NULL, '2012-07-28 17:37:43');
INSERT INTO `metrics_activity` VALUES(47, 'Logout', 46, NULL, NULL, '2012-07-28 17:38:02');
INSERT INTO `metrics_activity` VALUES(48, 'Login', 46, NULL, NULL, '2012-07-28 17:39:23');
INSERT INTO `metrics_activity` VALUES(49, 'Logout', 46, NULL, NULL, '2012-07-28 17:43:09');
INSERT INTO `metrics_activity` VALUES(50, 'Login', 19, NULL, NULL, '2012-07-28 17:43:21');
INSERT INTO `metrics_activity` VALUES(51, 'Logout', 19, NULL, NULL, '2012-07-31 21:40:23');
INSERT INTO `metrics_activity` VALUES(52, 'Login', 19, NULL, NULL, '2012-07-31 21:40:30');
INSERT INTO `metrics_activity` VALUES(53, 'Logout', 19, NULL, NULL, '2012-07-31 22:11:58');
INSERT INTO `metrics_activity` VALUES(54, 'Login', 19, NULL, NULL, '2012-07-31 22:20:40');
INSERT INTO `metrics_activity` VALUES(55, 'Logout', 19, NULL, NULL, '2012-08-01 03:43:59');
INSERT INTO `metrics_activity` VALUES(56, 'Login', 19, NULL, NULL, '2012-08-07 14:26:58');
INSERT INTO `metrics_activity` VALUES(57, 'Login', 21, NULL, NULL, '2012-08-07 14:27:13');
INSERT INTO `metrics_activity` VALUES(58, 'Login', 21, NULL, NULL, '2012-08-07 14:29:45');
INSERT INTO `metrics_activity` VALUES(59, 'Logout', 21, NULL, NULL, '2012-08-07 14:29:54');
INSERT INTO `metrics_activity` VALUES(60, 'Login', 19, NULL, NULL, '2012-08-07 14:30:02');
INSERT INTO `metrics_activity` VALUES(61, 'Logout', 19, NULL, NULL, '2012-08-07 14:30:15');
INSERT INTO `metrics_activity` VALUES(62, 'Login', 19, NULL, NULL, '2012-08-07 14:30:29');
INSERT INTO `metrics_activity` VALUES(63, 'Logout', 19, NULL, NULL, '2012-08-16 23:30:19');
INSERT INTO `metrics_activity` VALUES(64, 'Login', 19, NULL, NULL, '2012-08-16 23:33:36');

-- --------------------------------------------------------

--
-- Table structure for table `metrics_importantmetric`
--

DROP TABLE IF EXISTS `metrics_importantmetric`;
CREATE TABLE `metrics_importantmetric` (
  `id` int(11) NOT NULL AUTO_INCREMENT,
  `name` varchar(255) NOT NULL,
  `value` double NOT NULL,
  `specific_name` int(11) DEFAULT NULL,
  `month` int(11) DEFAULT NULL,
  `week` int(11) DEFAULT NULL,
  `description` varchar(255) DEFAULT NULL,
  `date_created` datetime DEFAULT NULL,
  PRIMARY KEY (`id`),
  KEY `metrics_importantmetric_52094d6e` (`name`),
  KEY `metrics_importantmetric_883b7b00` (`specific_name`),
  KEY `metrics_importantmetric_7abe03e0` (`month`),
  KEY `metrics_importantmetric_8b7c8e23` (`week`)
) ENGINE=InnoDB DEFAULT CHARSET=utf8 AUTO_INCREMENT=1 ;

--
-- Dumping data for table `metrics_importantmetric`
--


-- --------------------------------------------------------

--
-- Table structure for table `south_migrationhistory`
--

DROP TABLE IF EXISTS `south_migrationhistory`;
CREATE TABLE `south_migrationhistory` (
  `id` int(11) NOT NULL AUTO_INCREMENT,
  `app_name` varchar(255) NOT NULL,
  `migration` varchar(255) NOT NULL,
  `applied` datetime NOT NULL,
  PRIMARY KEY (`id`)
) ENGINE=InnoDB  DEFAULT CHARSET=utf8 AUTO_INCREMENT=147 ;

--
-- Dumping data for table `south_migrationhistory`
--

INSERT INTO `south_migrationhistory` VALUES(1, 'engine', '0001_initial', '2012-02-22 08:49:58');
INSERT INTO `south_migrationhistory` VALUES(27, 'djcelery', '0001_initial', '2012-03-08 06:18:10');
INSERT INTO `south_migrationhistory` VALUES(28, 'djcelery', '0002_v25_changes', '2012-03-08 06:18:15');
INSERT INTO `south_migrationhistory` VALUES(38, 'tastypie', '0001_initial', '2012-04-27 07:46:15');
INSERT INTO `south_migrationhistory` VALUES(67, 'family', '0001_initial', '2012-05-20 03:57:17');
INSERT INTO `south_migrationhistory` VALUES(72, 'messaging', '0001_initial', '2012-05-20 03:57:18');
INSERT INTO `south_migrationhistory` VALUES(78, 'mailer', '0001_initial', '2012-05-20 03:57:20');
INSERT INTO `south_migrationhistory` VALUES(82, 'metrics', '0001_initial', '2012-05-20 03:57:20');
INSERT INTO `south_migrationhistory` VALUES(109, 'engine', '0002_auto__add_field_inviterequest_is_accepted', '2012-07-09 03:35:02');
INSERT INTO `south_migrationhistory` VALUES(110, 'family', '0002_auto__add_field_userprofile_from_invite', '2012-07-09 03:35:02');
INSERT INTO `south_migrationhistory` VALUES(111, 'engine', '0003_auto__add_field_inviterequest_contact_accepted__add_field_invitereques', '2012-07-28 17:37:20');
INSERT INTO `south_migrationhistory` VALUES(112, 'engine', '0004_auto__add_field_inviterequest_phone_number__add_field_inviterequest_sk', '2012-07-28 17:37:21');
INSERT INTO `south_migrationhistory` VALUES(113, 'engine', '0005_auto__add_field_inviterequest_test_bucket', '2012-07-28 17:37:21');
INSERT INTO `south_migrationhistory` VALUES(114, 'family', '0003_auto__add_field_userprofile_claim_date', '2012-07-28 17:37:21');
INSERT INTO `south_migrationhistory` VALUES(115, 'family', '0004_auto__add_field_userprofile_has_tagged', '2012-07-28 17:37:21');
INSERT INTO `south_migrationhistory` VALUES(116, 'family', '0005_auto__add_field_userprofile_timezone', '2012-07-28 17:37:22');
INSERT INTO `south_migrationhistory` VALUES(117, 'family', '0006_auto__chg_field_userprofile_timezone', '2012-07-28 17:37:22');
INSERT INTO `south_migrationhistory` VALUES(118, 'family', '0007_auto__add_field_userprofile_is_subscribed_to_weekly_digest_notificatio', '2012-07-28 17:37:22');
INSERT INTO `south_migrationhistory` VALUES(119, 'metrics', '0002_auto__add_importantmetric', '2012-07-28 17:37:22');
INSERT INTO `south_migrationhistory` VALUES(120, 'tagging', '0001_initial', '2012-07-28 17:37:22');
INSERT INTO `south_migrationhistory` VALUES(121, 'engine', '0006_auto__add_lifestream__add_field_photo_lifestream', '2012-08-07 14:29:10');
INSERT INTO `south_migrationhistory` VALUES(122, 'engine', '0007_auto__add_field_comment_lifestream', '2012-08-07 14:29:10');
INSERT INTO `south_migrationhistory` VALUES(123, 'engine', '0008_auto__add_field_lifestream_unifying_id', '2012-08-07 14:29:10');
INSERT INTO `south_migrationhistory` VALUES(124, 'engine', '0009_auto__add_field_lifestream_to_family', '2012-08-07 14:29:10');
INSERT INTO `south_migrationhistory` VALUES(125, 'engine', '0010_auto__del_lifestream__chg_field_photo_lifestream__chg_field_comment_li', '2012-08-07 14:29:11');
INSERT INTO `south_migrationhistory` VALUES(126, 'life', '0001_initial', '2012-08-07 14:29:11');
INSERT INTO `south_migrationhistory` VALUES(127, 'life', '0002_auto__add_subscription', '2012-08-07 14:29:11');
INSERT INTO `south_migrationhistory` VALUES(128, 'life', '0003_rename_country_codes', '2012-08-07 14:29:11');
INSERT INTO `south_migrationhistory` VALUES(129, 'life', '0004_auto__add_field_lifestream_origin__add_field_subscription_subscription', '2012-08-07 14:29:11');
INSERT INTO `south_migrationhistory` VALUES(130, 'life', '0005_auto__del_field_subscription_id__chg_field_subscription_user_profile__', '2012-08-07 14:29:11');
INSERT INTO `south_migrationhistory` VALUES(131, 'life', '0006_auto__chg_field_subscription_region_code__chg_field_subscription_count', '2012-08-07 14:29:12');
INSERT INTO `south_migrationhistory` VALUES(132, 'life', '0007_auto__chg_field_subscription_frequency', '2012-08-07 14:29:12');
INSERT INTO `south_migrationhistory` VALUES(133, 'life', '0008_auto__del_field_subscription_timezone__chg_field_subscription_phone_nu', '2012-08-07 14:29:12');
INSERT INTO `south_migrationhistory` VALUES(134, 'life', '0009_auto__add_field_subscription_utc_preferred_time', '2012-08-07 14:29:12');
INSERT INTO `south_migrationhistory` VALUES(135, 'life', '0010_auto__add_field_subscription_date_created_text__chg_field_subscription', '2012-08-07 14:29:12');
INSERT INTO `south_migrationhistory` VALUES(136, 'life', '0011_auto__add_unique_subscription_indexed_phone_number', '2012-08-07 14:29:12');
INSERT INTO `south_migrationhistory` VALUES(137, 'life', '0012_auto__add_field_subscription_is_stopped__add_field_subscription_stoppe', '2012-08-07 14:29:13');
INSERT INTO `south_migrationhistory` VALUES(138, 'engine', '0011_auto__add_field_look_update', '2012-08-16 23:33:52');
INSERT INTO `south_migrationhistory` VALUES(139, 'life', '0013_auto__add_field_subscription_random_time', '2012-08-16 23:33:52');
INSERT INTO `south_migrationhistory` VALUES(140, 'engine', '0012_auto__add_field_love_update', '2012-08-22 08:45:40');
INSERT INTO `south_migrationhistory` VALUES(141, 'engine', '0013_rename_comment_lifestream__comment_update', '2012-08-22 08:45:41');
INSERT INTO `south_migrationhistory` VALUES(142, 'family', '0008_auto__add_field_userprofile_show_onboarding', '2012-08-22 08:45:41');
INSERT INTO `south_migrationhistory` VALUES(143, 'life', '0014_auto__add_field_subscription_number_texts_sent', '2012-08-22 08:45:41');
INSERT INTO `south_migrationhistory` VALUES(144, 'life', '0015_auto__add_textprompt__add_emailprompt', '2012-08-23 08:22:24');
INSERT INTO `south_migrationhistory` VALUES(145, 'life', '0016_auto__add_field_subscription_last_text_prompt__add_field_subscription_', '2012-08-23 08:22:24');
INSERT INTO `south_migrationhistory` VALUES(146, 'life', '0017_auto__add_field_subscription_index_custom_text', '2012-08-23 08:22:24');

-- --------------------------------------------------------

--
-- Table structure for table `tagging_tag`
--

DROP TABLE IF EXISTS `tagging_tag`;
CREATE TABLE `tagging_tag` (
  `id` int(11) NOT NULL AUTO_INCREMENT,
  `from_profile_id` int(11) NOT NULL,
  `date_created` datetime NOT NULL,
  `text` varchar(255) DEFAULT NULL,
  `tag_type` varchar(100) NOT NULL DEFAULT 'photo',
  `user_profile_id` int(11) DEFAULT NULL,
  `photo_id` int(11) DEFAULT NULL,
  PRIMARY KEY (`id`),
  KEY `tagging_tag_7d8b07c6` (`from_profile_id`),
  KEY `tagging_tag_56307eb0` (`tag_type`),
  KEY `tagging_tag_634d39b9` (`user_profile_id`),
  KEY `tagging_tag_7c6c8bb1` (`photo_id`)
) ENGINE=InnoDB DEFAULT CHARSET=utf8 AUTO_INCREMENT=1 ;

--
-- Dumping data for table `tagging_tag`
--


-- --------------------------------------------------------

--
-- Table structure for table `tastypie_apiaccess`
--

DROP TABLE IF EXISTS `tastypie_apiaccess`;
CREATE TABLE `tastypie_apiaccess` (
  `id` int(11) NOT NULL AUTO_INCREMENT,
  `identifier` varchar(255) NOT NULL,
  `url` varchar(255) NOT NULL DEFAULT '',
  `request_method` varchar(10) NOT NULL DEFAULT '',
  `accessed` int(10) unsigned NOT NULL,
  PRIMARY KEY (`id`)
) ENGINE=InnoDB DEFAULT CHARSET=utf8 AUTO_INCREMENT=1 ;

--
-- Dumping data for table `tastypie_apiaccess`
--


-- --------------------------------------------------------

--
-- Table structure for table `tastypie_apikey`
--

DROP TABLE IF EXISTS `tastypie_apikey`;
CREATE TABLE `tastypie_apikey` (
  `id` int(11) NOT NULL AUTO_INCREMENT,
  `user_id` int(11) NOT NULL,
  `key` varchar(256) NOT NULL DEFAULT '',
  `created` datetime NOT NULL DEFAULT '2012-04-27 00:46:14',
  PRIMARY KEY (`id`),
  UNIQUE KEY `user_id` (`user_id`)
) ENGINE=InnoDB DEFAULT CHARSET=utf8 AUTO_INCREMENT=1 ;

--
-- Dumping data for table `tastypie_apikey`
--


--
-- Constraints for dumped tables
--

--
-- Constraints for table `auth_group_permissions`
--
ALTER TABLE `auth_group_permissions`
  ADD CONSTRAINT `group_id_refs_id_3cea63fe` FOREIGN KEY (`group_id`) REFERENCES `auth_group` (`id`),
  ADD CONSTRAINT `permission_id_refs_id_5886d21f` FOREIGN KEY (`permission_id`) REFERENCES `auth_permission` (`id`);

--
-- Constraints for table `auth_message`
--
ALTER TABLE `auth_message`
  ADD CONSTRAINT `user_id_refs_id_650f49a6` FOREIGN KEY (`user_id`) REFERENCES `auth_user` (`id`);

--
-- Constraints for table `auth_permission`
--
ALTER TABLE `auth_permission`
  ADD CONSTRAINT `content_type_id_refs_id_728de91f` FOREIGN KEY (`content_type_id`) REFERENCES `django_content_type` (`id`);

--
-- Constraints for table `auth_user_groups`
--
ALTER TABLE `auth_user_groups`
  ADD CONSTRAINT `group_id_refs_id_f116770` FOREIGN KEY (`group_id`) REFERENCES `auth_group` (`id`),
  ADD CONSTRAINT `user_id_refs_id_7ceef80f` FOREIGN KEY (`user_id`) REFERENCES `auth_user` (`id`);

--
-- Constraints for table `auth_user_user_permissions`
--
ALTER TABLE `auth_user_user_permissions`
  ADD CONSTRAINT `permission_id_refs_id_67e79cb` FOREIGN KEY (`permission_id`) REFERENCES `auth_permission` (`id`),
  ADD CONSTRAINT `user_id_refs_id_dfbab7d` FOREIGN KEY (`user_id`) REFERENCES `auth_user` (`id`);

--
-- Constraints for table `django_admin_log`
--
ALTER TABLE `django_admin_log`
  ADD CONSTRAINT `content_type_id_refs_id_288599e6` FOREIGN KEY (`content_type_id`) REFERENCES `django_content_type` (`id`),
  ADD CONSTRAINT `user_id_refs_id_c8665aa` FOREIGN KEY (`user_id`) REFERENCES `auth_user` (`id`);

--
-- Constraints for table `djcelery_periodictask`
--
ALTER TABLE `djcelery_periodictask`
  ADD CONSTRAINT `crontab_id_refs_id_1400a18c` FOREIGN KEY (`crontab_id`) REFERENCES `djcelery_crontabschedule` (`id`),
  ADD CONSTRAINT `interval_id_refs_id_dfabcb7` FOREIGN KEY (`interval_id`) REFERENCES `djcelery_intervalschedule` (`id`);

--
-- Constraints for table `djcelery_taskstate`
--
ALTER TABLE `djcelery_taskstate`
  ADD CONSTRAINT `worker_id_refs_id_4e3453a` FOREIGN KEY (`worker_id`) REFERENCES `djcelery_workerstate` (`id`);

--
-- Constraints for table `engine_album`
--
ALTER TABLE `engine_album`
  ADD CONSTRAINT `creator_id_refs_id_75ad181c` FOREIGN KEY (`creator_id`) REFERENCES `family_userprofile` (`id`),
  ADD CONSTRAINT `family_id_refs_id_58381e39` FOREIGN KEY (`family_id`) REFERENCES `family_family` (`id`),
  ADD CONSTRAINT `thumbnail_id_refs_id_4a48faa1` FOREIGN KEY (`thumbnail_id`) REFERENCES `engine_photo` (`id`);

--
-- Constraints for table `engine_comment`
--
ALTER TABLE `engine_comment`
  ADD CONSTRAINT `update_id_refs_id_2f30b8dcbd58b0b` FOREIGN KEY (`update_id`) REFERENCES `life_lifestream` (`id`),
  ADD CONSTRAINT `from_profile_id_refs_id_5c586824` FOREIGN KEY (`from_profile_id`) REFERENCES `family_userprofile` (`id`),
  ADD CONSTRAINT `moment_id_refs_id_1294c1cb` FOREIGN KEY (`moment_id`) REFERENCES `engine_moment` (`id`),
  ADD CONSTRAINT `photo_id_refs_id_5fe602689adb196c` FOREIGN KEY (`photo_id`) REFERENCES `engine_photo` (`id`);

--
-- Constraints for table `engine_look`
--
ALTER TABLE `engine_look`
  ADD CONSTRAINT `update_id_refs_id_1876588829d538ac` FOREIGN KEY (`update_id`) REFERENCES `life_lifestream` (`id`),
  ADD CONSTRAINT `message_id_refs_id_625ea7a5` FOREIGN KEY (`message_id`) REFERENCES `messaging_message` (`id`),
  ADD CONSTRAINT `moment_id_refs_id_57231294` FOREIGN KEY (`moment_id`) REFERENCES `engine_moment` (`id`),
  ADD CONSTRAINT `photo_id_refs_id_51fe65cb` FOREIGN KEY (`photo_id`) REFERENCES `engine_photo` (`id`),
  ADD CONSTRAINT `user_profile_id_refs_id_48d6e8ed` FOREIGN KEY (`user_profile_id`) REFERENCES `family_userprofile` (`id`);

--
-- Constraints for table `engine_love`
--
ALTER TABLE `engine_love`
  ADD CONSTRAINT `update_id_refs_id_15f2bd5714c15837` FOREIGN KEY (`update_id`) REFERENCES `life_lifestream` (`id`),
  ADD CONSTRAINT `message_id_refs_id_7019fbb2` FOREIGN KEY (`message_id`) REFERENCES `messaging_message` (`id`),
  ADD CONSTRAINT `moment_id_refs_id_32acf877` FOREIGN KEY (`moment_id`) REFERENCES `engine_moment` (`id`),
  ADD CONSTRAINT `photo_id_refs_id_5f7a0018` FOREIGN KEY (`photo_id`) REFERENCES `engine_photo` (`id`),
  ADD CONSTRAINT `user_profile_id_refs_id_767f4ed0` FOREIGN KEY (`user_profile_id`) REFERENCES `family_userprofile` (`id`);

--
-- Constraints for table `engine_moment`
--
ALTER TABLE `engine_moment`
  ADD CONSTRAINT `album_id_refs_id_59d56f5f` FOREIGN KEY (`album_id`) REFERENCES `engine_album` (`id`),
  ADD CONSTRAINT `from_profile_id_refs_id_1134962a` FOREIGN KEY (`from_profile_id`) REFERENCES `family_userprofile` (`id`),
  ADD CONSTRAINT `to_family_id_refs_id_4c69c07f` FOREIGN KEY (`to_family_id`) REFERENCES `family_family` (`id`);

--
-- Constraints for table `engine_photo`
--
ALTER TABLE `engine_photo`
  ADD CONSTRAINT `lifestream_id_refs_id_6580d4f8e405b6c4` FOREIGN KEY (`lifestream_id`) REFERENCES `life_lifestream` (`id`),
  ADD CONSTRAINT `album_id_refs_id_b7d1941` FOREIGN KEY (`album_id`) REFERENCES `engine_album` (`id`),
  ADD CONSTRAINT `family_id_refs_id_341e9706` FOREIGN KEY (`family_id`) REFERENCES `family_family` (`id`),
  ADD CONSTRAINT `moment_id_refs_id_6296a584` FOREIGN KEY (`moment_id`) REFERENCES `engine_moment` (`id`),
  ADD CONSTRAINT `thumbnail_id_refs_id_3a2f8673` FOREIGN KEY (`thumbnail_id`) REFERENCES `engine_photo` (`id`),
  ADD CONSTRAINT `uploader_id_refs_id_637f152b` FOREIGN KEY (`uploader_id`) REFERENCES `family_userprofile` (`id`);

--
-- Constraints for table `family_family`
--
ALTER TABLE `family_family`
  ADD CONSTRAINT `creator_profile_id_refs_id_43781740` FOREIGN KEY (`creator_profile_id`) REFERENCES `family_userprofile` (`id`),
  ADD CONSTRAINT `route_id_refs_id_4cfd3f16` FOREIGN KEY (`route_id`) REFERENCES `mailer_emailroute` (`id`);

--
-- Constraints for table `family_familymemberrelationship`
--
ALTER TABLE `family_familymemberrelationship`
  ADD CONSTRAINT `added_by_user_id_refs_id_581766c6` FOREIGN KEY (`added_by_user_id`) REFERENCES `auth_user` (`id`),
  ADD CONSTRAINT `family_id_refs_id_3ec7e4d3` FOREIGN KEY (`family_id`) REFERENCES `family_family` (`id`),
  ADD CONSTRAINT `member_id_refs_id_61ab877a` FOREIGN KEY (`member_id`) REFERENCES `family_userprofile` (`id`);

--
-- Constraints for table `family_userprofile`
--
ALTER TABLE `family_userprofile`
  ADD CONSTRAINT `profile_photo_id_refs_id_6e225bef` FOREIGN KEY (`profile_photo_id`) REFERENCES `engine_photo` (`id`),
  ADD CONSTRAINT `user_id_refs_id_642ff33` FOREIGN KEY (`user_id`) REFERENCES `auth_user` (`id`);

--
-- Constraints for table `family_userproperty`
--
ALTER TABLE `family_userproperty`
  ADD CONSTRAINT `last_change_user_profile_id_refs_id_1e09d6ac` FOREIGN KEY (`last_change_user_profile_id`) REFERENCES `family_userprofile` (`id`),
  ADD CONSTRAINT `user_profile_id_refs_id_1e09d6ac` FOREIGN KEY (`user_profile_id`) REFERENCES `family_userprofile` (`id`);

--
-- Constraints for table `life_lifestream`
--
ALTER TABLE `life_lifestream`
  ADD CONSTRAINT `from_profile_id_refs_id_5227904ffcff82cc` FOREIGN KEY (`from_profile_id`) REFERENCES `family_userprofile` (`id`),
  ADD CONSTRAINT `to_family_id_refs_id_57b926685c7616f1` FOREIGN KEY (`to_family_id`) REFERENCES `family_family` (`id`);

--
-- Constraints for table `life_subscription`
--
ALTER TABLE `life_subscription`
  ADD CONSTRAINT `last_email_prompt_id_refs_id_6700e02ff6df5d7` FOREIGN KEY (`last_email_prompt_id`) REFERENCES `life_emailprompt` (`id`),
  ADD CONSTRAINT `last_text_prompt_id_refs_id_70c5db94db62f98d` FOREIGN KEY (`last_text_prompt_id`) REFERENCES `life_textprompt` (`id`),
  ADD CONSTRAINT `user_profile_id_refs_id_6bd62161cee0d873` FOREIGN KEY (`user_profile_id`) REFERENCES `family_userprofile` (`id`);

--
-- Constraints for table `mailer_emaileventproperty`
--
ALTER TABLE `mailer_emaileventproperty`
  ADD CONSTRAINT `email_event_id_refs_id_45ef4d0c` FOREIGN KEY (`email_event_id`) REFERENCES `mailer_emailevent` (`id`);

--
-- Constraints for table `messaging_message`
--
ALTER TABLE `messaging_message`
  ADD CONSTRAINT `from_profile_id_refs_id_72afaa2` FOREIGN KEY (`from_profile_id`) REFERENCES `family_userprofile` (`id`),
  ADD CONSTRAINT `thread_id_refs_id_70e5fb3` FOREIGN KEY (`thread_id`) REFERENCES `messaging_thread` (`id`),
  ADD CONSTRAINT `to_family_id_refs_id_412fa3f9` FOREIGN KEY (`to_family_id`) REFERENCES `family_family` (`id`);

--
-- Constraints for table `messaging_thread`
--
ALTER TABLE `messaging_thread`
  ADD CONSTRAINT `family_id_refs_id_80a7bfa` FOREIGN KEY (`family_id`) REFERENCES `family_family` (`id`);

--
-- Constraints for table `messaging_thread_participants`
--
ALTER TABLE `messaging_thread_participants`
  ADD CONSTRAINT `thread_id_refs_id_2e77eaab` FOREIGN KEY (`thread_id`) REFERENCES `messaging_thread` (`id`),
  ADD CONSTRAINT `userprofile_id_refs_id_197ab3b7` FOREIGN KEY (`userprofile_id`) REFERENCES `family_userprofile` (`id`);

--
-- Constraints for table `metrics_activity`
--
ALTER TABLE `metrics_activity`
  ADD CONSTRAINT `family_id_refs_id_b57b1f0` FOREIGN KEY (`family_id`) REFERENCES `family_family` (`id`),
  ADD CONSTRAINT `user_profile_id_refs_id_3dc3dcf5` FOREIGN KEY (`user_profile_id`) REFERENCES `family_userprofile` (`id`);

--
-- Constraints for table `tagging_tag`
--
ALTER TABLE `tagging_tag`
  ADD CONSTRAINT `from_profile_id_refs_id_4f6cae2ff31b0fd5` FOREIGN KEY (`from_profile_id`) REFERENCES `family_userprofile` (`id`),
  ADD CONSTRAINT `photo_id_refs_id_64e6230db0b0a173` FOREIGN KEY (`photo_id`) REFERENCES `engine_photo` (`id`),
  ADD CONSTRAINT `user_profile_id_refs_id_4f6cae2ff31b0fd5` FOREIGN KEY (`user_profile_id`) REFERENCES `family_userprofile` (`id`);

--
-- Constraints for table `tastypie_apikey`
--
ALTER TABLE `tastypie_apikey`
  ADD CONSTRAINT `user_id_refs_id_56bfdb62` FOREIGN KEY (`user_id`) REFERENCES `auth_user` (`id`);
